title,link,company,salary,location
"Staff iOS Engineer, Storefront",https://www.ycombinator.com/companies/doordash/jobs/uv04VyJ-staff-ios-engineer-storefront,Doordash,$119K - $252K,"San Francisco, CA, US / Seattle, WA, US"
"Engineering Manager, Storefront",https://www.ycombinator.com/companies/doordash/jobs/5BgBitd-engineering-manager-storefront,Doordash,$202K - $303K,"San Francisco, CA, US / Seattle, WA, US"
"Software Engineer, Distributed Databases",https://www.ycombinator.com/companies/doordash/jobs/Zfq9BV9-software-engineer-distributed-databases,Doordash,1+ years,Remote
"Software Engineer, Site Reliability (SRE)",https://www.ycombinator.com/companies/doordash/jobs/a00qwGR-software-engineer-site-reliability-sre,Doordash,,United States / Remote (US)
"Engineering Manager, Core Platform   ",https://www.ycombinator.com/companies/doordash/jobs/8PqP3xh-engineering-manager-core-platform,Doordash,,United States / Remote (US)
"Software Engineer, Core Platform",https://www.ycombinator.com/companies/doordash/jobs/j89qEY3-software-engineer-core-platform,Doordash,6+ years,100% Remote / Remote
Backend Engineer,https://www.ycombinator.com/companies/doordash/jobs/kfcD8ptiE-backend-engineer,Doordash,6+ years,"901 Market Floor 6, SF, CA 94105"
"Software Engineer, iOS",https://www.ycombinator.com/companies/doordash/jobs/nCcioeppx-software-engineer-ios,Doordash,6+ years,"901 Market Floor 6, SF, CA 94105"
"Software Engineer, Android",https://www.ycombinator.com/companies/doordash/jobs/BV8AJW4Tt-software-engineer-android,Doordash,3+ years,"901 Market, SF, CA 94105"
Senior Software Engineer,https://www.ycombinator.com/companies/instacart/jobs/0XJjxk4lw-senior-software-engineer,Instacart,1+ years,"San francisco, CA / Remote"
Senior Android Engineer,https://www.ycombinator.com/companies/instacart/jobs/BWkbgeYsk-senior-android-engineer,Instacart,3+ years,"San francisco, CA / Remote"
Senior iOS Engineer,https://www.ycombinator.com/companies/instacart/jobs/4uSrVZoa1-senior-ios-engineer,Instacart,3+ years,"San francisco, CA"
"Senior Software Engineer, Customers, Front End",https://www.ycombinator.com/companies/instacart/jobs/4wuq2cXZq-senior-software-engineer-customers-front-end,Instacart,3+ years,"San francisco, CA"
"Senior Software Engineer, Infrastructure",https://www.ycombinator.com/companies/instacart/jobs/7RkVA0vyi-senior-software-engineer-infrastructure,Instacart,3+ years,"San francisco, CA"
"Senior Software Engineer, Customers Back End",https://www.ycombinator.com/companies/instacart/jobs/Vc34PRHze-senior-software-engineer-customers-back-end,Instacart,3+ years,"San francisco, CA"
Android Engineer,https://www.ycombinator.com/companies/instacart/jobs/ZBDBmG17B-android-engineer,Instacart,3+ years,"San francisco, CA"
Principal Product Development Scientist,https://www.ycombinator.com/companies/notable-labs/jobs/kF9VM8qjw-principal-product-development-scientist,Notable Labs,11+ years,"Foster City, CA"
Product Development Scientist / Senior Assay Development Scientist,https://www.ycombinator.com/companies/notable-labs/jobs/ti2HBnyyd-product-development-scientist-senior-assay-development-scientist,Notable Labs,6+ years,"Foster City, CA"
Senior Software Engineer - Full Stack,https://www.ycombinator.com/companies/notable-labs/jobs/Ey5oHo8pO-senior-software-engineer-full-stack,Notable Labs,3+ years,"Foster city, CA"
Software Engineer II,https://www.ycombinator.com/companies/checkr/jobs/scD5ory-software-engineer-ii,Checkr,$147K - $173K,"San Francisco, California, United States"
Software Engineer II,https://www.ycombinator.com/companies/checkr/jobs/Xz9OuSB-software-engineer-ii,Checkr,$124K - $146K,"Denver, Colorado, United States"
Engineering Manager,https://www.ycombinator.com/companies/checkr/jobs/d5WsWsy-engineering-manager,Checkr,$189K - $263K,"San Francisco, California, United States / Denver, CO, US"
Senior Software Engineer,https://www.ycombinator.com/companies/checkr/jobs/tGndjfb-senior-software-engineer,Checkr,$183K - $215K,"San Francisco, California, United States"
Senior Software Engineer,https://www.ycombinator.com/companies/checkr/jobs/xt2Xpp3-senior-software-engineer,Checkr,$155K - $182K,"Denver, Colorado, United States"
Account Manager ,https://www.ycombinator.com/companies/clipboard-health/jobs/TcD5FDQ-account-manager,Clipboard Health,,Remote (Canada) / Remote (US)
Sales Development Representative - New Verticals,https://www.ycombinator.com/companies/clipboard-health/jobs/nPTAQEW-sales-development-representative-new-verticals,Clipboard Health,$50K - $85K,US / CA / Remote (US; CA)
Full Cycle Sales - Education,https://www.ycombinator.com/companies/clipboard-health/jobs/SqTrQ1z-full-cycle-sales-education,Clipboard Health,$65K - $95K,US / CA / Remote (US; CA)
Account Manager ,https://www.ycombinator.com/companies/clipboard-health/jobs/hOZkiRe-account-manager,Clipboard Health,,"Jersey City / Newark, NJ / Remote (US)"
Account Manager ,https://www.ycombinator.com/companies/clipboard-health/jobs/vTDpl6P-account-manager,Clipboard Health,,"Pittsburgh, PA / Remote (US)"
Senior Counsel,https://www.ycombinator.com/companies/clipboard-health/jobs/vqvV6lS-senior-counsel,Clipboard Health,,Remote / Remote (US)
Mid-Market Account Executive,https://www.ycombinator.com/companies/clipboard-health/jobs/bmpvfZT-mid-market-account-executive,Clipboard Health,,Remote / Remote (US)
Collections Account Manager - B2B,https://www.ycombinator.com/companies/clipboard-health/jobs/OEKb6Dt-collections-account-manager-b2b,Clipboard Health,$25K - $55K,CA / MX / PL / DE / GB / Remote (CA; MX; PL; DE; GB)
Client Support Specialist (Healthcare Facilities - B2B),https://www.ycombinator.com/companies/clipboard-health/jobs/EYlMYBU-client-support-specialist-healthcare-facilities-b2b,Clipboard Health,1+ years,Remote
Mid-Market Account Executive,https://www.ycombinator.com/companies/clipboard-health/jobs/sW4Fp7y-mid-market-account-executive,Clipboard Health,$150K - $210K,US / CA / Remote (US; CA)
Senior Product Manager,https://www.ycombinator.com/companies/clipboard-health/jobs/G2JbEJX0N-senior-product-manager,Clipboard Health,$140K - $275K,Remote (US)
"Account Executive, Enterprise",https://www.ycombinator.com/companies/deel/jobs/zFhSQQ0-account-executive-enterprise,Deel,6+ years,US / CA / Remote (US; CA)
"AE, Existing Business (SMB - MM - ENT)",https://www.ycombinator.com/companies/deel/jobs/nmitdpN-ae-existing-business-smb-mm-ent,Deel,3+ years,Remote (US)
SDR Manager (SMB - MM - ENT),https://www.ycombinator.com/companies/deel/jobs/uM8n02A-sdr-manager-smb-mm-ent,Deel,3+ years,Remote (US)
Sales Development Representative (SMB - MM- ENT),https://www.ycombinator.com/companies/deel/jobs/lACZX0I-sales-development-representative-smb-mm-ent,Deel,Any (new grads ok),US / CA / Remote (US; CA)
"Account Executive, MidMarket",https://www.ycombinator.com/companies/deel/jobs/sfNJy4e-account-executive-midmarket,Deel,3+ years,US / CA / Remote (US; CA)
Engineering Manager,https://www.ycombinator.com/companies/equipmentshare/jobs/vb0tMaS-engineering-manager,Equipmentshare,$120K - $170K,US / Remote (US)
Mid-level Software Engineer,https://www.ycombinator.com/companies/equipmentshare/jobs/nRmVwyu-mid-level-software-engineer,Equipmentshare,$90K - $125K,Remote (US)
Product Designer,https://www.ycombinator.com/companies/equipmentshare/jobs/UA18qDS61-product-designer,Equipmentshare,3+ years,Remote / Remote (US)
Accounting Manager,https://www.ycombinator.com/companies/faire/jobs/Sy84kI4-accounting-manager,Faire,,"San Francisco, CA"
Staff Software Engineer - Rust,https://www.ycombinator.com/companies/flock-safety/jobs/w0KUMNn-staff-software-engineer-rust,Flock Safety,$200K - $235K,US / Remote (US)
"Senior Software Engineer, Embedded Video",https://www.ycombinator.com/companies/flock-safety/jobs/SWX5bwg-senior-software-engineer-embedded-video,Flock Safety,$170K - $215K,US / Remote (US)
"Senior Software Engineer, Embedded Video",https://www.ycombinator.com/companies/flock-safety/jobs/JO2aEx0-senior-software-engineer-embedded-video,Flock Safety,$170K - $215K,US / Remote (US)
QA Test Engineer,https://www.ycombinator.com/companies/flock-safety/jobs/JohknfN-qa-test-engineer,Flock Safety,$90K - $123K,US / Remote (US)
"Senior Android Application Engineer, Devices ",https://www.ycombinator.com/companies/flock-safety/jobs/coJnAYF-senior-android-application-engineer-devices,Flock Safety,$150K - $205K,"Atlanta, GA, US / Remote (Atlanta, GA, US)"
"Senior Software Engineer, Data Pipeline",https://www.ycombinator.com/companies/flock-safety/jobs/hkuHJwA-senior-software-engineer-data-pipeline,Flock Safety,$171K - $215K,"Atlanta, GA, US / Remote (Atlanta, GA, US)"
Senior Android Systems Engineer,https://www.ycombinator.com/companies/flock-safety/jobs/6FdBSvX-senior-android-systems-engineer,Flock Safety,$150K - $190K,US / Remote (US)
"Senior Product Designer, Interactive ",https://www.ycombinator.com/companies/flock-safety/jobs/YGRaEVb-senior-product-designer-interactive,Flock Safety,$140K - $170K,"Atlanta, GA, US / Remote (Atlanta, GA, US)"
Senior Video Software Engineer,https://www.ycombinator.com/companies/flock-safety/jobs/oHQmXUR-senior-video-software-engineer,Flock Safety,$170K - $190K,"Atlanta, GA, US / Remote (Atlanta, GA, US)"
"Senior Software Engineer, Admin",https://www.ycombinator.com/companies/flock-safety/jobs/aJ6uqUO-senior-software-engineer-admin,Flock Safety,$150K - $200K,US / Remote (US)
"Staff Software Engineer, Backend",https://www.ycombinator.com/companies/flock-safety/jobs/Jw4QP7e-staff-software-engineer-backend,Flock Safety,$185K - $210K,US / Remote (US)
Linux/Android Kernel Engineer,https://www.ycombinator.com/companies/flock-safety/jobs/idhZrSI-linux-android-kernel-engineer,Flock Safety,$150K - $180K,"Remote, US / Remote (Atlanta, GA, US)"
Android Framework Engineer,https://www.ycombinator.com/companies/flock-safety/jobs/3TX1s8L-android-framework-engineer,Flock Safety,$125K - $170K,"Atlanta, GA, US / Remote (Atlanta, GA, US)"
Senior Embedded Systems Engineer ,https://www.ycombinator.com/companies/flock-safety/jobs/4ej20wJ-senior-embedded-systems-engineer,Flock Safety,$150K - $180K,"Remote, US / Remote (US)"
Staff Machine Learning Engineer ,https://www.ycombinator.com/companies/flock-safety/jobs/n8u7g2w-staff-machine-learning-engineer,Flock Safety,$190K - $240K,"Remote, US / Remote (US)"
 Senior Embedded Machine Learning Engineer ,https://www.ycombinator.com/companies/flock-safety/jobs/RA8Y9aJ-senior-embedded-machine-learning-engineer,Flock Safety,$170K - $200K,"Remote, US / Atlanta, GA, US / Remote (US)"
Software Developer ,https://www.ycombinator.com/companies/groww/jobs/HNb92j9if-software-developer,Groww,Any (new grads ok),"Bengaluru, Karnataka"
React Native Developer,https://www.ycombinator.com/companies/groww/jobs/ensP1UwH0-react-native-developer,Groww,Any (new grads ok),"Bengaluru, Karnataka"
"Senior Software Engineer, Distributed Systems (Remote-friendly but US only)",https://www.ycombinator.com/companies/mixpanel/jobs/R6Dkw4lTy-senior-software-engineer-distributed-systems-remote-friendly-but-us-only,Mixpanel,$212K - $259K,"San Francisco, CA, US / Seattle, WA, US / New York, NY, US / Remote (San Francisco, CA, US; New York, NY, US; Seattle, WA, US; CO, US; Austin, TX, US)"
"Senior Software Engineer, Fullstack (Remote-friendly but US only)",https://www.ycombinator.com/companies/mixpanel/jobs/SxGxBDpJe-senior-software-engineer-fullstack-remote-friendly-but-us-only,Mixpanel,$212K - $259K,"San Francisco, CA, US / New York, NY, US / Seattle, WA, US / Remote (San Francisco, CA, US; Seattle, WA, US; New York, NY, US; CO, US; TX, US)"
Director of Security and Compliance,https://www.ycombinator.com/companies/newfront-insurance/jobs/vQGIOIb-director-of-security-and-compliance,Newfront Insurance,$197K - $247K,"San Francisco, CA, US / San Mateo, CA, US / Remote (US)"
Brand Designer,https://www.ycombinator.com/companies/odeko/jobs/UtpXADM-brand-designer,Odeko,,Remote / Remote (US)
Senior/Staff Fullstack Engineer - Marketplace,https://www.ycombinator.com/companies/odeko/jobs/7gKd9sh-senior-staff-fullstack-engineer-marketplace,Odeko,,Remote / Remote (US)
Senior DevOps Engineer,https://www.ycombinator.com/companies/odeko/jobs/GUGWECd-senior-devops-engineer,Odeko,,Remote / Remote (US)
"Senior/Principal Engineer/Manager, Frontend Engineering",https://www.ycombinator.com/companies/razorpay/jobs/Xpdifpfmk-senior-principal-engineer-manager-frontend-engineering,Razorpay,6+ years,"Bangalore, Karnataka"
Senior Infrastructure Engineer,https://www.ycombinator.com/companies/razorpay/jobs/zUemCTA1N-senior-infrastructure-engineer,Razorpay,6+ years,Bengaluru
Senior / Principal Engineers,https://www.ycombinator.com/companies/razorpay/jobs/GQiEGb6ug-senior-principal-engineers,Razorpay,6+ years,bangalore
Customer Support Supervisor,https://www.ycombinator.com/companies/rippling/jobs/OoQFS8V-customer-support-supervisor,Rippling,6+ years,Remote
"Product Lead, Platform, Reporting & Analytics",https://www.ycombinator.com/companies/rippling/jobs/8ASPI6G-product-lead-platform-reporting-analytics,Rippling,$159K - $278K,"San Francisco, CA, US"
"Product Lead, Time Products",https://www.ycombinator.com/companies/rippling/jobs/p58OaK4-product-lead-time-products,Rippling,$141K - $247K,"San Francisco, CA, US"
"Product Design Lead, Global Payroll",https://www.ycombinator.com/companies/rippling/jobs/USJIYst-product-design-lead-global-payroll,Rippling,$138K - $242K,"New York, NY, US"
"Product Design Lead, IT Products",https://www.ycombinator.com/companies/rippling/jobs/7A5Rnn5-product-design-lead-it-products,Rippling,$159K - $278K,"San Francisco, CA, US / New York, NY, US / Seattle, WA, US"
Staff Full Stack (Backend) Software Engineer - Time Products,https://www.ycombinator.com/companies/rippling/jobs/5y45Fqp-staff-full-stack-backend-software-engineer-time-products,Rippling,$162K - $284K,"San Francisco, CA, US"
Senior Customer Engineer,https://www.ycombinator.com/companies/rippling/jobs/NLjkT5z-senior-customer-engineer,Rippling,$126K - $221K,"San Francisco, CA, US"
"Senior Manager, Customer Engineering",https://www.ycombinator.com/companies/rippling/jobs/HVdWgir-senior-manager-customer-engineering,Rippling,$156K - $273K,"San Francisco, CA, US"
"Director of Product Management, Platform",https://www.ycombinator.com/companies/rippling/jobs/qirH7DW-director-of-product-management-platform,Rippling,$180K - $315K,"San Francisco, CA, US"
Senior Engineering Manager - HRIS Company Team,https://www.ycombinator.com/companies/rippling/jobs/RX6uLCL-senior-engineering-manager-hris-company-team,Rippling,$186K - $326K,"San Francisco, CA, US"
"Account Executive, Mid Market - Central",https://www.ycombinator.com/companies/rippling/jobs/dZJD77T-account-executive-mid-market-central,Rippling,$215K,"Austin, TX, US"
"Account Executive, Mid Market - WEST",https://www.ycombinator.com/companies/rippling/jobs/TIEoAOi-account-executive-mid-market-west,Rippling,$215K,"San Francisco, CA, US"
"Account Executive, Mid Market - EAST",https://www.ycombinator.com/companies/rippling/jobs/VRiSVvs-account-executive-mid-market-east,Rippling,$215K,"New York, NY, US"
"Sales Manager, SMB - IT Cloud",https://www.ycombinator.com/companies/rippling/jobs/rT7aZDh-sales-manager-smb-it-cloud,Rippling,3+ years,"Bengaluru, KA, IN"
Customer Support Specialist,https://www.ycombinator.com/companies/rippling/jobs/Ce9hyDF-customer-support-specialist,Rippling,₹950K - ₹960K INR,"Bengaluru, KA, IN"
"Senior Engineering Manager, Platform ",https://www.ycombinator.com/companies/scale-ai/jobs/iu4D1Yn-senior-engineering-manager-platform,Scale Ai,$213K - $265K,"San Francisco, CA and New York / Seattle, WA, US"
"Account Executive, Strategic - Financial Services/Insurance",https://www.ycombinator.com/companies/scale-ai/jobs/CpEd2f3-account-executive-strategic-financial-services-insurance,Scale Ai,$125K - $175K,"New York, San Francisco, Seattle, Washington DC, or Remote / Remote (US)"
Account Executive: Lead - eCommerce,https://www.ycombinator.com/companies/scale-ai/jobs/HeWDhtt-account-executive-lead-ecommerce,Scale Ai,$125K - $175K,"New York, San Francisco, Seattle, Washington DC, or Remote / Remote (US)"
Account Executive: Global Accounts,https://www.ycombinator.com/companies/scale-ai/jobs/OBC6BJC-account-executive-global-accounts,Scale Ai,$125K - $175K,"New York, San Francisco, Seattle, Washington DC, or Remote / Remote (US)"
Account Executive - Automotive,https://www.ycombinator.com/companies/scale-ai/jobs/GElIDCC-account-executive-automotive,Scale Ai,$125K - $175K,"US, Europe, Asia, and/or Remote / Remote (US)"
Strategic Product Manager,https://www.ycombinator.com/companies/scale-ai/jobs/OuGucdK-strategic-product-manager,Scale Ai,$150K - $220K,"San Francisco, CA / New York, NY"
Product Manager,https://www.ycombinator.com/companies/smartasset/jobs/rfaA2Ac-product-manager,Smartasset,$99K - $175K,US / Remote (US)
Senior Software Engineer,https://www.ycombinator.com/companies/smartasset/jobs/voUhWim-senior-software-engineer,Smartasset,$117K - $210K,US / Remote (US)
"Head of Engineering, Identity Graph",https://www.ycombinator.com/companies/stripe/jobs/yaLKuLq-head-of-engineering-identity-graph,Stripe,11+ years,San Francisco  / Remote
"Machine Learning Engineer, Identity",https://www.ycombinator.com/companies/stripe/jobs/9d8GGVs-machine-learning-engineer-identity,Stripe,6+ years,San Francisco  / Remote
"Frontend Engineer, Identity",https://www.ycombinator.com/companies/stripe/jobs/jdBhPmD-frontend-engineer-identity,Stripe,6+ years,United States / Remote
Senior Software Engineer,https://www.ycombinator.com/companies/webflow/jobs/f6mP23DLZ-senior-software-engineer,Webflow,3+ years,"San Francisco, CA or Remote (US Only) / Remote"
Quality Assurance Manager ,https://www.ycombinator.com/companies/webflow/jobs/g64Qosx6L-quality-assurance-manager,Webflow,3+ years,"San francisco, CA or Remote (US Only) / Remote (US)"
Senior Software Engineer,https://www.ycombinator.com/companies/webflow/jobs/dpOreCP6x-senior-software-engineer,Webflow,3+ years,"San francisco, CA / Remote"
"Software Engineer, Search and Discovery Platform",https://www.ycombinator.com/companies/whatnot/jobs/RmeBmAy-software-engineer-search-and-discovery-platform,Whatnot,$215K - $245K,"San Francisco, CA, US / Los Angeles, CA, US / Seattle, WA, US / New York, NY, US / Remote"
"Frontend Engineer, Customer Experience",https://www.ycombinator.com/companies/whatnot/jobs/ahUpZwM-frontend-engineer-customer-experience,Whatnot,$185K - $245K,"Remote (Seattle, WA, US; San Francisco, CA, US; New York, NY, US; Los Angeles, CA, US)"
"Android Engineer, Risk",https://www.ycombinator.com/companies/whatnot/jobs/WgNPAgi-android-engineer-risk,Whatnot,$185K - $245K,"Remote (San Francisco, CA, US; Seattle, WA, US; New York, NY, US; Los Angeles, CA, US)"
"Software Engineer, Recommendation Systems",https://www.ycombinator.com/companies/whatnot/jobs/s4C94H2-software-engineer-recommendation-systems,Whatnot,$185K - $245K,"Los Angeles, CA, US / San Francisco, CA, US / New York, NY, US / Remote (US; CA)"
Identity and Access Management Architect - Ireland,https://www.ycombinator.com/companies/whatnot/jobs/BBJJVyI-identity-and-access-management-architect-ireland,Whatnot,6+ years,"Dublin, D, IE / Remote (Dublin, D, IE)"
Identity and Access Management Architect,https://www.ycombinator.com/companies/whatnot/jobs/SF8URHZ-identity-and-access-management-architect,Whatnot,$215K - $285K,Remote
"Software Engineer, Infrastructure - Dublin, Ireland/Kraków, Poland",https://www.ycombinator.com/companies/whatnot/jobs/wDrjDCt-software-engineer-infrastructure-dublin-ireland-krakow-poland,Whatnot,6+ years,"Dublin, D, IE / Kraków, Lesser Poland Voivodeship, PL / Remote (Dublin, D, IE; Kraków, Lesser Poland Voivodeship, PL)"
"iOS Engineer, Risk",https://www.ycombinator.com/companies/whatnot/jobs/R7dor43-ios-engineer-risk,Whatnot,$185K - $245K,"Remote (San Francisco, CA, US; Los Angeles, CA, US; Seattle, WA, US; New York, NY, US)"
"Fullstack Engineer, Community",https://www.ycombinator.com/companies/whatnot/jobs/BKmptzP-fullstack-engineer-community,Whatnot,$185K - $245K,"Remote (San Francisco, CA, US; Seattle, WA, US; New York, NY, US; Los Angeles, CA, US)"
"Software Engineer, Developer Productivity",https://www.ycombinator.com/companies/whatnot/jobs/SeFlBBK-software-engineer-developer-productivity,Whatnot,$185K - $245K,"San Francisco, CA, US / New York, NY, US / Los Angeles, CA, US / Seattle, WA, US / Remote (San Francisco, CA, US; New York, NY, US; Los Angeles, CA, US; Seattle, WA, US)"
"Software Engineer, Infrastructure",https://www.ycombinator.com/companies/whatnot/jobs/fwPQGwT-software-engineer-infrastructure,Whatnot,$185K - $245K,Remote - North America / Remote (US)
"Software Engineer, Machine Learning",https://www.ycombinator.com/companies/whatnot/jobs/0ySWf4b-software-engineer-machine-learning,Whatnot,6+ years,Remote - North America / Remote (US; CA)
Senior Data Engineer,https://www.ycombinator.com/companies/tovala/jobs/e8jKO4i-senior-data-engineer,Tovala,,"Chicago, IL"
Lead Manufacturing Engineer,https://www.ycombinator.com/companies/isono-health/jobs/QzLjpZG-lead-manufacturing-engineer,Isono Health,$70K - $140K,South San Francisco
Senior Software Engineer,https://www.ycombinator.com/companies/isono-health/jobs/oNuuvEXnq-senior-software-engineer,Isono Health,3+ years,"South San francisco, CA / Remote (US)"
"Research Scientist, Voice",https://www.ycombinator.com/companies/deepgram/jobs/0wGOyli-research-scientist-voice,Deepgram,$150K - $230K,US / Remote (US)
Staff Software Engineer,https://www.ycombinator.com/companies/lattice/jobs/wpthM41v8-staff-software-engineer,Lattice,6+ years,Remote
Senior / Staff Video Software Engineer,https://www.ycombinator.com/companies/mux/jobs/rHAoiVh-senior-staff-video-software-engineer,Mux,$195K - $240K,"San Francisco, CA, US / Remote (US)"
Senior Software Engineer (iOS),https://www.ycombinator.com/companies/eight-sleep/jobs/xRg2b83-senior-software-engineer-ios,Eight Sleep,$180K - $210K,"New York, NY, US / San Francisco, CA, US / Boston, MA, US / Remote (US)"
Recruiter,https://www.ycombinator.com/companies/eight-sleep/jobs/ZgOoJDW-recruiter,Eight Sleep,,New York - HQ
Technical Recruiter,https://www.ycombinator.com/companies/eight-sleep/jobs/zbm8uxY-technical-recruiter,Eight Sleep,$130K - $150K,"San Francisco, CA or New York, NY"
Electrical Engineer,https://www.ycombinator.com/companies/eight-sleep/jobs/zSzyeLw-electrical-engineer,Eight Sleep,$160K - $200K,San Francisco
Lifecycle Marketing Manager,https://www.ycombinator.com/companies/eight-sleep/jobs/foAysvA-lifecycle-marketing-manager,Eight Sleep,$85K - $100K,Remote - US / Remote (US)
Product Manager,https://www.ycombinator.com/companies/eight-sleep/jobs/PCa2ZKc-product-manager,Eight Sleep,$140K - $180K,New York - HQ
Director of Talent ,https://www.ycombinator.com/companies/eight-sleep/jobs/txcv0V9-director-of-talent,Eight Sleep,$180K - $200K,New York - HQ
"Technical Program Manager, Hardware",https://www.ycombinator.com/companies/eight-sleep/jobs/Mrjo9zf-technical-program-manager-hardware,Eight Sleep,$160K - $200K,San Francisco
Director of Business Operations,https://www.ycombinator.com/companies/eight-sleep/jobs/MuVWDOD-director-of-business-operations,Eight Sleep,$150K - $180K,"New York, NY, US"
International Paid Media Manager,https://www.ycombinator.com/companies/eight-sleep/jobs/c7rS15P-international-paid-media-manager,Eight Sleep,,Remote - UK or Europe / Remote (US)
Full Stack Engineer - Web Focus,https://www.ycombinator.com/companies/eight-sleep/jobs/slZD7gD-full-stack-engineer-web-focus,Eight Sleep,$50K - $60K,GB / IT / MX / BR / TR / AR / CL / NL / Remote (GB; IT; MX; BR; TR; AR; CL; NL)
Senior Software Engineer - Backend,https://www.ycombinator.com/companies/eight-sleep/jobs/QASiPxJwd-senior-software-engineer-backend,Eight Sleep,$150K - $220K,"New York, NY / Remote"
MBA Growth Intern ,https://www.ycombinator.com/companies/instawork/jobs/Pv1GbVe-mba-growth-intern,Instawork,,"Chicago, Illinois, United States"
GTM Strategy & Analytics Manager,https://www.ycombinator.com/companies/instawork/jobs/1n5wKvz-gtm-strategy-analytics-manager,Instawork,,"Chicago, Illinois, United States"
GTM Strategy & Analytics Manager,https://www.ycombinator.com/companies/instawork/jobs/dnZglmB-gtm-strategy-analytics-manager,Instawork,,"San Francisco, California, United States"
Executive Assistant to the CEO,https://www.ycombinator.com/companies/instawork/jobs/fVJlHcN-executive-assistant-to-the-ceo,Instawork,,"San Francisco, California, United States"
Sales Compensation Manager,https://www.ycombinator.com/companies/instawork/jobs/KOEPNgN-sales-compensation-manager,Instawork,,"San Francisco, California, United States"
GTM Strategy & Analytics Manager,https://www.ycombinator.com/companies/instawork/jobs/4IB2juK-gtm-strategy-analytics-manager,Instawork,,"Chicago, Illinois, United States"
GTM Strategy & Analytics Manager,https://www.ycombinator.com/companies/instawork/jobs/WQDUOMc-gtm-strategy-analytics-manager,Instawork,,"San Francisco, California, United States"
Staff / Principal ML Engineer,https://www.ycombinator.com/companies/instawork/jobs/Qkt7iii-staff-principal-ml-engineer,Instawork,,"San Francisco, California, United States / Remote (US)"
"Manager, Trust & Safety - Escalations",https://www.ycombinator.com/companies/instawork/jobs/Op5BmQw-manager-trust-safety-escalations,Instawork,,"San Francisco, California, United States"
Revenue Operations & Analytics Associate,https://www.ycombinator.com/companies/instawork/jobs/OOOVces-revenue-operations-analytics-associate,Instawork,,"Chicago, Illinois, United States"
Enterprise Account Manager,https://www.ycombinator.com/companies/instawork/jobs/95d6pYy-enterprise-account-manager,Instawork,,"Chicago, Illinois, United States"
Enterprise Account Manager,https://www.ycombinator.com/companies/instawork/jobs/xEQt2nH-enterprise-account-manager,Instawork,,"San Francisco, California, United States"
Enterprise Account Executive,https://www.ycombinator.com/companies/instawork/jobs/6DRfvQq-enterprise-account-executive,Instawork,,"Remote, United States / Remote (US)"
QA Automation Lead,https://www.ycombinator.com/companies/instawork/jobs/uBfRQ7T-qa-automation-lead,Instawork,6+ years,"Bengaluru, KA, IN"
Head of Data Science / Machine Learning,https://www.ycombinator.com/companies/instawork/jobs/tBoDihy-head-of-data-science-machine-learning,Instawork,,"San Francisco, California, United States / Remote (US)"
Lead Product Designer,https://www.ycombinator.com/companies/instawork/jobs/53Xk2Tk-lead-product-designer,Instawork,,Singapore
Enterprise Account Executive,https://www.ycombinator.com/companies/instawork/jobs/mhQkI3c-enterprise-account-executive,Instawork,,"Chicago, Illinois, United States / Remote (US)"
Enterprise Support Specialist,https://www.ycombinator.com/companies/instawork/jobs/5rjQjIB-enterprise-support-specialist,Instawork,,"Bengaluru, Karnataka, India"
Staff Software Engineer,https://www.ycombinator.com/companies/instawork/jobs/qEEC8KN-staff-software-engineer,Instawork,,"San Francisco, California, United States / Remote (US)"
Senior Account Executive,https://www.ycombinator.com/companies/instawork/jobs/JAXspOA-senior-account-executive,Instawork,$1,Remote (US)
Sales Director,https://www.ycombinator.com/companies/bitmovin/jobs/SPlTI7FBv-sales-director,Bitmovin,3+ years,United States / Remote
Senior Software Engineer - Platform,https://www.ycombinator.com/companies/xendit/jobs/OO1OrKOtc-senior-software-engineer-platform,Xendit,6+ years,Remote
Senior iOS Developer,https://www.ycombinator.com/companies/shape-shapescale/jobs/JnctVH9-senior-ios-developer,Shape Shapescale,$140K - $160K,"San Francisco, CA, US"
Full Stack Engineer,https://www.ycombinator.com/companies/givecampus/jobs/NJQAJaLHz-full-stack-engineer,Givecampus,$120K - $200K,"DC, SF, and remote / Remote (US)"
Senior GenAI Engineer - US & Canada (Remote),https://www.ycombinator.com/companies/tesorio/jobs/Ans4UYg-senior-genai-engineer-us-canada-remote,Tesorio,$140K - $200K,US / CA / Remote (US; CA)
Senior GenAI Engineer,https://www.ycombinator.com/companies/tesorio/jobs/8TgRncI-senior-genai-engineer,Tesorio,$96K - $114K,"Remote (US, Canada, Latam) / Remote (AR; BO; CL; CO; CR; CU; DO; EC; SV; GT; HN; MX; NI; PA; PY; PE; UY; VE; BR)"
Senior Backend Engineer - LATAM (Remote),https://www.ycombinator.com/companies/tesorio/jobs/Si3TEyE-senior-backend-engineer-latam-remote,Tesorio,$90K - $105K,Remote (Latam Only) / Remote (AR; BO; CL; CO; CR; CU; DO; EC; SV; GT; HN; MX; NI; PA; PY; PE; UY; VE; BR)
Enterprise Technical Support Analyst,https://www.ycombinator.com/companies/agilemd/jobs/vYB4N8Q-enterprise-technical-support-analyst,Agilemd,$60K - $110K,"San Francisco, CA / Remote"
Senior Mechanical Engineer (2025),https://www.ycombinator.com/companies/reach-labs/jobs/C5WMi8c-senior-mechanical-engineer-2025,Reach Labs,,"Redwood City, CA"
Hardware Engineer (2025),https://www.ycombinator.com/companies/reach-labs/jobs/23UT9NN-hardware-engineer-2025,Reach Labs,,"Redwood City, CA"
Professional Services Engineer,https://www.ycombinator.com/companies/heroic-labs/jobs/ZR7VAtP-professional-services-engineer,Heroic Labs,3+ years,"London, UK / PT / Remote"
Server Engineer,https://www.ycombinator.com/companies/heroic-labs/jobs/6rw6C8rsZ-server-engineer,Heroic Labs,$80 - $120,"London, UK / Remote (US)"
Lead Principal Engineer,https://www.ycombinator.com/companies/snapmagic/jobs/cU7g2O2-lead-principal-engineer,Snapmagic,$210K - $240K,"Redwood City, CA, US"
Business Operations Manager,https://www.ycombinator.com/companies/snapmagic/jobs/HTv1msL-business-operations-manager,Snapmagic,$120K - $180K,"Redwood City, CA, US / San Francisco, CA, US"
Enterprise Account Executive,https://www.ycombinator.com/companies/snapmagic/jobs/GWuieQc-enterprise-account-executive,Snapmagic,$200K - $300K,"Redwood City, CA, US"
ABX Marketing Manager,https://www.ycombinator.com/companies/scope-ar/jobs/Ib5SOf7-abx-marketing-manager,Scope Ar,$100K - $150K,"San Francisco, CA"
Inside Sales Representative,https://www.ycombinator.com/companies/scope-ar/jobs/VdaISR7-inside-sales-representative,Scope Ar,,Remote / Remote (US)
Staff Product Designer,https://www.ycombinator.com/companies/ironclad/jobs/H6eUNEC-staff-product-designer,Ironclad,$189K - $231K,"San Francisco, CA / New York, NY, US / Remote (US)"
"Senior Software Engineer, AI",https://www.ycombinator.com/companies/ironclad/jobs/rToqqLc-senior-software-engineer-ai,Ironclad,$126K - $175K,"San Francisco, CA, US / Indianapolis, IN, US / New York, NY, US / Remote (US)"
Legal Engineer (Aka Implementation Engineer),https://www.ycombinator.com/companies/ironclad/jobs/XGeiq0M-legal-engineer-aka-implementation-engineer,Ironclad,$96K - $136K,"San Francisco, CA, US / Indianapolis, IN, US / New York, NY, US / Remote (US)"
Senior Backend Software Engineer,https://www.ycombinator.com/companies/lugg/jobs/FdpmpdACL-senior-backend-software-engineer,Lugg,$100K - $200K,Remote
"Senior Software Engineer, Infrastructure",https://www.ycombinator.com/companies/mashgin/jobs/nhIQSKq-senior-software-engineer-infrastructure,Mashgin,$225K - $350K,"Palo Alto, CA"
"Senior Software Engineer, Backend",https://www.ycombinator.com/companies/mashgin/jobs/kOoM7gQ-senior-software-engineer-backend,Mashgin,$225K - $350K,"Palo Alto, CA"
"Software Engineer, Computer Vision and Deep Learning",https://www.ycombinator.com/companies/mashgin/jobs/Lwg6Tpa-software-engineer-computer-vision-and-deep-learning,Mashgin,6+ years,"Palo Alto, CA"
"Senior Software Engineer, Full-Stack",https://www.ycombinator.com/companies/mashgin/jobs/BaWLmBF-senior-software-engineer-full-stack,Mashgin,6+ years,"Palo Alto, CA"
Senior Fullstack Engineer,https://www.ycombinator.com/companies/nimblerx/jobs/hlWwuXa-senior-fullstack-engineer,Nimblerx,$200K - $225K,"Redwood City, CA"
Senior Fullstack Engineer,https://www.ycombinator.com/companies/nimblerx/jobs/PVM7eUE-senior-fullstack-engineer,Nimblerx,$184K - $207K CAD,Toronto
Senior Backend Engineer,https://www.ycombinator.com/companies/nimblerx/jobs/pun7eqr-senior-backend-engineer,Nimblerx,$200K - $225K,"Redwood City, CA"
Senior Backend Engineer,https://www.ycombinator.com/companies/nimblerx/jobs/RfYOJYz-senior-backend-engineer,Nimblerx,$184K - $207K CAD,Toronto
Staff UI Engineer,https://www.ycombinator.com/companies/streak/jobs/m9TkzXv-staff-ui-engineer,Streak,$150K - $300K,US / CA / MX / Remote (US; CA; MX)
Senior Engineer (Full-Stack),https://www.ycombinator.com/companies/meadow/jobs/3S3NdCj77-senior-engineer-full-stack,Meadow,3+ years,"San francisco, CA"
"Nonprofit Solution Consultant (Hiring in NY, NJ, GA, CA states only)",https://www.ycombinator.com/companies/giveffect/jobs/sxgzM5S-nonprofit-solution-consultant-hiring-in-ny-nj-ga-ca-states-only,Giveffect,$85K - $115K,"NY, US / NJ, US / GA, US / CA, US / Remote (NY, US; NJ, US; GA, US; CA, US)"
Senior Front End Engineer,https://www.ycombinator.com/companies/tempo/jobs/Rudg0BkZ2-senior-front-end-engineer,Tempo,3+ years,"San Francisco, CA"
Machine Learning Engineer,https://www.ycombinator.com/companies/tempo/jobs/9yHUaZmrv-machine-learning-engineer,Tempo,$100K - $200K,"San Francisco, CA"
Sr Computer Vision Engineer,https://www.ycombinator.com/companies/tempo/jobs/FR3MyA3YL-sr-computer-vision-engineer,Tempo,$180K - $225K,"San Francisco, CA"
" Partner Manager, Technology & Cloud",https://www.ycombinator.com/companies/onesignal/jobs/XJ8I6px-partner-manager-technology-cloud,Onesignal,,"CA, NY, PA, TX, UT, WA / Remote (US)"
Customer Success Manager,https://www.ycombinator.com/companies/onesignal/jobs/9NmXXAZ-customer-success-manager,Onesignal,,"NY, PA, or TX / Remote (US)"
"Staff Engineer, Platform/ SRE ",https://www.ycombinator.com/companies/onesignal/jobs/YsWq1qY-staff-engineer-platform-sre,Onesignal,,United Kingdom (Remote) / Remote (US)
"Staff Software Engineer, Fullstack ",https://www.ycombinator.com/companies/onesignal/jobs/DNhTi7U-staff-software-engineer-fullstack,Onesignal,,United States (Remote) / Remote (US)
"Senior or Staff Software Engineer, Backend ",https://www.ycombinator.com/companies/onesignal/jobs/BOlyPRY-senior-or-staff-software-engineer-backend,Onesignal,,United States (Remote) / Remote (US)
"Account Executive, Commercial",https://www.ycombinator.com/companies/onesignal/jobs/YtOGW79-account-executive-commercial,Onesignal,,"San Mateo, CA or New York / Remote (US)"
Senior Product Marketing Manager,https://www.ycombinator.com/companies/onesignal/jobs/tbuOPw7-senior-product-marketing-manager,Onesignal,,United States (Remote) / Remote (US)
"Account Executive, Mid-Market ",https://www.ycombinator.com/companies/onesignal/jobs/7a9er7r-account-executive-mid-market,Onesignal,,"San Mateo, CA or New York / Remote (US)"
Strategic Account Executive,https://www.ycombinator.com/companies/onesignal/jobs/gqTe9J7-strategic-account-executive,Onesignal,,"CA, NY, PA, TX, UT, WA / Remote (US)"
Go-to-Market Growth Lead,https://www.ycombinator.com/companies/bright/jobs/uH9J036-go-to-market-growth-lead,Bright,$36K - $144K,"MX / Guadalajara, Jal., MX / Monterrey, N.L., MX / Remote (MX)"
Head of Paid Social,https://www.ycombinator.com/companies/magic/jobs/8VAGHcJ-head-of-paid-social,Magic,$65K - $80K,Remote (US)
Senior Data Platform Engineer,https://www.ycombinator.com/companies/qventus/jobs/1wgiiM6-senior-data-platform-engineer,Qventus,$150K - $185K,"Remote, United States / Remote (US)"
Technical Product Architect,https://www.ycombinator.com/companies/qventus/jobs/JhL6fZ0-technical-product-architect,Qventus,$130K - $160K,"Remote, United States / Remote (US)"
Senior Infrastructure Engineer,https://www.ycombinator.com/companies/front/jobs/WHL9E1hjg-senior-infrastructure-engineer,Front,3+ years,"Paris, France / Remote"
Senior Customer Success Engineer,https://www.ycombinator.com/companies/apollo/jobs/PY96GgC-senior-customer-success-engineer,Apollo,3+ years,Remote / Remote (United States)
Enterprise Sales Executive - West,https://www.ycombinator.com/companies/apollo/jobs/XEVeYqZ-enterprise-sales-executive-west,Apollo,6+ years,Remote / Remote
AI Engineer,https://www.ycombinator.com/companies/picnichealth/jobs/hTP151z-ai-engineer,Picnichealth,$180K - $220K,"San Francisco, Remote / Remote (US)"
Product Engineer,https://www.ycombinator.com/companies/picnichealth/jobs/YSaW0nO-product-engineer,Picnichealth,$160K - $180K,"San Francisco, Remote / Remote (US)"
Blockchain Engineer,https://www.ycombinator.com/companies/hiro-systems/jobs/QXDWQ9l-blockchain-engineer,Hiro Systems,$160K - $200K,US / CA / ES / PT / NL / RO / Remote (US; CA; ES; PT; NL; RO)
"Product Engineer, Work at a Startup",https://www.ycombinator.com/companies/y-combinator/jobs/dUJA6i7-product-engineer-work-at-a-startup,Y Combinator,$180K - $270K,"San Francisco, CA, US"
Account Development Representative ,https://www.ycombinator.com/companies/piinpoint/jobs/VMpSLE7-account-development-representative,Piinpoint,$60K - $70K CAD,"Remote (Kitchener, ON, CA)"
"Sr. Software Engineer, Java",https://www.ycombinator.com/companies/axoni/jobs/aQvuNqx-sr-software-engineer-java,Axoni,$100K - $175K,Remote (US)
"Senior Engineer, Scala",https://www.ycombinator.com/companies/axoni/jobs/Cvn8atESP-senior-engineer-scala,Axoni,$100K - $175K,"New York, NY, US / Remote (US)"
Deputy General Counsel ,https://www.ycombinator.com/companies/wefunder/jobs/lSjjKFz-deputy-general-counsel,Wefunder,$170K - $190K,"San Francisco, CA, US"
Head of Community Rounds,https://www.ycombinator.com/companies/wefunder/jobs/oHYP6Yz-head-of-community-rounds,Wefunder,$125K - $180K,"San Francisco, CA, US"
Fundraising Lead,https://www.ycombinator.com/companies/wefunder/jobs/4aFt6GN-fundraising-lead,Wefunder,1+ years,"San Francisco, CA, US"
"Full Stack, Senior Software Engineer",https://www.ycombinator.com/companies/wefunder/jobs/oC8Vfe1-full-stack-senior-software-engineer,Wefunder,1+ years,"San Francisco, CA, US"
Professional Founder Finder,https://www.ycombinator.com/companies/wefunder/jobs/0muSUCa-professional-founder-finder,Wefunder,1+ years,"San Francisco, CA, US"
Business Development Intern to Hire ,https://www.ycombinator.com/companies/wefunder/jobs/wgJsmcE-business-development-intern-to-hire,Wefunder,$25,"San Francisco, CA, US"
Internship – June to Dec 2025,https://www.ycombinator.com/companies/wefunder/jobs/FopPovG-internship-june-to-dec-2025,Wefunder,$25,San Francisco
Senior Product Manager,https://www.ycombinator.com/companies/simplyinsured/jobs/gTamx6x-senior-product-manager,Simplyinsured,3+ years,"San Francisco, CA / Lehi, UT (Remote OK) / Remote (US)"
Quality Assurance Engineer,https://www.ycombinator.com/companies/simplyinsured/jobs/RYFME0K-quality-assurance-engineer,Simplyinsured,,San Francisco
Quality Assurance Engineer,https://www.ycombinator.com/companies/simplyinsured/jobs/kDiTXOm-quality-assurance-engineer,Simplyinsured,,San Francisco
Full Stack Engineer,https://www.ycombinator.com/companies/simplyinsured/jobs/cjlGNwdLa-full-stack-engineer,Simplyinsured,$130 - $180,"San francisco, CA / Remote (US)"
Senior Full-Stack Software Engineer,https://www.ycombinator.com/companies/simplyinsured/jobs/GIuqXjWOr-senior-full-stack-software-engineer,Simplyinsured,$140K - $180K,"San francisco, CA / Remote (US)"
FULL STACK ENGINEER,https://www.ycombinator.com/companies/circuithub/jobs/MoiBgjLeX-full-stack-engineer,Circuithub,3+ years,"41 Corsham Street, London / Remote (US)"
Senior Software Engineer,https://www.ycombinator.com/companies/etleap/jobs/Hn3ycbC-senior-software-engineer,Etleap,$65K - $95K,"London, England, GB"
Customer Success Manager,https://www.ycombinator.com/companies/etleap/jobs/0xd9Jwm-customer-success-manager,Etleap,$103K - $130K,"San Francisco, CA, US"
Account Executive,https://www.ycombinator.com/companies/etleap/jobs/QwEj2EQ-account-executive,Etleap,$220K - $260K,"San Francisco, CA, US"
DevOps Engineer Latin America (remote),https://www.ycombinator.com/companies/etleap/jobs/lrNVGB2-devops-engineer-latin-america-remote,Etleap,$40K - $70K,BR / AR / CL / PE / UY / CO / VE / EC / GY / BO / PY / Remote (BR; AR; CL; PE; UY; CO; VE; EC; GY; BO; PY)
Software Engineer - Integrations South America (remote),https://www.ycombinator.com/companies/etleap/jobs/UQuf3oX-software-engineer-integrations-south-america-remote,Etleap,$35K - $60K,BR / Remote (BR)
Business Development Representative - Hybrid,https://www.ycombinator.com/companies/zentail/jobs/AmfRsHX-business-development-representative-hybrid,Zentail,$75K,"Columbia, MD, US / Remote (US)"
Account Executive - Hybrid,https://www.ycombinator.com/companies/zentail/jobs/b5JjTXl-account-executive-hybrid,Zentail,$150K,"Columbia, MD, US / Remote (US)"
Software Engineer - Hybrid Preferred,https://www.ycombinator.com/companies/zentail/jobs/Sy0RXZk-software-engineer-hybrid-preferred,Zentail,$120K - $190K,"Columbia, MD / Remote (US)"
Founding AI Agent Engineer,https://www.ycombinator.com/companies/eloquent-ai/jobs/ReuCmF7-founding-ai-agent-engineer,Eloquent Ai,$80K - $150K,"San Francisco, CA, US / London, England, GB / Remote (US)"
Full-Stack Software Engineer,https://www.ycombinator.com/companies/eloquent-ai/jobs/SgMYd8V-full-stack-software-engineer,Eloquent Ai,$55K - $95K,"San Francisco, CA, US / London, England, GB / Remote (US)"
"Founding Software Engineer, Full-Stack",https://www.ycombinator.com/companies/eloquent-ai/jobs/0FxL4Rc-founding-software-engineer-full-stack,Eloquent Ai,$80K - $150K,"San Francisco, CA, US / London, England, GB / Remote (US)"
Principal Software Engineer,https://www.ycombinator.com/companies/red-barn-robotics/jobs/4eBQCky-principal-software-engineer,Red Barn Robotics,$110K - $160K,"Seattle, WA, US"
Principal Mechanical Engineer,https://www.ycombinator.com/companies/red-barn-robotics/jobs/kWiMnwc-principal-mechanical-engineer,Red Barn Robotics,$110K - $160K,"Seattle, WA, US"
Smart Glasses OS - Engineer - Wearables - iOS/AndroidTypescript Backend,https://www.ycombinator.com/companies/mentra/jobs/aVBEgDt-smart-glasses-os-engineer-wearables-ios-androidtypescript-backend,Mentra,$75K - $160K,"San Francisco, CA, US"
Founding Full Stack Engineer,https://www.ycombinator.com/companies/mercura/jobs/KqpN8kF-founding-full-stack-engineer,Mercura,€80K - €130K EUR,"Munich, BY, DE"
Founding Software Engineer #1,https://www.ycombinator.com/companies/dalus/jobs/oFjdHjD-founding-software-engineer-1,Dalus,$140K - $200K,"San Francisco, CA, US"
Software Engineer (Backend),https://www.ycombinator.com/companies/spott/jobs/Z1JEmr2-software-engineer-backend,Spott,€70K - €110K EUR,"Leuven, Flanders, BE"
Senior Software Engineer,https://www.ycombinator.com/companies/woz/jobs/E7Uj7bi-senior-software-engineer,Woz,$150K - $250K,"San Francisco, CA, US"
AeroThermal Engineer,https://www.ycombinator.com/companies/reditus-space/jobs/x2z9g4O-aerothermal-engineer,Reditus Space,$100K - $200K,"Atlanta, GA, US / San Francisco, CA, US / Remote (US)"
Founding Engineer at Retrofit (YC W25),https://www.ycombinator.com/companies/retrofit/jobs/sKciSGB-founding-engineer-at-retrofit-yc-w25,Retrofit,$120 - $180,"New York, NY, US"
Founding Security Engineer,https://www.ycombinator.com/companies/archon/jobs/syzyf3r-founding-security-engineer,Archon,$100K - $160K,"San Francisco, CA, US"
Software Engineer Intern,https://www.ycombinator.com/companies/afterquery/jobs/6a7szXP-software-engineer-intern,Afterquery,$60K - $90K,"San Francisco, CA, US / Remote (US)"
Strategy and Operations Intern (Undergrad),https://www.ycombinator.com/companies/afterquery/jobs/4q3X7AW-strategy-and-operations-intern-undergrad,Afterquery,$62.4K - $125K,"San Francisco, CA, US"
ML Research Intern,https://www.ycombinator.com/companies/afterquery/jobs/37BHIHC-ml-research-intern,Afterquery,$62.4K - $125K,"San Francisco, CA, US / Remote (US; CA; GB)"
Founding Full Stack Engineer,https://www.ycombinator.com/companies/afterquery/jobs/vBJbHQE-founding-full-stack-engineer,Afterquery,$100K - $220K,"San Francisco, CA, US"
Founding Engineer #1,https://www.ycombinator.com/companies/misprint/jobs/W5bb5SY-founding-engineer-1,Misprint,$100K - $170K,"New York, NY, US"
Founding Engineer,https://www.ycombinator.com/companies/infinite/jobs/LqkMhIs-founding-engineer,Infinite,$120K - $200K,"San Francisco, CA, US"
Growth,https://www.ycombinator.com/companies/harper/jobs/WZdYoF4-growth,Harper,$100K - $175K,"San Francisco, CA, US"
Account Executive,https://www.ycombinator.com/companies/harper/jobs/mDxNeSI-account-executive,Harper,$100K - $175K,"San Francisco, CA, US"
AI Engineer - Payments & Processing,https://www.ycombinator.com/companies/harper/jobs/yy0PujJ-ai-engineer-payments-processing,Harper,$125K - $220K,"San Francisco, CA, US"
AI Engineer - Customer Service ,https://www.ycombinator.com/companies/harper/jobs/DeXizyq-ai-engineer-customer-service,Harper,$125K - $220K,"San Francisco, CA, US"
AI Engineer - Sales ,https://www.ycombinator.com/companies/harper/jobs/IxYU3NB-ai-engineer-sales,Harper,$125K - $220K,"San Francisco, CA, US"
AI Engineer - Growth,https://www.ycombinator.com/companies/harper/jobs/K1x5iWH-ai-engineer-growth,Harper,$125K - $220K,"San Francisco, CA, US"
Software Engineer Intern,https://www.ycombinator.com/companies/nitrode/jobs/p2gMZ3c-software-engineer-intern,Nitrode,$6K - $9K,"San Francisco, CA, US / New York, NY, US / Remote (US)"
Founding Engineer (Full-stack C++ / Game Engine),https://www.ycombinator.com/companies/nitrode/jobs/iLthT1c-founding-engineer-full-stack-c-game-engine,Nitrode,$150K - $200K,"San Francisco, CA, US"
Founding Fullstack (Infrastructure) Engineer,https://www.ycombinator.com/companies/confident-ai/jobs/DPHU1p0-founding-fullstack-infrastructure-engineer,Confident Ai,$100K - $200K,"San Francisco, CA, US / Remote"
Founding Open-Source (Research) Engineer,https://www.ycombinator.com/companies/confident-ai/jobs/kZO4bme-founding-open-source-research-engineer,Confident Ai,$100K - $200K,"San Francisco, CA, US / Remote"
Senior Product Engineer,https://www.ycombinator.com/companies/solidroad/jobs/2b4DWxs-senior-product-engineer,Solidroad,$130K - $190K,"San Francisco, CA, US"
Founding Engineer,https://www.ycombinator.com/companies/trata/jobs/4uzrnWE-founding-engineer,Trata,$165K - $215K,"New York, NY, US"
Lead Software Engineer,https://www.ycombinator.com/companies/g-lnk/jobs/jakspDb-lead-software-engineer,G Lnk,£40K - £85K GBP,"London, England, GB"
Founding Software Engineer ,https://www.ycombinator.com/companies/strike/jobs/7Oga381-founding-software-engineer,Strike,$130K - $180K,"New York, NY, US"
Founding Design Engineer,https://www.ycombinator.com/companies/asteroid/jobs/YPA0uKs-founding-design-engineer,Asteroid,$110K - $160K,"San Francisco, CA, US / London, England, GB"
Founding AI Engineer,https://www.ycombinator.com/companies/asteroid/jobs/HmxKL3n-founding-ai-engineer,Asteroid,$110K - $160K,"San Francisco, CA, US / London, England, GB"
Founding Electrical Engineer,https://www.ycombinator.com/companies/pave-robotics/jobs/je3VgC6-founding-electrical-engineer,Pave Robotics,$100K - $150K,"San Francisco, CA, US"
Founding Software Engineer,https://www.ycombinator.com/companies/pave-robotics/jobs/XRt4jGW-founding-software-engineer,Pave Robotics,$100K - $150K,"San Francisco, CA, US"
Software Engineering Intern,https://www.ycombinator.com/companies/olive/jobs/jxqs5Wy-software-engineering-intern,Olive,$15K - $20K,"San Francisco, CA / Remote (US)"
Founding Software Engineer,https://www.ycombinator.com/companies/olive/jobs/bKLtAX0-founding-software-engineer,Olive,$130K - $150K,"San Francisco, CA"
Founding Engineer,https://www.ycombinator.com/companies/mosaic-2/jobs/ru8Nwdq-founding-engineer,Mosaic 2,$100K - $150K,"San Francisco, CA, US"
Founding Engineer ,https://www.ycombinator.com/companies/zeroentropy/jobs/L5MndTJ-founding-engineer,Zeroentropy,$130K - $200K,"San Francisco, CA, US"
Founding AI Engineer,https://www.ycombinator.com/companies/weave-3/jobs/SqFnIFE-founding-ai-engineer,Weave 3,$140K - $200K,"Oakland, CA, US / San Francisco, CA, US"
Founding Product Engineer,https://www.ycombinator.com/companies/weave-3/jobs/E0LFOgu-founding-product-engineer,Weave 3,$140K - $200K,"San Francisco, CA, US / Oakland, CA, US"
Founding Lead Engineer,https://www.ycombinator.com/companies/toothy-ai/jobs/W8Hxj4B-founding-lead-engineer,Toothy Ai,$100K - $200K,"San Francisco, CA, US / Chicago, IL, US / Remote (US)"
Founding Engineer,https://www.ycombinator.com/companies/scout-4/jobs/N7GWMSs-founding-engineer,Scout 4,$100K - $150K,"New York, NY, US"
Founding Engineer,https://www.ycombinator.com/companies/stamp/jobs/XTBl8yT-founding-engineer,Stamp,$90K - $120K,"San Francisco, CA, US / Remote (US)"
Founding Engineer,https://www.ycombinator.com/companies/splash-inc/jobs/DqX8c34-founding-engineer,Splash Inc,$100K - $160K,"El Segundo, CA, US"
Full Stack Software Engineer,https://www.ycombinator.com/companies/splash-inc/jobs/GR9HdgA-full-stack-software-engineer,Splash Inc,$110K - $160K,"El Segundo, CA, US"
Electromechanical Engineer,https://www.ycombinator.com/companies/splash-inc/jobs/xbSUU5p-electromechanical-engineer,Splash Inc,$100K - $140K,"El Segundo, CA, US"
Founding Engineer,https://www.ycombinator.com/companies/axiom/jobs/PYj0leR-founding-engineer,Axiom,$150K - $300K,"Daly City, CA, US"
Founding Full Stack Engineer,https://www.ycombinator.com/companies/leaping-ai/jobs/BpsfpvY-founding-full-stack-engineer,Leaping Ai,$150K - $220K,"San Francisco, CA, US"
Founding Engineer,https://www.ycombinator.com/companies/enhanced-radar/jobs/72uOEyN-founding-engineer,Enhanced Radar,$160K - $230K,"San Francisco, CA, US"
"Founder's Office: Product Management, GTM, Ops, & Sales",https://www.ycombinator.com/companies/asha-health/jobs/8iirlrN-founder-s-office-product-management-gtm-ops-sales,Asha Health,₹1.2M - ₹3.8M INR,"IN / Gurugram, HR, IN / Gurugram, Haryana, IN / New Delhi, DL, IN / New Delhi, Delhi, IN / Hyderabad, TS, IN / Hyderabad, Telangana, IN / Chennai, TN, IN / Chennai, Tamil Nadu, IN / Bengaluru, KA, IN / Bengaluru, Karnataka, IN / Remote (IN; Gurugram, HR, IN; Gurugram, Haryana, IN; New Delhi, DL, IN; New Delhi, Delhi, IN; Hyderabad, TS, IN; Hyderabad, Telangana, IN; Chennai, TN, IN; Chennai, Tamil Nadu, IN; Bengaluru, KA, IN; Bengaluru, Karnataka, IN)"
"Software Engineer, AI Agents",https://www.ycombinator.com/companies/asha-health/jobs/W1pwbYY-software-engineer-ai-agents,Asha Health,₹1.2M - ₹4M INR,"IN / Bengaluru, KA, IN / Bengaluru, Karnataka, IN / Hyderabad, TS, IN / Hyderabad, Telangana, IN / Chennai, TN, IN / Chennai, Tamil Nadu, IN / New Delhi, DL, IN / New Delhi, Delhi, IN / Mumbai, MH, IN / Mumbai, Maharashtra, IN / Remote (IN; Bengaluru, KA, IN; Bengaluru, Karnataka, IN; Hyderabad, TS, IN; Hyderabad, Telangana, IN; Chennai, TN, IN; Chennai, Tamil Nadu, IN; New Delhi, DL, IN; New Delhi, Delhi, IN; Mumbai, MH, IN; Mumbai, Maharashtra, IN)"
"Fullstack Software Engineer, Generative AI",https://www.ycombinator.com/companies/asha-health/jobs/lnRx399-fullstack-software-engineer-generative-ai,Asha Health,₹1.2M - ₹4M INR,"IN / Bengaluru, KA, IN / Bengaluru, Karnataka, IN / Hyderabad, TS, IN / Hyderabad, Telangana, IN / Chennai, TN, IN / Chennai, Tamil Nadu, IN / New Delhi, DL, IN / New Delhi, Delhi, IN / Mumbai, MH, IN / Mumbai, Maharashtra, IN / Remote (IN; Bengaluru, KA, IN; Bengaluru, Karnataka, IN; Hyderabad, TS, IN; Hyderabad, Telangana, IN; Chennai, TN, IN; Chennai, Tamil Nadu, IN; New Delhi, DL, IN; New Delhi, Delhi, IN; Mumbai, MH, IN; Mumbai, Maharashtra, IN)"
Founding Engineer,https://www.ycombinator.com/companies/humanlayer/jobs/c2Cv9Vs-founding-engineer,Humanlayer,$150K,"San Francisco, CA, US"
Founding AI Engineer ,https://www.ycombinator.com/companies/synth-3/jobs/dlTmXUF-founding-ai-engineer,Synth 3,$130K - $200K,"San Francisco, CA, US"
Senior Fullstack Engineer,https://www.ycombinator.com/companies/helpcare-ai/jobs/iuk6sAt-senior-fullstack-engineer,Helpcare Ai,$120K,US / CA / MX / BR / AR / BY / UY / PL / EC / CR / PA / CL / CO / RO / PE / BG / Remote (US; CA; MX; BR; AR; BY; UY; PL; EC; CR; PA; CL; CO; RO; PE; BG)
RCM Sales Representative,https://www.ycombinator.com/companies/ember/jobs/1Pp8EZM-rcm-sales-representative,Ember,$60K - $120K,"San Francisco, CA, US / Remote (FL, US; New York, NY, US; Nashville, TN, US; MN, US; TX, US; OH, US; MI, US; UT, US)"
Senior Medical Coding Specialist,https://www.ycombinator.com/companies/ember/jobs/Ybu5kY4-senior-medical-coding-specialist,Ember,$60K - $80K,"San Francisco, CA, US / Remote (US)"
Medical Director,https://www.ycombinator.com/companies/ember/jobs/41xjocX-medical-director,Ember,$60K - $100K,"San Francisco, CA, US / Remote (Boston, MA, US; MN, US; IL, US; NY, US; CA, US; Washington, DC, US; TX, US)"
Founding Fullstack Engineer – Building the Future of Browser Agents,https://www.ycombinator.com/companies/foundry/jobs/WvDDlqc-founding-fullstack-engineer-building-the-future-of-browser-agents,Foundry,$150K - $225K,"San Francisco, CA, US / Remote (US)"
Founding Engineer,https://www.ycombinator.com/companies/alex/jobs/uB3KJ2P-founding-engineer,Alex,$1,"San Francisco, CA, US"
Founding Engineer - Infrastructure,https://www.ycombinator.com/companies/scrapybara/jobs/FuQPALB-founding-engineer-infrastructure,Scrapybara,$150K - $250K,SF
Founding Engineer - Forward Deployed,https://www.ycombinator.com/companies/scrapybara/jobs/FBbRyVg-founding-engineer-forward-deployed,Scrapybara,$150K - $250K,SF
Founding Engineer,https://www.ycombinator.com/companies/collectwise/jobs/miUmVns-founding-engineer,Collectwise,$140K - $190K,"New York, NY, US"
Founding Account Executive,https://www.ycombinator.com/companies/crustdata/jobs/iYBLkXH-founding-account-executive,Crustdata,$180K - $250K,"New York, NY, US"
Senior Software Engineer,https://www.ycombinator.com/companies/crustdata/jobs/oZhPfMO-senior-software-engineer,Crustdata,$150K - $220K,"San Francisco, CA, US"
Founding Engineer,https://www.ycombinator.com/companies/sphinx/jobs/mlOP28j-founding-engineer,Sphinx,$100K - $170K,"San Francisco, CA, US"
Staff/Senior Software Engineer (Backend/Fullstack),https://www.ycombinator.com/companies/luthor/jobs/HKrdhp0-staff-senior-software-engineer-backend-fullstack,Luthor,$120K - $180K,"San Francisco, CA, US"
Senior Software Engineer (Hybrid),https://www.ycombinator.com/companies/keye/jobs/yJ2FBll-senior-software-engineer-hybrid,Keye,$80K - $200K,"New York, NY, US"
Private Equity Product Specialist,https://www.ycombinator.com/companies/keye/jobs/uPgn3VM-private-equity-product-specialist,Keye,$125K - $200K,"New York, NY, US"
Senior Software Engineer,https://www.ycombinator.com/companies/keye/jobs/cy7OzWk-senior-software-engineer,Keye,$80K - $200K,"New York, NY, US"
Highly Experienced Prompt Engineer,https://www.ycombinator.com/companies/cekura-2/jobs/9zI9Tc2-highly-experienced-prompt-engineer,Cekura 2,$10K - $25K,IN / Remote (IN)
Founding Distributed Systems Engineer,https://www.ycombinator.com/companies/archil/jobs/svfkDVv-founding-distributed-systems-engineer,Archil,$100K - $200K,"San Francisco, CA, US"
"Full-Stack / Backend Engineer @ Sandra AI (Full-time – Paris, Station F)",https://www.ycombinator.com/companies/sandra-ai/jobs/Pvcyaun-full-stack-backend-engineer-sandra-ai-full-time-paris-station-f,Sandra Ai,€70K - €85K EUR,"Paris, IDF, FR / Paris, Île-de-France, FR"
Frontend Engineer - Intern,https://www.ycombinator.com/companies/revyl/jobs/5rbIJLP-frontend-engineer-intern,Revyl,$40K - $80K,"San Francisco, CA, US"
Founding Software Engineer,https://www.ycombinator.com/companies/revyl/jobs/BAP7lZv-founding-software-engineer,Revyl,$100K - $180K,"San Francisco, CA, US"
Founding Engineer at Afternoon (F24),https://www.ycombinator.com/companies/afternoon-co/jobs/lTWnlMw-founding-engineer-at-afternoon-f24,Afternoon Co,$110K - $180K,"New York, NY, US"
SWE / Marketing Internship (Summer 2025),https://www.ycombinator.com/companies/pearai/jobs/afANCH8-swe-marketing-internship-summer-2025,Pearai,$1K - $2K,Remote
founding engineer,https://www.ycombinator.com/companies/telli/jobs/bUyEU6J-founding-engineer,Telli,€70 - €120 EUR,"Berlin, BE, DE / Berlin, Berlin, DE"
Founding Engineer (Fullstack / AI),https://www.ycombinator.com/companies/onlook/jobs/e4gHv1n-founding-engineer-fullstack-ai,Onlook,$130K - $200K,"San Francisco, CA, US"
Healthcare Account Executive,https://www.ycombinator.com/companies/syntra/jobs/y9UkoBB-healthcare-account-executive,Syntra,$50K - $125K,US / Remote (US)
Founding Engineer,https://www.ycombinator.com/companies/syntra/jobs/Z9oq4b8-founding-engineer,Syntra,$100K - $150K,"San Francisco, CA, US / Remote (US)"
Growth Engineer,https://www.ycombinator.com/companies/bits-to-atoms/jobs/s0a7EEC-growth-engineer,Bits To Atoms,$70K - $100K,"San Francisco, CA, US / Los Angeles, CA, US"
Ex-Founder,https://www.ycombinator.com/companies/simcare-ai/jobs/KowU0FS-ex-founder,Simcare Ai,$120K - $200K,"San Francisco, CA, US"
Founding Sales Development Representative (SDR) ,https://www.ycombinator.com/companies/simcare-ai/jobs/78MucOS-founding-sales-development-representative-sdr,Simcare Ai,$75K - $130K,"San Francisco, CA, US / Remote (US)"
Founding Engineer,https://www.ycombinator.com/companies/simcare-ai/jobs/PZed3Sb-founding-engineer,Simcare Ai,$90K - $180K,"San Francisco, CA, US / Remote (US)"
Founding Backend Engineer,https://www.ycombinator.com/companies/merlin-ai/jobs/9yfPBcK-founding-backend-engineer,Merlin Ai,₹2.4M - ₹3M INR,IN / Remote (IN)
Frontend React Developer,https://www.ycombinator.com/companies/merlin-ai/jobs/2pX4srY-frontend-react-developer,Merlin Ai,₹1M - ₹1.5M INR,Remote
AI Product Engineer,https://www.ycombinator.com/companies/arva-ai/jobs/OBPwCiU-ai-product-engineer,Arva Ai,£65K - £90K GBP,"London, England, GB"
Founding Engineer,https://www.ycombinator.com/companies/overlap/jobs/SiAIjQ5-founding-engineer,Overlap,$80K - $150K,"San Francisco, CA, US"
Director of Customer Success,https://www.ycombinator.com/companies/capitol-ai/jobs/Uejp3hg-director-of-customer-success,Capitol Ai,$120K - $200K,"Washington, DC, US / Remote (US)"
Machine Learning Engineer,https://www.ycombinator.com/companies/capitol-ai/jobs/Dof6LZQ-machine-learning-engineer,Capitol Ai,$100K - $200K,"Washington, DC, US"
ML and Controls Engineer,https://www.ycombinator.com/companies/xtraffic/jobs/74GSnCS-ml-and-controls-engineer,Xtraffic,$90K - $150K,"San Francisco, CA, US / Dallas, TX, US / Remote"
Software / Systems Engineer,https://www.ycombinator.com/companies/xtraffic/jobs/FIFoOVA-software-systems-engineer,Xtraffic,$70K - $120K,"Dallas, TX, US / San Francisco, CA, US / Los Angeles, CA, US"
AI Engineer Intern,https://www.ycombinator.com/companies/hey-revia/jobs/SOyFPp5-ai-engineer-intern,Hey Revia,$100K - $150K,"San Jose, CA, US"
AI Engineer,https://www.ycombinator.com/companies/hey-revia/jobs/rgklGve-ai-engineer,Hey Revia,$100K - $200K,"San Jose, CA, US"
Founding Engineer,https://www.ycombinator.com/companies/usul/jobs/NDnCnuN-founding-engineer,Usul,$120K - $180K,"San Francisco, CA, US"
Perception Engineer,https://www.ycombinator.com/companies/bucket-robotics/jobs/wamcLUR-perception-engineer,Bucket Robotics,$100K - $140K,"San Francisco, CA, US / Remote (New York, NY, US)"
Senior Software Engineer (Robotics & AI Systems),https://www.ycombinator.com/companies/bucket-robotics/jobs/cujUfwO-senior-software-engineer-robotics-ai-systems,Bucket Robotics,$100K - $140K,"San Francisco, CA, US / Remote (New York, NY, US)"
Founding Engineer,https://www.ycombinator.com/companies/bucket-robotics/jobs/Zp9hGkv-founding-engineer,Bucket Robotics,$120K - $160K,"San Francisco, CA, US"
Design Engineer,https://www.ycombinator.com/companies/elayne/jobs/mhR8qEG-design-engineer,Elayne,$130K - $200K,"New York, NY, US"
Staff Software Engineer,https://www.ycombinator.com/companies/elayne/jobs/AFxfjZ7-staff-software-engineer,Elayne,$140K - $190K,"Denver, CO, US / New York, NY, US"
Founding Full Stack AI Software Engineer,https://www.ycombinator.com/companies/voker/jobs/XCcmcEk-founding-full-stack-ai-software-engineer,Voker,$120K - $140K,"Los Angeles, CA, US"
Founding Engineer - Backend + AI/ML,https://www.ycombinator.com/companies/assembly-hoa/jobs/9R7bAZy-founding-engineer-backend-ai-ml,Assembly Hoa,$125K - $200K,"San Francisco, CA, US"
Sr. Community Association (HOA) Manager,https://www.ycombinator.com/companies/assembly-hoa/jobs/zfZd80w-sr-community-association-hoa-manager,Assembly Hoa,$65K - $125K,"San Francisco, CA, US / Remote (US)"
Sales Manager:in,https://www.ycombinator.com/companies/autarc/jobs/wxSH87s-sales-manager-in,Autarc,€70K - €100K EUR,"Berlin, BE, DE"
Software Engineering (Internship) ,https://www.ycombinator.com/companies/omnidock/jobs/mUoXugZ-software-engineering-internship,Omnidock,€2.5K - €3K EUR,"Berlin, BE, DE"
Founders Associate (Full-time),https://www.ycombinator.com/companies/omnidock/jobs/bthkkTc-founders-associate-full-time,Omnidock,Any (new grads ok),"Berlin, BE, DE"
Founding Engineer,https://www.ycombinator.com/companies/kontigo/jobs/xAo6tMt-founding-engineer,Kontigo,$40K - $120K,"San Francisco, CA, US / Remote"
Android Developer - Sensor and OS Expert,https://www.ycombinator.com/companies/weel/jobs/E5ndfoQ-android-developer-sensor-and-os-expert,Weel,$100K - $200K,"Paris, IDF, FR / Paris, Île-de-France, FR / New York, NY, US / Remote"
Founding Backend Engineer,https://www.ycombinator.com/companies/remo/jobs/tWlHc8W-founding-backend-engineer,Remo,$100K - $124K,"Dubai, Dubai, AE"
Founding Engineer,https://www.ycombinator.com/companies/simple-ai/jobs/bYEgX5m-founding-engineer,Simple Ai,$100 - $180K,"San Francisco, CA, US"
Founding Middleware Lead,https://www.ycombinator.com/companies/cerulion/jobs/C21ngNY-founding-middleware-lead,Cerulion,$100K - $130K,"Santa Clara, CA, US / Boston, MA, US"
Founding Machine Learning Engineer,https://www.ycombinator.com/companies/the-forecasting-company/jobs/yxUzVUm-founding-machine-learning-engineer,The Forecasting Company,€80K - €130K EUR,"Paris, Île-de-France, FR"
Founding Engineer,https://www.ycombinator.com/companies/exa-laboratories/jobs/9TXvyqt-founding-engineer,Exa Laboratories,$100K - $400K,"San Francisco, CA, US"
Summer Sales Intern,https://www.ycombinator.com/companies/brighterway/jobs/QoNj5Gi-summer-sales-intern,Brighterway,$12K - $18K,"San Francisco, CA, US / Remote (US)"
Founding Machine Learning Engineer,https://www.ycombinator.com/companies/mineflow/jobs/sJbXTyi-founding-machine-learning-engineer,Mineflow,$80K - $150K,"San Mateo, CA, US / Remote (US)"
Full-Stack Engineer,https://www.ycombinator.com/companies/soff/jobs/OTA9QxR-full-stack-engineer,Soff,$130 - $200,"San Francisco, CA, US"
Machine Learning Engineer,https://www.ycombinator.com/companies/intryc/jobs/39DcEk8-machine-learning-engineer,Intryc,$100K - $150K,Remote
Fullstack Software Engineer,https://www.ycombinator.com/companies/intryc/jobs/Lr6k3V0-fullstack-software-engineer,Intryc,$80K - $110K,"London, England, GB / Remote (GB; ES; GR; US; CA; DE; FR; PT; IT; PL)"
Systems Engineer,https://www.ycombinator.com/companies/thunder-compute/jobs/fRSS8JQ-systems-engineer,Thunder Compute,$100K - $200K,"Atlanta, GA, US"
Founding Engineer,https://www.ycombinator.com/companies/zeit-ai/jobs/HYf0lox-founding-engineer,Zeit Ai,€80K - €120K EUR,"Munich, BY, DE / London, England, GB / Remote (London, England, GB; Berlin, BE, DE; Paris, Île-de-France, FR)"
Senior AI/ML Engineer ,https://www.ycombinator.com/companies/distro/jobs/pXrM6zT-senior-ai-ml-engineer,Distro,$150K - $200K,"Palo Alto, CA, US"
Senior Full Stack Engineer,https://www.ycombinator.com/companies/distro/jobs/F6uZp2M-senior-full-stack-engineer,Distro,$150K - $180K,"Palo Alto, CA, US"
Senior Front End Engineer,https://www.ycombinator.com/companies/distro/jobs/pTJ8vIy-senior-front-end-engineer,Distro,$150K - $180K,"Palo Alto, CA, US"
Account Executive,https://www.ycombinator.com/companies/distro/jobs/TKnZpeJ-account-executive,Distro,$200K - $260K,"Palo Alto, CA, US"
Implementation & Solutions Lead,https://www.ycombinator.com/companies/distro/jobs/fMY7uHi-implementation-solutions-lead,Distro,$100K - $130K,"Palo Alto, CA, US"
Marketing Lead,https://www.ycombinator.com/companies/distro/jobs/splSeS5-marketing-lead,Distro,$130K - $170K,"Palo Alto, CA, US"
Tech Lead,https://www.ycombinator.com/companies/distro/jobs/XGMjSPe-tech-lead,Distro,$150K - $200K,"Palo Alto, CA, US"
Founding AI Engineer,https://www.ycombinator.com/companies/modern-realty/jobs/SPM0oEc-founding-ai-engineer,Modern Realty,$100K - $150K,"San Francisco, CA, US"
Founding Audio DSP Engineer,https://www.ycombinator.com/companies/david-ai/jobs/NAgqB3Z-founding-audio-dsp-engineer,David Ai,$140K - $220K,"San Francisco, CA, US"
Founding ML Engineer,https://www.ycombinator.com/companies/david-ai/jobs/CQAxl3a-founding-ml-engineer,David Ai,$200K - $260K,"San Francisco, CA, US"
Founding Operations Lead,https://www.ycombinator.com/companies/david-ai/jobs/cKdFdzD-founding-operations-lead,David Ai,$120K - $205K,"San Francisco, CA, US / New York, NY, US"
Founding Engineer,https://www.ycombinator.com/companies/david-ai/jobs/nBFCaze-founding-engineer,David Ai,$140K - $220K,"San Francisco, CA, US / New York, NY, US"
Founding Engineer,https://www.ycombinator.com/companies/beebettor/jobs/AbnOJGv-founding-engineer,Beebettor,$80K - $150K,US / CA / Remote (US; CA)
Founding Engineer,https://www.ycombinator.com/companies/conductor-quantum/jobs/peyWTtQ-founding-engineer,Conductor Quantum,$120K - $180K,"San Francisco, CA, US"
Member of Technical Staff,https://www.ycombinator.com/companies/conductor-quantum/jobs/Gafc6tG-member-of-technical-staff,Conductor Quantum,$120K - $180K,"San Francisco, CA, US"
Founding Sales,https://www.ycombinator.com/companies/drillbit/jobs/fwHz5TR-founding-sales,Drillbit,$60K - $250K,"Austin, TX, US"
Founding Product Designer,https://www.ycombinator.com/companies/anara/jobs/7eEzA0p-founding-product-designer,Anara,$120K - $180K,"San Francisco, CA, US / Remote"
Founding Content Writer,https://www.ycombinator.com/companies/anara/jobs/Ffu3XOY-founding-content-writer,Anara,$80K - $100K,"San Francisco, CA, US / Remote"
Founding Growth Hacker,https://www.ycombinator.com/companies/anara/jobs/JVtgLOF-founding-growth-hacker,Anara,$80K - $120K,"San Francisco, CA, US / Remote"
Machine Learning Engineer,https://www.ycombinator.com/companies/hestus-inc/jobs/kbdpvYb-machine-learning-engineer,Hestus Inc,$110K - $175K,"San Mateo, CA, US"
ML Research Engineer / Scientist,https://www.ycombinator.com/companies/paradome/jobs/d0V7LBY-ml-research-engineer-scientist,Paradome,$150K - $400K,"New York, NY, US"
Founding AI Engineer - London,https://www.ycombinator.com/companies/saturn/jobs/kK2f6dV-founding-ai-engineer-london,Saturn,£80K - £120K GBP,"London, England, GB"
Django Python Backend Engineer | Bangalore,https://www.ycombinator.com/companies/saturn/jobs/09IH8we-django-python-backend-engineer-bangalore,Saturn,₹4M - ₹5.5M INR,"Bengaluru, KA, IN / Bengaluru, Karnataka, IN"
Django Python Engineer | London,https://www.ycombinator.com/companies/saturn/jobs/TFc0zO1-django-python-engineer-london,Saturn,£60K - £80K GBP,"London, England, GB"
 AI Engineer - London,https://www.ycombinator.com/companies/saturn/jobs/vSli4sP-ai-engineer-london,Saturn,£55K - £80K GBP,"London, England, GB"
Senior Full Stack Engineer (React + TypeScript),https://www.ycombinator.com/companies/conveo/jobs/OcMOJXI-senior-full-stack-engineer-react-typescript,Conveo,€80K - €150K EUR,"Antwerp, Flanders, BE"
Founding Engineer - Applied AI,https://www.ycombinator.com/companies/parity/jobs/p7D21Fs-founding-engineer-applied-ai,Parity,$120K - $170K,"San Francisco, CA, US"
Founding Engineer - Full Stack,https://www.ycombinator.com/companies/parity/jobs/n3cMlxI-founding-engineer-full-stack,Parity,$120K - $170K,"San Francisco, CA, US"
Founding Applied AI Engineer at Kastle,https://www.ycombinator.com/companies/kastle/jobs/XSq5nJT-founding-applied-ai-engineer-at-kastle,Kastle,$140K - $180K,"San Francisco, CA, US"
Founding Engineer at Kastle (S24),https://www.ycombinator.com/companies/kastle/jobs/ItDVKB7-founding-engineer-at-kastle-s24,Kastle,$140K - $180K,"San Francisco, CA, US"
Customer Support Manager,https://www.ycombinator.com/companies/taxgpt/jobs/ZtdTlXP-customer-support-manager,Taxgpt,$60K - $100K,US / Remote (US)
Senior Software Engineer (Gen AI Focused),https://www.ycombinator.com/companies/taxgpt/jobs/4oFHZK5-senior-software-engineer-gen-ai-focused,Taxgpt,$110K - $160K,CA / Remote (CA)
Senior Software Engineer (Gen AI Focused),https://www.ycombinator.com/companies/taxgpt/jobs/9BWAbd9-senior-software-engineer-gen-ai-focused,Taxgpt,$150K - $225K,"San Francisco, CA, US"
Staff Software Engineer (Gen AI Focused),https://www.ycombinator.com/companies/taxgpt/jobs/MwZTNW6-staff-software-engineer-gen-ai-focused,Taxgpt,$110K - $160K,CA / Remote (CA)
Founding engineer,https://www.ycombinator.com/companies/lighthouz-ai/jobs/WTkBRXg-founding-engineer,Lighthouz Ai,$140K - $160K,"Atlanta, GA, US"
Account Executive,https://www.ycombinator.com/companies/pulse-3/jobs/BpvyH36-account-executive,Pulse 3,$100K - $130K,"San Francisco, CA, US"
Machine Learning Engineer,https://www.ycombinator.com/companies/pulse-3/jobs/6o4mkAj-machine-learning-engineer,Pulse 3,$150K - $250K,"San Francisco, CA, US"
Software Engineer ,https://www.ycombinator.com/companies/pulse-3/jobs/QWCfmg7-software-engineer,Pulse 3,$130K - $210K,"San Francisco, CA, US"
Venture Community Manager,https://www.ycombinator.com/companies/tandem-2/jobs/jHlujlY-venture-community-manager,Tandem 2,$70K - $100K,"San Francisco, CA, US"
Founding Product Engineer,https://www.ycombinator.com/companies/tivara/jobs/6Hhb9Oo-founding-product-engineer,Tivara,$120K - $200K,"New York, NY, US"
Founding Research Engineer,https://www.ycombinator.com/companies/camfer/jobs/HiUeBLC-founding-research-engineer,Camfer,$100K - $140K,"San Francisco, CA, US"
Founding Engineer,https://www.ycombinator.com/companies/camfer/jobs/wuyHcXY-founding-engineer,Camfer,$100K - $140K,"San Francisco, CA, US"
Founding AI Engineer,https://www.ycombinator.com/companies/parahelp/jobs/PhUMEwg-founding-ai-engineer,Parahelp,$150K - $250K,"San Francisco, CA, US"
Founding Agent Manager,https://www.ycombinator.com/companies/parahelp/jobs/MoRCRxf-founding-agent-manager,Parahelp,$110K - $150K,"San Francisco, CA, US"
Research Software Engineer,https://www.ycombinator.com/companies/rewbi/jobs/Azq1Cnm-research-software-engineer,Rewbi,$100K - $225K,"Denver, CO, US / San Francisco, CA, US / Remote (US)"
Founding Software Engineer,https://www.ycombinator.com/companies/rewbi/jobs/SZOkcIy-founding-software-engineer,Rewbi,$100K - $225K,"Denver, CO, US / San Francisco, CA, US / Remote (US)"
Machine Learning Research Engineer / Scientist,https://www.ycombinator.com/companies/silurian/jobs/67uBjLX-machine-learning-research-engineer-scientist,Silurian,£90K - £150K GBP,"London, England, GB"
Founding Mechanical Engineer,https://www.ycombinator.com/companies/azalea-robotics-corporation/jobs/DiAlUUK-founding-mechanical-engineer,Azalea Robotics Corporation,6+ years,"Berkeley, CA, US"
head of growth,https://www.ycombinator.com/companies/wordware/jobs/2B13Ywo-head-of-growth,Wordware,$120K - $220K,San Francisco
engineering,https://www.ycombinator.com/companies/wordware/jobs/NXAEgOb-engineering,Wordware,$140K - $220K,San Francisco
founding designer,https://www.ycombinator.com/companies/wordware/jobs/h95qgKi-founding-designer,Wordware,$120K - $240K,San Francisco
chief of staff,https://www.ycombinator.com/companies/wordware/jobs/uyf6Qwg-chief-of-staff,Wordware,$100K - $200K,San Francisco
head of revenue,https://www.ycombinator.com/companies/wordware/jobs/iRcEKcE-head-of-revenue,Wordware,$100K - $200K,San Francisco
"past founder with track record and exp (product, community, ops, enterprise, growth)",https://www.ycombinator.com/companies/wordware/jobs/c8BuK9B-past-founder-with-track-record-and-exp-product-community-ops-enterprise-growth,Wordware,$100K - $200K,San Francisco
head of story (hard skills for video needed),https://www.ycombinator.com/companies/wordware/jobs/8TOU2wp-head-of-story-hard-skills-for-video-needed,Wordware,$120K - $220K,San Francisco
DevRel engineer,https://www.ycombinator.com/companies/wordware/jobs/Hk3pqc5-devrel-engineer,Wordware,$80K - $180K,San Francisco
forward deployed engineer or head of customer (coding skills necessary),https://www.ycombinator.com/companies/wordware/jobs/rO10pMV-forward-deployed-engineer-or-head-of-customer-coding-skills-necessary,Wordware,$80K - $160K,San Francisco
Talent Lead,https://www.ycombinator.com/companies/wordware/jobs/GVUMXVu-talent-lead,Wordware,$100K - $200K,San Francisco
ex-YC founder,https://www.ycombinator.com/companies/wordware/jobs/ZoNc1rs-ex-yc-founder,Wordware,$100K - $200K,"San Francisco, CA, US"
Full-Stack Engineer,https://www.ycombinator.com/companies/maitai/jobs/l6Y45UK-full-stack-engineer,Maitai,$100K - $225K,"Redwood City, CA, US"
Marketing Generalist,https://www.ycombinator.com/companies/maitai/jobs/YvEeSr8-marketing-generalist,Maitai,$60K - $100K,"Redwood City, CA, US"
Founding Engineer,https://www.ycombinator.com/companies/maitai/jobs/tk3a4Gf-founding-engineer,Maitai,$150K - $225K,"Redwood City, CA, US"
E9 Engineer (We work 7 days a week),https://www.ycombinator.com/companies/corgi/jobs/cEB1yaV-e9-engineer-we-work-7-days-a-week,Corgi,$100K - $180K,"San Francisco, CA, US"
E8 Engineer (We work 7 days a week),https://www.ycombinator.com/companies/corgi/jobs/m9DRnCF-e8-engineer-we-work-7-days-a-week,Corgi,$100K - $180K,"San Francisco, CA, US"
E7 Engineer (We work 7 days a week),https://www.ycombinator.com/companies/corgi/jobs/N5NvvKY-e7-engineer-we-work-7-days-a-week,Corgi,$100K - $180K,"San Francisco, CA, US"
E6 Engineer (We work 7 days a week),https://www.ycombinator.com/companies/corgi/jobs/36ZPNiR-e6-engineer-we-work-7-days-a-week,Corgi,$100K - $180K,"San Francisco, CA, US"
E5 Engineer (We work 7 days a week),https://www.ycombinator.com/companies/corgi/jobs/SorKH8U-e5-engineer-we-work-7-days-a-week,Corgi,$100K - $180K,"San Francisco, CA, US"
E4 Engineer (We work 7 days a week),https://www.ycombinator.com/companies/corgi/jobs/tKnJhnB-e4-engineer-we-work-7-days-a-week,Corgi,$100K - $180K,"San Francisco, CA, US"
E3 Engineer (We work 7 days a week),https://www.ycombinator.com/companies/corgi/jobs/ZjhMXsb-e3-engineer-we-work-7-days-a-week,Corgi,$100K - $180K,"San Francisco, CA, US"
Distinguished Engineer (We work 7 days a week),https://www.ycombinator.com/companies/corgi/jobs/O3f11vv-distinguished-engineer-we-work-7-days-a-week,Corgi,$100K - $180K,"San Francisco, CA, US"
Senior Principal SDE (We work 7 days a week),https://www.ycombinator.com/companies/corgi/jobs/Mj8hlTz-senior-principal-sde-we-work-7-days-a-week,Corgi,$100K - $180K,"San Francisco, CA, US"
Principal SDE (We work 7 days a week),https://www.ycombinator.com/companies/corgi/jobs/jpABZ9d-principal-sde-we-work-7-days-a-week,Corgi,$100K - $180K,"San Francisco, CA, US"
Senior SDE Engineer (We work 7 days a week),https://www.ycombinator.com/companies/corgi/jobs/QX1JfKB-senior-sde-engineer-we-work-7-days-a-week,Corgi,$100K - $180K,"San Francisco, CA, US"
SDE III Engineer (We work 7 days a week),https://www.ycombinator.com/companies/corgi/jobs/JEhaQ74-sde-iii-engineer-we-work-7-days-a-week,Corgi,$100K - $180K,"San Francisco, CA, US"
SDE II Engineer (We work 7 days a week),https://www.ycombinator.com/companies/corgi/jobs/AbIi7CI-sde-ii-engineer-we-work-7-days-a-week,Corgi,$100K - $180K,"San Francisco, CA, US"
SDE I Engineer (We work 7 days a week),https://www.ycombinator.com/companies/corgi/jobs/tuERhvX-sde-i-engineer-we-work-7-days-a-week,Corgi,$100K - $180K,"San Francisco, CA, US"
L10 Engineer (We work 7 days a week),https://www.ycombinator.com/companies/corgi/jobs/sHxNu7H-l10-engineer-we-work-7-days-a-week,Corgi,$100K - $180K,"San Francisco, CA, US"
L9 Engineer (We work 7 days a week),https://www.ycombinator.com/companies/corgi/jobs/9DxzhjE-l9-engineer-we-work-7-days-a-week,Corgi,$100K - $180K,"San Francisco, CA, US"
L8 Engineer (We work 7 days a week),https://www.ycombinator.com/companies/corgi/jobs/QvXwHKt-l8-engineer-we-work-7-days-a-week,Corgi,$100K - $180K,"San Francisco, CA, US"
L7 Engineer (We work 7 days a week),https://www.ycombinator.com/companies/corgi/jobs/Pbp3mWu-l7-engineer-we-work-7-days-a-week,Corgi,$100K - $180K,"San Francisco, CA, US"
L6 Engineer (We work 7 days a week),https://www.ycombinator.com/companies/corgi/jobs/KgxRjyc-l6-engineer-we-work-7-days-a-week,Corgi,$100K - $180K,"San Francisco, CA, US"
L5 Engineer (We work 7 days a week),https://www.ycombinator.com/companies/corgi/jobs/azgxMT6-l5-engineer-we-work-7-days-a-week,Corgi,$100K - $180K,"San Francisco, CA, US"
L4 Engineer (We work 7 days a week),https://www.ycombinator.com/companies/corgi/jobs/5WHNZut-l4-engineer-we-work-7-days-a-week,Corgi,$100K - $180K,"San Francisco, CA, US"
L3 Engineer (We work 7 days a week),https://www.ycombinator.com/companies/corgi/jobs/hqRxLeE-l3-engineer-we-work-7-days-a-week,Corgi,$100K - $180K,"San Francisco, CA, US"
"Engineering Lead, Full Stack (We work 7 days a week)",https://www.ycombinator.com/companies/corgi/jobs/j7iAFan-engineering-lead-full-stack-we-work-7-days-a-week,Corgi,$100K - $180K,"San Francisco, CA, US"
Principal Full Stack Engineer (We work 7 days a week),https://www.ycombinator.com/companies/corgi/jobs/hmvLxrK-principal-full-stack-engineer-we-work-7-days-a-week,Corgi,$100K - $180K,"San Francisco, CA, US"
Staff Full Stack Engineer (We work 7 days a week),https://www.ycombinator.com/companies/corgi/jobs/V3and6k-staff-full-stack-engineer-we-work-7-days-a-week,Corgi,$100K - $180K,"San Francisco, CA, US"
Mid-Level Software Engineer (We work 7 days a week),https://www.ycombinator.com/companies/corgi/jobs/Lj3PqDe-mid-level-software-engineer-we-work-7-days-a-week,Corgi,$100K - $180K,"San Francisco, CA, US"
Junior Full Stack Engineer (We work 7 days a week),https://www.ycombinator.com/companies/corgi/jobs/i4ErH1r-junior-full-stack-engineer-we-work-7-days-a-week,Corgi,$100K - $180K,"San Francisco, CA, US"
Full Stack Django & Web Scraping Engineer (We work 7 days a week),https://www.ycombinator.com/companies/corgi/jobs/tJD4cI1-full-stack-django-web-scraping-engineer-we-work-7-days-a-week,Corgi,$100K - $180K,"San Francisco, CA, US"
Full Stack Python & Docker Engineer (We work 7 days a week),https://www.ycombinator.com/companies/corgi/jobs/WQ81ws3-full-stack-python-docker-engineer-we-work-7-days-a-week,Corgi,$100K - $180K,"San Francisco, CA, US"
Full Stack React & Redis Engineer (We work 7 days a week),https://www.ycombinator.com/companies/corgi/jobs/feV360G-full-stack-react-redis-engineer-we-work-7-days-a-week,Corgi,$100K - $180K,"San Francisco, CA, US"
Full Stack Javascript & Python Engineer (We work 7 days a week),https://www.ycombinator.com/companies/corgi/jobs/nTGQARi-full-stack-javascript-python-engineer-we-work-7-days-a-week,Corgi,$100K - $180K,"San Francisco, CA, US"
Full Stack Django & Next Engineer (We work 7 days a week),https://www.ycombinator.com/companies/corgi/jobs/gcBqEur-full-stack-django-next-engineer-we-work-7-days-a-week,Corgi,$100K - $180K,"San Francisco, CA, US"
Full Stack FastAPI Engineer (We work 7 days a week),https://www.ycombinator.com/companies/corgi/jobs/S1yuFjo-full-stack-fastapi-engineer-we-work-7-days-a-week,Corgi,$100K - $180K,"San Francisco, CA, US"
Full Stack Django & React Engineer (We work 7 days a week),https://www.ycombinator.com/companies/corgi/jobs/NeALJRh-full-stack-django-react-engineer-we-work-7-days-a-week,Corgi,$100K - $180K,"San Francisco, CA, US"
Full Stack Python & React Engineer (We work 7 days a week),https://www.ycombinator.com/companies/corgi/jobs/T8J5ufu-full-stack-python-react-engineer-we-work-7-days-a-week,Corgi,$100K - $180K,"San Francisco, CA, US"
Full Stack Python Engineer (We work 7 days a week),https://www.ycombinator.com/companies/corgi/jobs/p64i3Az-full-stack-python-engineer-we-work-7-days-a-week,Corgi,$100K - $180K,"San Francisco, CA, US"
Senior Engineer,https://www.ycombinator.com/companies/corgi/jobs/ofKv4Mg-senior-engineer,Corgi,$100K - $180K,"San Francisco, CA, US"
Software Engineer,https://www.ycombinator.com/companies/corgi/jobs/lUmx2ON-software-engineer,Corgi,$100K - $180K,"San Francisco, CA, US"
Golang Developer / Full-Stack Engineer,https://www.ycombinator.com/companies/corgi/jobs/1iSMdrS-golang-developer-full-stack-engineer,Corgi,$100K - $180K,"San Francisco, CA, US"
Ex Founder,https://www.ycombinator.com/companies/corgi/jobs/9wCVpmA-ex-founder,Corgi,$100K - $200K,"San Francisco, CA, US"
Founding Forward Deployed Engineer,https://www.ycombinator.com/companies/phonely/jobs/Raj2SfD-founding-forward-deployed-engineer,Phonely,$90K - $130K,"San Francisco, CA, US"
Founding Engineer (Backend) ,https://www.ycombinator.com/companies/phonely/jobs/YIcOA27-founding-engineer-backend,Phonely,$120K - $200K,"San Francisco, CA, US"
Founding ML Engineer,https://www.ycombinator.com/companies/unsloth-ai/jobs/3RB3eaY-founding-ml-engineer,Unsloth Ai,$200K - $500K,"San Francisco, CA, US"
Founding Engineer,https://www.ycombinator.com/companies/codes-health/jobs/haM9TrD-founding-engineer,Codes Health,$120K - $150K,"New York, NY, US"
Full Stack Engineer - Experiment Team,https://www.ycombinator.com/companies/entangl/jobs/ucyBUa8-full-stack-engineer-experiment-team,Entangl,$120K - $180K,"San Francisco, CA, US"
Front End Engineer - Client Team,https://www.ycombinator.com/companies/entangl/jobs/vib1PWL-front-end-engineer-client-team,Entangl,$120K - $180K,"San Francisco, CA, US"
Full Stack Engineer - Client Team,https://www.ycombinator.com/companies/entangl/jobs/YJeaZ3q-full-stack-engineer-client-team,Entangl,$120K - $180K,"San Francisco, CA, US"
Infrastructure Engineer - Experiment Team,https://www.ycombinator.com/companies/entangl/jobs/WZN4ART-infrastructure-engineer-experiment-team,Entangl,$120K - $180K,"San Francisco, CA, US"
ML Engineer - Experiment Team,https://www.ycombinator.com/companies/entangl/jobs/kAUcJvk-ml-engineer-experiment-team,Entangl,$120K - $180K,"San Francisco, CA, US"
Technical Lead - Experiment Team,https://www.ycombinator.com/companies/entangl/jobs/uqunReP-technical-lead-experiment-team,Entangl,$120K - $180K,"San Francisco, CA, US"
Infrastructure Engineer - Client Team,https://www.ycombinator.com/companies/entangl/jobs/3Yk3bry-infrastructure-engineer-client-team,Entangl,$120K - $180K,"San Francisco, CA, US"
Technical Lead - Client Team,https://www.ycombinator.com/companies/entangl/jobs/UXcrjkS-technical-lead-client-team,Entangl,$120K - $180K,"San Francisco, CA, US"
Forward Deployed Software Engineer,https://www.ycombinator.com/companies/entangl/jobs/G4YCOng-forward-deployed-software-engineer,Entangl,$120K - $170K,"San Francisco, CA, US"
Product Engineer,https://www.ycombinator.com/companies/claimsorted/jobs/pCCciUx-product-engineer,Claimsorted,£80K - £150K GBP,"London, England, GB"
Backend Engineer,https://www.ycombinator.com/companies/hamming-ai/jobs/gxWsyHb-backend-engineer,Hamming Ai,$140K - $200K,"San Francisco, CA, US"
Product Engineer,https://www.ycombinator.com/companies/hamming-ai/jobs/XTCQPuO-product-engineer,Hamming Ai,$140K - $200K,"San Francisco, CA, US"
Founding Engineer (for ex-founders),https://www.ycombinator.com/companies/hamming-ai/jobs/vkR1ijZ-founding-engineer-for-ex-founders,Hamming Ai,$160K - $220K,"San Francisco, CA, US"
"Founding Engineer, Full Stack",https://www.ycombinator.com/companies/prohostai/jobs/E50Yl4C-founding-engineer-full-stack,Prohostai,$100K - $180K,"San Francisco, CA, US / Remote (US)"
Software Engineer,https://www.ycombinator.com/companies/spaceium-inc/jobs/XGMVnH3-software-engineer,Spaceium Inc,$90K - $140K,"San Francisco, CA, US / Remote (US)"
Electrical Engineer,https://www.ycombinator.com/companies/spaceium-inc/jobs/RIMpVIE-electrical-engineer,Spaceium Inc,$90K - $110K,"San Francisco, CA, US / Remote (US)"
Founding Embedded Software Engineer,https://www.ycombinator.com/companies/theseus/jobs/lS0uhdA-founding-embedded-software-engineer,Theseus,$120K - $180K,"San Francisco, CA, US"
Founding Localization Engineer,https://www.ycombinator.com/companies/theseus/jobs/iVNdUWO-founding-localization-engineer,Theseus,$120K - $180K,"San Francisco, CA, US"
Founding Senior Localization Engineer,https://www.ycombinator.com/companies/theseus/jobs/rXUMY8g-founding-senior-localization-engineer,Theseus,$180K - $210K,"San Francisco, CA, US"
Founding Applied AI Engineer,https://www.ycombinator.com/companies/saphira-ai/jobs/xzdpKAm-founding-applied-ai-engineer,Saphira Ai,$100K - $150K,"San Francisco, CA, US / Remote (US)"
Founding Full-Stack Engineer,https://www.ycombinator.com/companies/saphira-ai/jobs/coBVUDL-founding-full-stack-engineer,Saphira Ai,$100K - $150K,"San Francisco, CA, US / Remote (US)"
Founding Engineer,https://www.ycombinator.com/companies/ply-health/jobs/TC9bCbL-founding-engineer,Ply Health,$120K - $200K,"New York, NY, US"
Founding Frontend Engineer (Staff),https://www.ycombinator.com/companies/variant/jobs/ZEEFZxK-founding-frontend-engineer-staff,Variant,$130K - $210K,"San Francisco, CA, US"
Vibe Coder - AI Engineer ,https://www.ycombinator.com/companies/domu-technology-inc/jobs/hwWsGdU-vibe-coder-ai-engineer,Domu Technology Inc,$130K - $150K,"San Francisco, CA, US"
Founding SDR - AE  (Cash + Equity + Comission),https://www.ycombinator.com/companies/domu-technology-inc/jobs/TUwyAxi-founding-sdr-ae-cash-equity-comission,Domu Technology Inc,$50K - $85K,"San Francisco, CA, US / Remote"
Account Executive,https://www.ycombinator.com/companies/roger-2/jobs/grcZCRr-account-executive,Roger 2,₹800K - ₹2M INR,"Bengaluru, KA, IN / IN / Remote (Bengaluru, KA, IN; IN)"
Machine Learning Scientist,https://www.ycombinator.com/companies/ultra/jobs/4eHDieo-machine-learning-scientist,Ultra,$150K - $275K,"New York, NY, US"
Robotics Software Engineer,https://www.ycombinator.com/companies/ultra/jobs/Dureryz-robotics-software-engineer,Ultra,$150K - $250K,"New York, NY, US"
Senior Software Engineer,https://www.ycombinator.com/companies/coval/jobs/zVln7Dq-senior-software-engineer,Coval,$110K - $130K,"San Francisco, CA, US"
Head of Human Resources,https://www.ycombinator.com/companies/k-scale-labs/jobs/iZiLfNw-head-of-human-resources,K Scale Labs,$70K - $150K,"Palo Alto, CA, US"
Robotics Engineer (Software),https://www.ycombinator.com/companies/k-scale-labs/jobs/DK5GZzD-robotics-engineer-software,K Scale Labs,$100K - $250K,"Palo Alto, CA, US"
Robotics Engineer (Electrical),https://www.ycombinator.com/companies/k-scale-labs/jobs/8CEmad4-robotics-engineer-electrical,K Scale Labs,$100K - $250K,"Palo Alto, CA, US"
Founding Engineer,https://www.ycombinator.com/companies/dropback/jobs/D5F51NC-founding-engineer,Dropback,$125K - $175K,US / Remote (US)
Founding Infrastructure Engineer,https://www.ycombinator.com/companies/same/jobs/XvZ64kt-founding-infrastructure-engineer,Same,$150K - $200K,"San Francisco, CA, US / Remote"
Founding Product Engineer,https://www.ycombinator.com/companies/same/jobs/1K0RZrN-founding-product-engineer,Same,$120K - $180K,"San Francisco, CA, US / Remote"
Founding Engineer,https://www.ycombinator.com/companies/reprompt/jobs/YfQBWDH-founding-engineer,Reprompt,$120K - $180K,"San Francisco, CA, US"
Software Engineer,https://www.ycombinator.com/companies/inspectmind-ai/jobs/XlRFssT-software-engineer,Inspectmind Ai,$100K - $200K,"San Francisco, CA, US"
Software Engineer,https://www.ycombinator.com/companies/inspectmind-ai/jobs/rPuRKf1-software-engineer,Inspectmind Ai,$100K - $200K,"San Francisco, CA, US"
Founding Engineer at Yarn (W24),https://www.ycombinator.com/companies/yarn-2/jobs/zEjJAYN-founding-engineer-at-yarn-w24,Yarn 2,$150 - $190,"New York, NY, US"
Founding Sales Development Representative,https://www.ycombinator.com/companies/blacksmith/jobs/g26uvVB-founding-sales-development-representative,Blacksmith,$60K - $90K,San Francisco
Product Designer,https://www.ycombinator.com/companies/crowdvolt/jobs/M06ECmi-product-designer,Crowdvolt,$60K - $90K,"New York, NY, US"
Founding (Full-Stack) Engineer,https://www.ycombinator.com/companies/crowdvolt/jobs/n0ad56u-founding-full-stack-engineer,Crowdvolt,$120K - $180K,"New York, NY, US"
Full Stack Engineer (heavy backend focus),https://www.ycombinator.com/companies/voxops-ai/jobs/ryee6y5-full-stack-engineer-heavy-backend-focus,Voxops Ai,£55K - £90K GBP,"London, England, GB"
Founding Member(s) of Technical Staff,https://www.ycombinator.com/companies/haplotype-labs/jobs/EfF0ixF-founding-member-s-of-technical-staff,Haplotype Labs,$60K - $240K,"Berkeley, CA, US / Remote (US)"
Director of Marketing 🚀 ,https://www.ycombinator.com/companies/healia/jobs/Bqinlwf-director-of-marketing,Healia,$125K - $140K,"Columbus, OH, US"
First Engineering Hire,https://www.ycombinator.com/companies/trueclaim/jobs/pVboa8a-first-engineering-hire,Trueclaim,$100K - $170K,"San Francisco, CA, US"
First operations hire,https://www.ycombinator.com/companies/trueclaim/jobs/BoxGh2d-first-operations-hire,Trueclaim,$80K - $160K,"San Francisco, CA, US / Seattle, WA, US"
Founding Forward Deployed Engineer,https://www.ycombinator.com/companies/reform/jobs/ni2rRqO-founding-forward-deployed-engineer,Reform,$125K - $175K,"San Francisco, CA, US"
Founding Product Designer,https://www.ycombinator.com/companies/reform/jobs/Hu4HInC-founding-product-designer,Reform,$100K - $130K,"San Francisco, CA, US"
Research Engineer - Foundational AI,https://www.ycombinator.com/companies/piramidal/jobs/neQ9JaN-research-engineer-foundational-ai,Piramidal,$120K - $280K,"New York, NY, US / London, England, GB"
Founding Engineer / Full Stack,https://www.ycombinator.com/companies/spur/jobs/nmQ6lJD-founding-engineer-full-stack,Spur,$130K - $225K,"New York, NY, US"
Product Design / UI / UX,https://www.ycombinator.com/companies/oddsview/jobs/bZecIEK-product-design-ui-ux,Oddsview,$10K - $20K,US / Remote (US)
Software Engineer (Backend),https://www.ycombinator.com/companies/oddsview/jobs/E15OzAf-software-engineer-backend,Oddsview,$15K - $30K,IN / Remote (IN)
UX/UI Designer,https://www.ycombinator.com/companies/senso/jobs/UI9UBty-ux-ui-designer,Senso,$60K - $130K CAD,"Toronto, ON, CA / Toronto, Ontario, CA / San Francisco, CA, US / Remote (US)"
Founding Account Executive,https://www.ycombinator.com/companies/senso/jobs/b27UM6p-founding-account-executive,Senso,$100K - $130K,"Toronto, ON, CA / Toronto, Ontario, CA / San Francisco, CA, US / Remote (CA; US)"
Frontend Engineer,https://www.ycombinator.com/companies/senso/jobs/UcB9z2t-frontend-engineer,Senso,$80K - $130K CAD,"CA / Toronto, ON, CA / Toronto, Ontario, CA / ON, CA / Ontario, CA / Remote (CA; Toronto, ON, CA; Toronto, Ontario, CA; ON, CA; Ontario, CA)"
Founding Account Executive,https://www.ycombinator.com/companies/powder/jobs/GIUnT1t-founding-account-executive,Powder,$75K - $150K,"Redwood City, CA, US / San Francisco, CA, US"
Founding Full Stack Engineer,https://www.ycombinator.com/companies/powder/jobs/nPIU29b-founding-full-stack-engineer,Powder,$100K - $150K,"Redwood City, CA, US"
Founding Software Engineer,https://www.ycombinator.com/companies/penciled/jobs/fqcAOD6-founding-software-engineer,Penciled,$80K - $150K,"San Francisco, CA, US"
Founding Engineer,https://www.ycombinator.com/companies/commodityai/jobs/yZkCefX-founding-engineer,Commodityai,$125K - $250K,"San Francisco, CA, US"
"Member of Technical Staff, Founding Machine Learning Engineer",https://www.ycombinator.com/companies/ocular-ai/jobs/9UVGCDr-member-of-technical-staff-founding-machine-learning-engineer,Ocular Ai,$130K - $200K,"San Francisco, CA, US"
"Member of Technical Staff, Founding Frontend Engineer",https://www.ycombinator.com/companies/ocular-ai/jobs/Cjr9AlQ-member-of-technical-staff-founding-frontend-engineer,Ocular Ai,$130K - $200K,"San Francisco, CA, US"
"Member of Technical Staff, Founding Design Engineer",https://www.ycombinator.com/companies/ocular-ai/jobs/GWPuqvr-member-of-technical-staff-founding-design-engineer,Ocular Ai,$130K - $200K,"San Francisco, CA, US"
"Member of Technical Staff, Founding Backend Engineer",https://www.ycombinator.com/companies/ocular-ai/jobs/BFBHWQd-member-of-technical-staff-founding-backend-engineer,Ocular Ai,$150K - $200K,"San Francisco, CA, US"
Ex-Founder,https://www.ycombinator.com/companies/retell-ai/jobs/eQD4mgz-ex-founder,Retell Ai,$150K - $310K,"San Carlos, CA, US"
Founding Chief of Staff,https://www.ycombinator.com/companies/retell-ai/jobs/lPiDlW8-founding-chief-of-staff,Retell Ai,$150K - $230K,"San Carlos, CA, US"
Founding Senior Machine Learning Engineer,https://www.ycombinator.com/companies/retell-ai/jobs/de8O8Ce-founding-senior-machine-learning-engineer,Retell Ai,$200K - $310K,"San Carlos, CA, US"
Head of GTM,https://www.ycombinator.com/companies/retell-ai/jobs/s6feRR7-head-of-gtm,Retell Ai,$140K - $180K,"Redwood City, CA, US"
Sales Development Representative (Intern),https://www.ycombinator.com/companies/retell-ai/jobs/JlBEUAm-sales-development-representative-intern,Retell Ai,$25,US / Remote (US)
Founding Forward Deployed AI Engineer,https://www.ycombinator.com/companies/retell-ai/jobs/1okdYK9-founding-forward-deployed-ai-engineer,Retell Ai,$200K - $310K,"San Carlos, CA, US"
Founding Senior Software Engineer (Backend),https://www.ycombinator.com/companies/retell-ai/jobs/3yPgfmB-founding-senior-software-engineer-backend,Retell Ai,$200K - $310K,"San Carlos, CA, US"
Graphic Designer Intern,https://www.ycombinator.com/companies/retell-ai/jobs/7eQ4QAW-graphic-designer-intern,Retell Ai,Any,Remote (US)
Founding Senior Software Engineer (Full Stack),https://www.ycombinator.com/companies/retell-ai/jobs/m849yyY-founding-senior-software-engineer-full-stack,Retell Ai,$200K - $310K,"San Carlos, CA, US"
Founding Backend Engineer - Airline Loyalty,https://www.ycombinator.com/companies/rove/jobs/WOiFl9H-founding-backend-engineer-airline-loyalty,Rove,$150K - $200K,"New York, NY, US"
"Software Engineer, Full Stack",https://www.ycombinator.com/companies/spark/jobs/kDeJlPK-software-engineer-full-stack,Spark,$150K - $200K,"San Francisco, CA, US"
Full-stack engineer,https://www.ycombinator.com/companies/stacksync/jobs/rH8hcby-full-stack-engineer,Stacksync,$60K - $150K,"San Francisco, CA, US / Lausanne, VD, CH / FR / Remote (FR; CH; IT; DE; US)"
Product Engineer,https://www.ycombinator.com/companies/hatchet-2/jobs/eopXhc4-product-engineer,Hatchet 2,$130K - $190K,"NY, US / New York, NY, US / Remote"
Founding Engineer,https://www.ycombinator.com/companies/hatchet-2/jobs/SNpCmgI-founding-engineer,Hatchet 2,$150K - $210K,"New York, NY, US"
ML Engineer/Researcher,https://www.ycombinator.com/companies/sonauto/jobs/b34gnqK-ml-engineer-researcher,Sonauto,$120K - $230K,"San Francisco, CA, US"
Founding Engineer,https://www.ycombinator.com/companies/bitesight/jobs/BKo8uCL-founding-engineer,Bitesight,$110K - $175K,"New York, NY, US"
Senior Engineer,https://www.ycombinator.com/companies/zep-ai/jobs/nvu6vdR-senior-engineer,Zep Ai,$150K - $250K,"San Francisco, CA, US / Remote (US; CA)"
Staff Engineer,https://www.ycombinator.com/companies/zep-ai/jobs/e2QxKYu-staff-engineer,Zep Ai,$150K - $250K,"San Francisco, CA, US / Remote (US; CA)"
Founding Account Executive ,https://www.ycombinator.com/companies/openmart/jobs/c5n9kvs-founding-account-executive,Openmart,$60K - $120K,"Foster City, CA, US"
Business operation intern ,https://www.ycombinator.com/companies/openmart/jobs/iuWfB0v-business-operation-intern,Openmart,$80K - $120K,"Foster City, CA, US"
Founding Sales Development Rep (SDR),https://www.ycombinator.com/companies/openmart/jobs/skuFghR-founding-sales-development-rep-sdr,Openmart,$60K - $150K,"Foster City, CA, US"
Founding Engineer (Backend),https://www.ycombinator.com/companies/openmart/jobs/GvFaiQN-founding-engineer-backend,Openmart,$120K - $160K,"Foster City, CA, US"
Content and Marketing Intern,https://www.ycombinator.com/companies/ultra-2/jobs/Ie4CieK-content-and-marketing-intern,Ultra 2,Any,US / Remote (US)
Software Engineering Intern ,https://www.ycombinator.com/companies/ultra-2/jobs/5gB5XjC-software-engineering-intern,Ultra 2,$100K,"San Francisco, CA, US / Remote (US)"
Founding Full Stack Software Engineer,https://www.ycombinator.com/companies/ultra-2/jobs/3uhaW5Z-founding-full-stack-software-engineer,Ultra 2,$70K - $200K,"San Francisco, CA, US / Remote (San Francisco, CA, US; New York, NY, US)"
Founding Software Engineer,https://www.ycombinator.com/companies/sample/jobs/105X8oP-founding-software-engineer,Sample,$100K - $180K,"San Francisco, CA, US"
Software Engineering Intern,https://www.ycombinator.com/companies/brainbase/jobs/T1XZAbG-software-engineering-intern,Brainbase,$75K - $125K,"San Francisco, CA, US"
Founding SDR,https://www.ycombinator.com/companies/brainbase/jobs/6Fff0rv-founding-sdr,Brainbase,$150K - $200K,San Francisco
Founding Growth Marketer,https://www.ycombinator.com/companies/brainbase/jobs/XjGMR31-founding-growth-marketer,Brainbase,$90K - $150K,San Francisco
Founding Account Executive,https://www.ycombinator.com/companies/brainbase/jobs/8YBlbD1-founding-account-executive,Brainbase,$300K - $375K,"San Francisco, CA, US"
Forward Deployed Engineer,https://www.ycombinator.com/companies/brainbase/jobs/RpzQDaa-forward-deployed-engineer,Brainbase,$80K - $150K,"San Francisco, CA, US"
Solutions Engineer,https://www.ycombinator.com/companies/brainbase/jobs/z0Vak3u-solutions-engineer,Brainbase,$70K - $150K,"San Francisco, CA, US"
Founding Infrastructure Engineer,https://www.ycombinator.com/companies/brainbase/jobs/DM9lpD9-founding-infrastructure-engineer,Brainbase,$150K - $250K,"San Francisco, CA, US"
Founding Head of Sales,https://www.ycombinator.com/companies/brainbase/jobs/7cyEi9a-founding-head-of-sales,Brainbase,$125K - $225K,"San Francisco, CA, US"
Founding Engineer,https://www.ycombinator.com/companies/brainbase/jobs/aslqKqO-founding-engineer,Brainbase,$125K - $250K,"San Francisco, CA, US"
Sales Development Representative ,https://www.ycombinator.com/companies/givefront/jobs/WzWW8Rw-sales-development-representative,Givefront,$60 - $130,"San Francisco, CA, US / Remote (US)"
"Founding Engineer, Platform",https://www.ycombinator.com/companies/givefront/jobs/dfBsC81-founding-engineer-platform,Givefront,$120K - $180K,"San Francisco, CA, US"
"Intern, Content Marketing",https://www.ycombinator.com/companies/givefront/jobs/5GB4pgG-intern-content-marketing,Givefront,$20,"San Francisco, CA, US / Remote (US)"
Backend Software Engineer,https://www.ycombinator.com/companies/artos/jobs/Yxv2if4-backend-software-engineer,Artos,3+ years,"San Francisco, CA, US"
"Medical Writer, QC Specialist",https://www.ycombinator.com/companies/artos/jobs/q3GcRVS-medical-writer-qc-specialist,Artos,Any (new grads ok),"San Francisco, CA, US / Remote (US)"
Senior Frontend Engineer,https://www.ycombinator.com/companies/model-ml/jobs/YA7ZQn4-senior-frontend-engineer,Model Ml,$100K - $220K,"London, England, GB"
Growth Intern,https://www.ycombinator.com/companies/model-ml/jobs/F5nmbMz-growth-intern,Model Ml,$30K,"London, England, GB / New York, NY, US"
Head of Legal,https://www.ycombinator.com/companies/model-ml/jobs/xzML0OY-head-of-legal,Model Ml,$80K - $200K,"London, England, GB"
Operations,https://www.ycombinator.com/companies/model-ml/jobs/LcaMAjR-operations,Model Ml,$35K - $50K,"London, England, GB"
Growth,https://www.ycombinator.com/companies/model-ml/jobs/NgPldYS-growth,Model Ml,$80K - $100K,SG / HK / IN / US / Remote (SG; HK; IN; US)
Senior Finance Manager,https://www.ycombinator.com/companies/model-ml/jobs/gDIzVwt-senior-finance-manager,Model Ml,£80 - £150 GBP,"London, England, GB"
Product Growth,https://www.ycombinator.com/companies/model-ml/jobs/lrPAkoP-product-growth,Model Ml,$70K - $130K,"New York, NY, US / Remote (London, England, GB)"
Full Stack,https://www.ycombinator.com/companies/model-ml/jobs/vO8sUVn-full-stack,Model Ml,$80K - $140K,"London, England, GB"
Full Stack / Backend Engineer,https://www.ycombinator.com/companies/model-ml/jobs/raMf3m0-full-stack-backend-engineer,Model Ml,$80K - $140K,"London, England, GB"
Founding Software Engineer,https://www.ycombinator.com/companies/betterbasket/jobs/wsZC1jR-founding-software-engineer,Betterbasket,$120K - $160K,"San Francisco, CA, US"
Software Engineer,https://www.ycombinator.com/companies/circleback/jobs/xOkieCx-software-engineer,Circleback,$125K - $190K,"San Francisco, CA, US"
Customer Success Manager (CSM),https://www.ycombinator.com/companies/just-words/jobs/Dubwcki-customer-success-manager-csm,Just Words,$40K - $80K,"San Francisco, CA, US"
Founding BDR or Account Executive,https://www.ycombinator.com/companies/just-words/jobs/9akLpfv-founding-bdr-or-account-executive,Just Words,$60K - $120K,"San Francisco, CA, US"
Founding Engineer,https://www.ycombinator.com/companies/just-words/jobs/P31ydkp-founding-engineer,Just Words,$100K - $180K,"San Francisco, CA, US"
Senior Software Engineer,https://www.ycombinator.com/companies/dianahr/jobs/BYPFXCj-senior-software-engineer,Dianahr,$100K - $140K,"San Francisco, CA, US"
HR Generalist (Onsite),https://www.ycombinator.com/companies/dianahr/jobs/9e1MVGg-hr-generalist-onsite,Dianahr,$100K - $130K,"San Francisco, CA, US"
Founding GTM (Onsite),https://www.ycombinator.com/companies/dianahr/jobs/2kvH3e8-founding-gtm-onsite,Dianahr,$80K - $120K,"San Francisco, CA, US"
Experimental Robotics Internship ,https://www.ycombinator.com/companies/yondu/jobs/hoAiiz8-experimental-robotics-internship,Yondu,$3K - $5K,"Gardena, CA, US"
Robotics Software Technician,https://www.ycombinator.com/companies/yondu/jobs/xD5P9b2-robotics-software-technician,Yondu,$60K - $90K,"Los Angeles, CA, US"
Founding Researcher,https://www.ycombinator.com/companies/yondu/jobs/QAKnidR-founding-researcher,Yondu,$120K - $200K,"Gardena, CA, US / Los Angeles, CA, US"
Founding Robotics Engineer,https://www.ycombinator.com/companies/yondu/jobs/DEor4se-founding-robotics-engineer,Yondu,$120K - $200K,"Gardena, CA, US / Los Angeles, CA, US"
Founding Engineer (Backend),https://www.ycombinator.com/companies/dawn/jobs/3rxDvcR-founding-engineer-backend,Dawn,$80K - $200K,"San Francisco, CA, US"
Full-Stack Software Engineer,https://www.ycombinator.com/companies/centauri-ai/jobs/zv9lqeO-full-stack-software-engineer,Centauri Ai,$120K - $150K,"San Francisco, CA, US"
Senior Full-Stack Software Engineer,https://www.ycombinator.com/companies/centauri-ai/jobs/n0sPQQK-senior-full-stack-software-engineer,Centauri Ai,$140K - $200K,"San Francisco, CA, US"
Founding AI Full-Stack Engineer,https://www.ycombinator.com/companies/prosights/jobs/9RhuCwm-founding-ai-full-stack-engineer,Prosights,$145K - $190K,"New York, NY, US"
AI / LLM Engineer,https://www.ycombinator.com/companies/edgetrace/jobs/rc0unxk-ai-llm-engineer,Edgetrace,$100 - $150,"San Mateo, CA, US"
Backend / Infrastructure Engineer,https://www.ycombinator.com/companies/edgetrace/jobs/3o74VAm-backend-infrastructure-engineer,Edgetrace,$100K - $150K,"San Mateo, CA, US"
Product / Full-Stack Engineer,https://www.ycombinator.com/companies/edgetrace/jobs/vAUaplt-product-full-stack-engineer,Edgetrace,$100K - $150K,"San Mateo, CA, US"
Computer Vision / Video AI Engineer,https://www.ycombinator.com/companies/edgetrace/jobs/4GCbi25-computer-vision-video-ai-engineer,Edgetrace,$100K - $150K,"San Mateo, CA, US"
Sales Development Representative,https://www.ycombinator.com/companies/opencall-ai/jobs/0ISRLyv-sales-development-representative,Opencall Ai,$70K - $90K,"New York, NY, US"
M&A Advisor,https://www.ycombinator.com/companies/offdeal/jobs/1QiM33a-m-a-advisor,Offdeal,$150K - $200K,New York
Business Development Representative,https://www.ycombinator.com/companies/offdeal/jobs/GZ9Ob7s-business-development-representative,Offdeal,$80K - $90K,New York
Founding Full Stack Engineer,https://www.ycombinator.com/companies/offdeal/jobs/99yJvlo-founding-full-stack-engineer,Offdeal,$165K - $230K,"New York, NY, US"
Founding Account Executive at Delve (YC W24),https://www.ycombinator.com/companies/delve/jobs/EjfTUfQ-founding-account-executive-at-delve-yc-w24,Delve,$80K - $200K,"San Francisco, CA, US"
Founding Fullstack Engineer at Delve (YC W24),https://www.ycombinator.com/companies/delve/jobs/iiLiLOW-founding-fullstack-engineer-at-delve-yc-w24,Delve,$130K - $150K,"San Francisco, CA, US"
Founding Engineer - Full Stack,https://www.ycombinator.com/companies/andy-ai/jobs/TXZ6eTG-founding-engineer-full-stack,Andy Ai,$100K - $180K,"San Francisco, CA, US"
Founding Engineer - Healthcare AI,https://www.ycombinator.com/companies/andy-ai/jobs/lrsiSTP-founding-engineer-healthcare-ai,Andy Ai,$100K - $200K,"San Francisco, CA, US"
Senior AI Engineer,https://www.ycombinator.com/companies/conduit-2/jobs/Kz3THIb-senior-ai-engineer,Conduit 2,€60 - €120K EUR,"San Francisco, CA, US / Milan, Lombardy, IT"
Founding Recruiter,https://www.ycombinator.com/companies/toma/jobs/EbsHH0E-founding-recruiter,Toma,$175K - $250K,"San Francisco, CA, US"
LLM Onboarding & Customer Success Specialist,https://www.ycombinator.com/companies/toma/jobs/GcrpP7k-llm-onboarding-customer-success-specialist,Toma,$78K - $100K,Remote (US) / Remote (US)
Digital/Scaled CS Manager – (Automation & AI),https://www.ycombinator.com/companies/toma/jobs/7uv2TZC-digital-scaled-cs-manager-automation-ai,Toma,$92K - $120K,Remote (US) / Remote (US)
Software Engineer (Integrations & Partnerships),https://www.ycombinator.com/companies/toma/jobs/PWKP6LV-software-engineer-integrations-partnerships,Toma,$160K - $220K,"Dogpatch, San Francisco, CA"
Software Engineer (Product),https://www.ycombinator.com/companies/toma/jobs/PVx822X-software-engineer-product,Toma,$160K - $220K,"Dogpatch, San Francisco, CA"
Senior Flight Software Engineer,https://www.ycombinator.com/companies/astro-mechanica/jobs/KWoAJ6e-senior-flight-software-engineer,Astro Mechanica,,San Francisco
Prototype Machinist (Lathe),https://www.ycombinator.com/companies/astro-mechanica/jobs/3Kv89PS-prototype-machinist-lathe,Astro Mechanica,,San Francisco
Prototype Machinist (5 Axis Mill),https://www.ycombinator.com/companies/astro-mechanica/jobs/c40oUm8-prototype-machinist-5-axis-mill,Astro Mechanica,,San Francisco
Senior Propulsion Design Engineer,https://www.ycombinator.com/companies/astro-mechanica/jobs/fQXHgbU-senior-propulsion-design-engineer,Astro Mechanica,,San Francisco
Senior Propulsion Development Engineer,https://www.ycombinator.com/companies/astro-mechanica/jobs/LKSBAls-senior-propulsion-development-engineer,Astro Mechanica,,San Francisco
Open Resume Submission,https://www.ycombinator.com/companies/astro-mechanica/jobs/CnuC8nx-open-resume-submission,Astro Mechanica,,San Francisco
Senior ML Engineer,https://www.ycombinator.com/companies/draftaid/jobs/nZHEno2-senior-ml-engineer,Draftaid,$140K - $200K,"Mississauga, ON, CA / Mississauga, Ontario, CA"
Senior Technical Drafter ,https://www.ycombinator.com/companies/draftaid/jobs/FtSrVta-senior-technical-drafter,Draftaid,$40K - $80K,"Mississauga, ON, CA / Mississauga, Ontario, CA / Remote"
Senior+ Software Engineer,https://www.ycombinator.com/companies/draftaid/jobs/7d48v4k-senior-software-engineer,Draftaid,$140K - $200K,"Mississauga, ON, CA / Mississauga, Ontario, CA"
Founding AI Engineer,https://www.ycombinator.com/companies/ellipsis/jobs/hOLJHSp-founding-ai-engineer,Ellipsis,$100K - $200K,"New York, NY, US"
Founding Engineer,https://www.ycombinator.com/companies/dime-2/jobs/iqlwsSF-founding-engineer,Dime 2,$100K - $150K,"New York, NY, US"
Founding Engineer,https://www.ycombinator.com/companies/dime-2/jobs/6O6EtMq-founding-engineer,Dime 2,$100K - $150K,"New York, NY, US"
Founding Engineer (Applied AI),https://www.ycombinator.com/companies/centralize/jobs/u9VfAdu-founding-engineer-applied-ai,Centralize,$100K - $160K,"San Francisco, CA, US / Remote (US)"
Founding Engineer (Full-Stack),https://www.ycombinator.com/companies/centralize/jobs/BzGLFaq-founding-engineer-full-stack,Centralize,$100K - $160K,"San Francisco, CA, US / Remote (US)"
"Research Scientist, Generative AI/Video",https://www.ycombinator.com/companies/sync-2/jobs/cqTFN20-research-scientist-generative-ai-video,Sync 2,₹1M - ₹10M INR,Bengaluru
Machine Learning Engineer,https://www.ycombinator.com/companies/sync-2/jobs/b6eEWM6-machine-learning-engineer,Sync 2,₹1M - ₹10M INR,Bengaluru
Machine Learning Engineer,https://www.ycombinator.com/companies/sync-2/jobs/BGUHCUn-machine-learning-engineer,Sync 2,$165K - $240K,San Francisco
Frontend Engineer,https://www.ycombinator.com/companies/sync-2/jobs/PLNEgvz-frontend-engineer,Sync 2,$165K - $250K,San Francisco
Fullstack/Product Engineer,https://www.ycombinator.com/companies/sync-2/jobs/aiRMOTu-fullstack-product-engineer,Sync 2,$130K - $200K,San Francisco
Founding engineer ,https://www.ycombinator.com/companies/markprompt/jobs/Vcmqv7Z-founding-engineer,Markprompt,$130K - $200K,"San Francisco, CA, US"
Computational Biologist - Protein Engineering,https://www.ycombinator.com/companies/tamarind-bio/jobs/Sfd2dcu-computational-biologist-protein-engineering,Tamarind Bio,$150K - $250K,"San Francisco, CA, US"
Founding Software Engineer,https://www.ycombinator.com/companies/tamarind-bio/jobs/OEkMxsJ-founding-software-engineer,Tamarind Bio,$150K - $250K,"San Francisco, CA, US"
Founding Growth Lead,https://www.ycombinator.com/companies/clarion/jobs/NeEdNoP-founding-growth-lead,Clarion,$110K - $150K,NYC Office
Founding Product Designer,https://www.ycombinator.com/companies/clarion/jobs/2ZSVk1k-founding-product-designer,Clarion,$120K - $160K,NYC Office
Partner Success Lead,https://www.ycombinator.com/companies/clarion/jobs/9TlvTiC-partner-success-lead,Clarion,$100K - $140K,NYC Office
Product Engineer,https://www.ycombinator.com/companies/clarion/jobs/gjupNXw-product-engineer,Clarion,$140K - $180K,NYC Office
Backend Engineer,https://www.ycombinator.com/companies/clarion/jobs/hraSaM9-backend-engineer,Clarion,$140K - $180K,NYC Office
Founding Full-Stack Engineer,https://www.ycombinator.com/companies/clarion/jobs/KkT1fuS-founding-full-stack-engineer,Clarion,$150K - $190K,NYC Office
Operations Intern,https://www.ycombinator.com/companies/intercept/jobs/FhiEgsO-operations-intern,Intercept,$20,US / Remote (US)
Software Engineer,https://www.ycombinator.com/companies/intercept/jobs/9ZQ9ila-software-engineer,Intercept,$100K - $150K,"San Francisco, CA, US"
Founding Software Engineer,https://www.ycombinator.com/companies/decipher-ai/jobs/rmMkF9j-founding-software-engineer,Decipher Ai,$160K - $220K,"San Francisco, CA, US"
Founding Software Engineer (Full-stack),https://www.ycombinator.com/companies/lemon-slice/jobs/W2dghVG-founding-software-engineer-full-stack,Lemon Slice,$140K - $220K,"San Francisco, CA, US"
Full Stack Engineer,https://www.ycombinator.com/companies/omniai/jobs/LG5jeP2-full-stack-engineer,Omniai,$125K - $175K,"San Francisco, CA, US"
Content + Growth Engineer,https://www.ycombinator.com/companies/omniai/jobs/AgQDKVw-content-growth-engineer,Omniai,$75K - $125K,"San Francisco, CA, US"
"Founding Engineer, Full-Stack",https://www.ycombinator.com/companies/promptarmor/jobs/hZ3xFlj-founding-engineer-full-stack,Promptarmor,$120K - $180K,"San Francisco, CA, US"
Founding Engineer,https://www.ycombinator.com/companies/meticulate/jobs/PyOgUuU-founding-engineer,Meticulate,$120K - $160K,"San Francisco, CA, US"
Founding Engineer,https://www.ycombinator.com/companies/cloudcruise/jobs/coiFb4X-founding-engineer,Cloudcruise,$110K - $150K,"San Francisco, CA, US"
Organic Chemist,https://www.ycombinator.com/companies/yoneda-labs/jobs/KRzYfYi-organic-chemist,Yoneda Labs,$80K - $190K,"San Francisco, CA, US"
Senior Backend Engineer (Product and Full stack experience is a big plus),https://www.ycombinator.com/companies/trellis/jobs/vWx8g7v-senior-backend-engineer-product-and-full-stack-experience-is-a-big-plus,Trellis,$110K - $225K,"San Francisco, CA, US / Remote"
Business Operations and growth intern,https://www.ycombinator.com/companies/trellis/jobs/v5NAWx3-business-operations-and-growth-intern,Trellis,$40K - $130K,"San Francisco, CA, US"
"Founding Engineer (Fullstack, Backend focus)",https://www.ycombinator.com/companies/trellis/jobs/xt68AB1-founding-engineer-fullstack-backend-focus,Trellis,$110K - $225K,"San Francisco, CA, US / Remote"
Business Operations and growth intern,https://www.ycombinator.com/companies/trellis/jobs/oCX9dbM-business-operations-and-growth-intern,Trellis,$40K - $130K,"San Francisco, CA, US"
Business Operations and growth intern,https://www.ycombinator.com/companies/trellis/jobs/pzAZ0gS-business-operations-and-growth-intern,Trellis,$40K - $130K,"San Francisco, CA, US"
"Founding Engineer (Fullstack, Backend focus)",https://www.ycombinator.com/companies/trellis/jobs/QxHL1AF-founding-engineer-fullstack-backend-focus,Trellis,$110K - $225K,"San Francisco, CA, US / Remote"
Backend intern (experience with Infrastructure is a big plus),https://www.ycombinator.com/companies/trellis/jobs/A6issGM-backend-intern-experience-with-infrastructure-is-a-big-plus,Trellis,$110K - $225K,"San Francisco, CA, US / Remote"
Backend intern (experience with Infrastructure is a big plus),https://www.ycombinator.com/companies/trellis/jobs/rZeeyFa-backend-intern-experience-with-infrastructure-is-a-big-plus,Trellis,$110K - $225K,"San Francisco, CA, US / Remote"
Senior Backend Engineer (Product and Full stack experience is a big plus),https://www.ycombinator.com/companies/trellis/jobs/7vGTphf-senior-backend-engineer-product-and-full-stack-experience-is-a-big-plus,Trellis,$110K - $225K,"San Francisco, CA, US / Remote"
AI/ML Engineer,https://www.ycombinator.com/companies/artisan/jobs/SOQg7qI-ai-ml-engineer,Artisan,$130K - $230K,"San Francisco, CA, US"
Frontend Engineer,https://www.ycombinator.com/companies/artisan/jobs/a9uH8I0-frontend-engineer,Artisan,$130K - $210K,"San Francisco, CA, US"
VP of Customer Success,https://www.ycombinator.com/companies/artisan/jobs/yvNxpis-vp-of-customer-success,Artisan,$175K - $225K,"San Francisco, CA, US"
General Manager,https://www.ycombinator.com/companies/artisan/jobs/8Wq7BcP-general-manager,Artisan,$150K - $220K,"San Francisco, CA, US"
Product Designer,https://www.ycombinator.com/companies/artisan/jobs/rgChI1P-product-designer,Artisan,$120K - $160K,"San Francisco, CA, US"
Marketing Manager,https://www.ycombinator.com/companies/artisan/jobs/hqMUTWW-marketing-manager,Artisan,$110K - $150K,"San Francisco, CA, US"
Full Stack Engineer,https://www.ycombinator.com/companies/artisan/jobs/hqrxcSq-full-stack-engineer,Artisan,$30K - $70K,IN / Remote (IN)
Enterprise Account Executive,https://www.ycombinator.com/companies/artisan/jobs/vHJoLpc-enterprise-account-executive,Artisan,$150K - $220K,"San Francisco, CA, US / Remote (US)"
Growth Marketing,https://www.ycombinator.com/companies/artisan/jobs/VB18WhV-growth-marketing,Artisan,$110K - $160K,"San Francisco, CA, US"
Full Stack Engineer,https://www.ycombinator.com/companies/artisan/jobs/BgWVElZ-full-stack-engineer,Artisan,$130K - $210K,"San Francisco, CA, US"
Full Stack Engineer,https://www.ycombinator.com/companies/artisan/jobs/PrEGq77-full-stack-engineer,Artisan,$40K - $90K,BR / Remote (BR)
Backend Engineer,https://www.ycombinator.com/companies/artisan/jobs/QNttgQ2-backend-engineer,Artisan,$130K - $210K,"San Francisco, CA, US"
Founding Engineer,https://www.ycombinator.com/companies/roe-ai/jobs/CZrzxk6-founding-engineer,Roe Ai,$100K - $200K,"San Mateo, CA, US"
Founding Account Executive,https://www.ycombinator.com/companies/roe-ai/jobs/UPatFqw-founding-account-executive,Roe Ai,$50K - $150K,"San Mateo, CA, US"
Insurance Domain Expert,https://www.ycombinator.com/companies/furtherai/jobs/cvIZScU-insurance-domain-expert,Furtherai,$140K - $200K,"San Francisco, CA, US"
Account Executive ,https://www.ycombinator.com/companies/furtherai/jobs/kdIIjL9-account-executive,Furtherai,$70K - $130K,"San Francisco, CA, US"
Frontend Engineer - Web,https://www.ycombinator.com/companies/furtherai/jobs/zrN2j29-frontend-engineer-web,Furtherai,$120K - $180K,"San Francisco, CA, US"
Software Engineer - Backend/Fullstack,https://www.ycombinator.com/companies/furtherai/jobs/sGJen8v-software-engineer-backend-fullstack,Furtherai,$120K - $180K,"San Francisco, CA, US"
Founding Product Designer,https://www.ycombinator.com/companies/furtherai/jobs/6WUFPDY-founding-product-designer,Furtherai,$75K - $150K,"San Francisco, CA, US / Remote"
Founding Applied Research Engineer,https://www.ycombinator.com/companies/furtherai/jobs/MCLEvo5-founding-applied-research-engineer,Furtherai,$150K - $220K,"San Francisco, CA, US"
Social Media and Content Marketing Specialist,https://www.ycombinator.com/companies/furtherai/jobs/8M2ojqx-social-media-and-content-marketing-specialist,Furtherai,$60K - $100K,"San Francisco, CA, US / Remote (US)"
Sales Development Representative,https://www.ycombinator.com/companies/furtherai/jobs/G6CMA8T-sales-development-representative,Furtherai,$90K - $100K,"San Francisco, CA, US / Remote (US)"
Software Engineer - Backend/Fullstack [Remote],https://www.ycombinator.com/companies/furtherai/jobs/YZZvimn-software-engineer-backend-fullstack-remote,Furtherai,$40K - $80K,Remote
Engineer,https://www.ycombinator.com/companies/arini/jobs/qMA0IKo-engineer,Arini,$100K - $180K,"San Francisco, CA, US"
Founding Design Engineer,https://www.ycombinator.com/companies/paradigm/jobs/0rREM7g-founding-design-engineer,Paradigm,$150K - $250K,San Francisco
General Application,https://www.ycombinator.com/companies/paradigm/jobs/NU7Bvtr-general-application,Paradigm,$120K - $160K,San Francisco
Founding Engineer,https://www.ycombinator.com/companies/paradigm/jobs/nFNWweP-founding-engineer,Paradigm,$150K - $250K,"San Francisco, CA, US"
Senior Founding Engineer,https://www.ycombinator.com/companies/pointone/jobs/AIGU18v-senior-founding-engineer,Pointone,$120K - $220K,"New York, NY, US"
Social Media Content Creator,https://www.ycombinator.com/companies/fractal-labs/jobs/gPLDQpv-social-media-content-creator,Fractal Labs,$15 - $23,Remote (US)
Unity Engineer,https://www.ycombinator.com/companies/fractal-labs/jobs/QUFSR21-unity-engineer,Fractal Labs,$45K - $90K,Remote (US)
Community Manager,https://www.ycombinator.com/companies/fractal-labs/jobs/P9XiG6L-community-manager,Fractal Labs,$40K - $65K,Remote (US)
Robotics Software Engineer,https://www.ycombinator.com/companies/pivot-robotics/jobs/0sRNlmU-robotics-software-engineer,Pivot Robotics,$100K - $150K,"San Francisco, CA, US"
Software Engineering Intern (Summer 2025),https://www.ycombinator.com/companies/garage-2/jobs/I3QSTC3-software-engineering-intern-summer-2025,Garage 2,$12.5K - $17.5K,New York City
Product Operations Lead,https://www.ycombinator.com/companies/garage-2/jobs/TbPR2OF-product-operations-lead,Garage 2,$100K - $125K,New York City
Growth Associate,https://www.ycombinator.com/companies/garage-2/jobs/mSNOyYN-growth-associate,Garage 2,$70K - $100K,"New York, NY, US"
Software Engineer,https://www.ycombinator.com/companies/garage-2/jobs/xl1Hd0k-software-engineer,Garage 2,$125K - $175K,"New York, NY, US"
"Software Engineer, Data",https://www.ycombinator.com/companies/argon-ai-inc/jobs/50kddiK-software-engineer-data,Argon Ai Inc,$120K - $200K,"New York, NY, US"
Product Engineer,https://www.ycombinator.com/companies/argon-ai-inc/jobs/7iJsWLx-product-engineer,Argon Ai Inc,$120K - $200K,"New York, NY, US"
🚨 Founding Customer Success Manager 🚨,https://www.ycombinator.com/companies/apriora/jobs/k3ucfh4-founding-customer-success-manager,Apriora,$100K - $200K,"San Francisco, CA, US"
💥 Sales Development Rep (SDR) 💥,https://www.ycombinator.com/companies/apriora/jobs/Fugx272-sales-development-rep-sdr,Apriora,$80K - $150K,"San Francisco, CA, US"
✨ Account Executive (AE) ✨,https://www.ycombinator.com/companies/apriora/jobs/uKhdQ4Z-account-executive-ae,Apriora,$100K - $200K,"San Francisco, CA, US"
⚡️ Founding Full Stack Software Engineer ⚡️,https://www.ycombinator.com/companies/apriora/jobs/9hUBNO0-founding-full-stack-software-engineer,Apriora,$150K - $250K,"San Francisco, CA, US"
Founding Account Executive,https://www.ycombinator.com/companies/newton/jobs/nGfjw5m-founding-account-executive,Newton,$150K - $185K,"San Francisco, CA, US / Remote (US)"
Founding Engineer,https://www.ycombinator.com/companies/newton/jobs/V9kaQiR-founding-engineer,Newton,$110K - $180K,"San Francisco, CA, US"
Founding Engineer,https://www.ycombinator.com/companies/momentic/jobs/Cm37QIK-founding-engineer,Momentic,$175K - $220K,"San Francisco, CA, US"
Founding Sales,https://www.ycombinator.com/companies/momentic/jobs/4dnPJPz-founding-sales,Momentic,$150K - $180K,"San Francisco, CA, US"
Founding Recruiter,https://www.ycombinator.com/companies/reducto/jobs/O0wrfXl-founding-recruiter,Reducto,$115K - $170K,"San Francisco, CA, US"
LLM/ML Engineer (Inference),https://www.ycombinator.com/companies/reducto/jobs/roVp40O-llm-ml-engineer-inference,Reducto,$200K - $300K,"San Francisco, CA, US"
Machine Learning Engineer,https://www.ycombinator.com/companies/reducto/jobs/3VS78nJ-machine-learning-engineer,Reducto,$150K - $240K,"San Francisco, CA, US"
Software Engineer,https://www.ycombinator.com/companies/reducto/jobs/2BVFiJu-software-engineer,Reducto,$140K - $240K,"San Francisco, CA, US"
Account Executive,https://www.ycombinator.com/companies/kabilah/jobs/pT6bb3i-account-executive,Kabilah,$80K - $120K,"San Francisco, CA, US / New York, NY, US"
General Application,https://www.ycombinator.com/companies/maihem/jobs/96oBahv-general-application,Maihem,$70K - $200K,London
Software Engineer (Applied AI),https://www.ycombinator.com/companies/duckie/jobs/6nJVGmj-software-engineer-applied-ai,Duckie,$120K - $150K,"San Francisco, CA, US"
Design Engineer,https://www.ycombinator.com/companies/greptile/jobs/rMIxqoV-design-engineer,Greptile,$120K - $150K,"San Francisco, CA, US"
Senior Software Engineer,https://www.ycombinator.com/companies/greptile/jobs/jyEJJEt-senior-software-engineer,Greptile,$180K - $240K,"San Francisco, CA, US"
"Applied AI Postdoctoral Researcher, 3D Embodied Agents and Gaming",https://www.ycombinator.com/companies/ego/jobs/ZyQr36Y-applied-ai-postdoctoral-researcher-3d-embodied-agents-and-gaming,Ego,$50K - $100K,"San Francisco, CA, US"
Senior Full-stack engineer,https://www.ycombinator.com/companies/legora/jobs/XcIW6Bt-senior-full-stack-engineer,Legora,$50K - $90K,"Stockholm, Stockholm County, SE"
Frontend Engineer,https://www.ycombinator.com/companies/relari/jobs/MWXDJx2-frontend-engineer,Relari,$50K - $110K,"San Francisco, CA, US / Remote"
Founding Product Engineer,https://www.ycombinator.com/companies/relari/jobs/KokwQLJ-founding-product-engineer,Relari,$110K - $160K,"San Francisco, CA, US"
Founding Research Engineer,https://www.ycombinator.com/companies/relari/jobs/YZ4Wyqi-founding-research-engineer,Relari,$120K - $180K,"San Francisco, CA, US"
Founding AI Engineer,https://www.ycombinator.com/companies/relari/jobs/ahU9iC1-founding-ai-engineer,Relari,$110K - $160K,"San Francisco, CA, US"
Founding Fullstack Engineer,https://www.ycombinator.com/companies/drymerge/jobs/Tned0vP-founding-fullstack-engineer,Drymerge,$115K - $175K,"San Francisco, CA, US"
Founding Engineer at SciPhi,https://www.ycombinator.com/companies/sciphi/jobs/U6oyyKZ-founding-engineer-at-sciphi,Sciphi,$150K - $210K,"San Francisco, CA, US"
Founding AI Research Engineer,https://www.ycombinator.com/companies/sciphi/jobs/CVYWWpl-founding-ai-research-engineer,Sciphi,$125K - $250K,"San Francisco, CA, US"
Machine Learning Engineer,https://www.ycombinator.com/companies/onyx/jobs/3Se5ptG-machine-learning-engineer,Onyx,$150K - $250K,"San Francisco, CA, US"
Founding DevRel Engineer,https://www.ycombinator.com/companies/onyx/jobs/CUHpbpE-founding-devrel-engineer,Onyx,$130K - $250K,"San Francisco, CA, US"
Fullstack Engineer,https://www.ycombinator.com/companies/onyx/jobs/qKqC8BX-fullstack-engineer,Onyx,$150K - $250K,"San Francisco, CA, US"
Founding Forward Deployed Engineer,https://www.ycombinator.com/companies/onyx/jobs/317VyJJ-founding-forward-deployed-engineer,Onyx,$130K - $250K,"San Francisco, CA, US"
Account Executive,https://www.ycombinator.com/companies/flex/jobs/GWPwzOA-account-executive,Flex,$80K - $135K,"New York, NY, US / Remote (New York, NY, US)"
Software Engineer,https://www.ycombinator.com/companies/flex/jobs/XE6Guz3-software-engineer,Flex,$165K - $212K,US / Remote (US)
Founding Full-Stack Engineer,https://www.ycombinator.com/companies/martin/jobs/5NLMZJJ-founding-full-stack-engineer,Martin,$100K - $200K,"San Francisco, CA, US"
Coba.ai Hiring | Marketing/G2M for US-MX cross-border fintech (remote US or MX),https://www.ycombinator.com/companies/coba/jobs/9hV6Nxz-coba-ai-hiring-marketing-g2m-for-us-mx-cross-border-fintech-remote-us-or-mx,Coba,$50K - $80K,MX / US / Remote (MX; US)
Coba.ai Hiring | UI/UX designer for US-MX cross-border fintech (remote US or MX),https://www.ycombinator.com/companies/coba/jobs/2cSKYwP-coba-ai-hiring-ui-ux-designer-for-us-mx-cross-border-fintech-remote-us-or-mx,Coba,$84K - $120K,MX / US / Remote (MX; US)
Coba.ai Hiring | Full-stack developers for US-MX cross-border fintech (remote US or MX),https://www.ycombinator.com/companies/coba/jobs/9wju4KE-coba-ai-hiring-full-stack-developers-for-us-mx-cross-border-fintech-remote-us-or-mx,Coba,$84K - $120K,MX / US / Remote (MX; US)
People and Operations Lead,https://www.ycombinator.com/companies/tempo-2/jobs/0wZ52FW-people-and-operations-lead,Tempo 2,$70K - $90K CAD,"Toronto, ON, CA"
Product Designer (In-Person - Toronto),https://www.ycombinator.com/companies/tempo-2/jobs/1xUEl6i-product-designer-in-person-toronto,Tempo 2,$80K - $140K,"Toronto, ON, CA"
"Software Engineer, LLMs & AI Agents (In-Person - Toronto)",https://www.ycombinator.com/companies/tempo-2/jobs/C9xH3JW-software-engineer-llms-ai-agents-in-person-toronto,Tempo 2,$160K - $200K CAD,"Toronto, ON, CA"
"Software Engineer, Full Stack (In-Person - Toronto)",https://www.ycombinator.com/companies/tempo-2/jobs/fszRm52-software-engineer-full-stack-in-person-toronto,Tempo 2,$160K - $200K CAD,"Toronto, ON, CA"
Frontend Engineer (React),https://www.ycombinator.com/companies/tempo-2/jobs/HUPVVFX-frontend-engineer-react,Tempo 2,$40K - $60K,Remote
Product Designer,https://www.ycombinator.com/companies/tempo-2/jobs/BHFWy4v-product-designer,Tempo 2,$20K - $30K,Remote
Founding Engineer,https://www.ycombinator.com/companies/autotab/jobs/GTUTXRD-founding-engineer,Autotab,$130K - $180K,"New York, NY, US"
Software Solutions Engineer / Data Scientist,https://www.ycombinator.com/companies/truemetrics/jobs/5enK53s-software-solutions-engineer-data-scientist,Truemetrics,€60K - €100K EUR,"Berlin, BE, DE"
Founding Engineer,https://www.ycombinator.com/companies/nowadays/jobs/fEbtX3o-founding-engineer,Nowadays,$120K - $180K,"San Francisco, CA, US"
Software Engineer Intern,https://www.ycombinator.com/companies/structured-labs/jobs/MWU8Ws3-software-engineer-intern,Structured Labs,$90K - $120K,"San Francisco, CA, US / Remote"
AI Engineer,https://www.ycombinator.com/companies/structured-labs/jobs/bns7iIG-ai-engineer,Structured Labs,$110K - $160K,"San Francisco, CA, US / Remote (US)"
Full-Stack Engineer,https://www.ycombinator.com/companies/structured-labs/jobs/ADiKR9m-full-stack-engineer,Structured Labs,$90K - $120K,"San Francisco, CA, US / Remote (US)"
Senior Frontend Engineer,https://www.ycombinator.com/companies/mocha/jobs/TN38pRL-senior-frontend-engineer,Mocha,$150K - $235K,"San Francisco, CA, US"
Founding Product Engineer (AI/Agents),https://www.ycombinator.com/companies/simbie-ai/jobs/KqmfmsJ-founding-product-engineer-ai-agents,Simbie Ai,$110K - $130K,"San Francisco, CA, US / New York, NY, US / Remote"
Sales Development Representative,https://www.ycombinator.com/companies/giga-ml/jobs/018bxyw-sales-development-representative,Giga Ml,$80K - $110K,"San Francisco, CA, US"
Account Executive,https://www.ycombinator.com/companies/giga-ml/jobs/cek0nLk-account-executive,Giga Ml,$160K - $200K,"San Francisco, CA, US"
Founding Software Engineer,https://www.ycombinator.com/companies/giga-ml/jobs/RnicIpQ-founding-software-engineer,Giga Ml,$150K - $200K,"San Francisco, CA, US"
Founding Designer,https://www.ycombinator.com/companies/giga-ml/jobs/8in9kCe-founding-designer,Giga Ml,$130K - $180K,"San Francisco, CA, US"
Chief of Staff & Automation Lead,https://www.ycombinator.com/companies/shadeform/jobs/u71t9AV-chief-of-staff-automation-lead,Shadeform,$100K - $160K,"San Francisco, CA, US / Remote (US)"
Founding (Senior) Software Engineer,https://www.ycombinator.com/companies/shadeform/jobs/2sDkjnk-founding-senior-software-engineer,Shadeform,$150K - $190K,"San Francisco, CA, US / Remote (US)"
Founding Sales,https://www.ycombinator.com/companies/shadeform/jobs/ZBDwwU6-founding-sales,Shadeform,$125K - $300K,"San Francisco, CA, US / Remote (US)"
Founding Full stack AE / Founding AE,https://www.ycombinator.com/companies/cargo/jobs/hLc670b-founding-full-stack-ae-founding-ae,Cargo,$100K - $150K,"San Francisco, CA, US / Remote"
GTM Engineer,https://www.ycombinator.com/companies/cargo/jobs/lSpJykg-gtm-engineer,Cargo,$100K - $150K,"San Francisco, CA, US / Paris, Île-de-France, FR / Remote"
Senior Product Engineer,https://www.ycombinator.com/companies/cargo/jobs/frqAMJ9-senior-product-engineer,Cargo,$120K - $200K,"San Francisco, CA, US / Paris, Île-de-France, FR / Remote"
Founding Product Designer,https://www.ycombinator.com/companies/roame/jobs/SaJ0TjL-founding-product-designer,Roame,$100K - $175K,"San Francisco, CA, US"
Founding Frontend Engineer,https://www.ycombinator.com/companies/roame/jobs/glxQW69-founding-frontend-engineer,Roame,$125K - $200K,"San Francisco, CA, US"
Chief of Staff,https://www.ycombinator.com/companies/roame/jobs/OZI3czc-chief-of-staff,Roame,$135K - $185K,"San Francisco, CA, US"
Lead Full-Stack Engineer ,https://www.ycombinator.com/companies/roame/jobs/JzlG6g3-lead-full-stack-engineer,Roame,$150K - $200K,"San Francisco, CA, US"
Founding Growth & Operations,https://www.ycombinator.com/companies/roame/jobs/WlZ9seP-founding-growth-operations,Roame,$75K - $130K,"San Francisco, CA, US"
Account Manager - Compliance,https://www.ycombinator.com/companies/dili/jobs/QZ44PZ6-account-manager-compliance,Dili,$70K - $120K,"New York, NY, US"
"Founding Engineer, Platform",https://www.ycombinator.com/companies/dili/jobs/UPk7bMn-founding-engineer-platform,Dili,$120K - $180K,"New York, NY, US / Remote (New York, NY, US; US)"
"Founding Engineer, Frontend",https://www.ycombinator.com/companies/dili/jobs/F879eZI-founding-engineer-frontend,Dili,$120K - $180K,"New York, NY, US"
"Founding Engineer, Full Stack",https://www.ycombinator.com/companies/dili/jobs/B7YcZhG-founding-engineer-full-stack,Dili,$120K - $180K,"New York, NY, US"
"Client Relations, Associate",https://www.ycombinator.com/companies/trayd/jobs/nkr2WTK-client-relations-associate,Trayd,$70 - $90,"New York, NY, US"
Sr Software Engineer - Feature Team,https://www.ycombinator.com/companies/trayd/jobs/6voWSpc-sr-software-engineer-feature-team,Trayd,$160K - $180K,"New York, NY, US"
Claims Consultant,https://www.ycombinator.com/companies/cair-health/jobs/Uzcsy1F-claims-consultant,Cair Health,$20 - $45,US / Remote (US)
Software Engineering Intern (Summer 2025),https://www.ycombinator.com/companies/cair-health/jobs/aQa5O9E-software-engineering-intern-summer-2025,Cair Health,$4K - $8K,Remote (US)
Founding Engineer,https://www.ycombinator.com/companies/cair-health/jobs/2gvKANh-founding-engineer,Cair Health,$110K - $160K,"Remote (San Francisco, CA, US; US)"
Founding Forward Deployed Engineer,https://www.ycombinator.com/companies/strada/jobs/7yEohqH-founding-forward-deployed-engineer,Strada,$100K - $140K,"San Francisco, CA, US"
Founding Software Engineer,https://www.ycombinator.com/companies/strada/jobs/itRrdKC-founding-software-engineer,Strada,$100K - $140K,"San Francisco, CA, US"
Founding Software Engineer (Full-Stack),https://www.ycombinator.com/companies/strada/jobs/fXonB0Q-founding-software-engineer-full-stack,Strada,$150K - $200K,"San Francisco, CA, US"
Full Stack Engineer,https://www.ycombinator.com/companies/tiptap/jobs/yaI32NZ-full-stack-engineer,Tiptap,€50K - €70K EUR,"Berlin, BE, DE / Remote (AT; BE; BG; HR; CY; CZ; DK; EE; FI; FR; DE; GR; HU; IT; LV; LT; LU; MT; NL; PL; PT; RO; SI; SK; ES; SE; NO; GB; CH)"
Senior Full Stack Engineer,https://www.ycombinator.com/companies/tiptap/jobs/ZJhpyYA-senior-full-stack-engineer,Tiptap,€70K - €90K EUR,"Berlin, BE, DE / Remote (AT; BE; BG; HR; CY; CZ; DK; EE; FI; FR; DE; GR; HU; IT; LV; LT; LU; MT; NL; PL; PT; RO; SI; SK; ES; SE; NO; GB; CH)"
Growth Engineer,https://www.ycombinator.com/companies/happyrobot/jobs/qkV2Gf7-growth-engineer,Happyrobot,$100K - $150K,"San Francisco, CA, US"
Solutions Software Engineer,https://www.ycombinator.com/companies/happyrobot/jobs/atsn2pi-solutions-software-engineer,Happyrobot,$100K - $170K,"San Francisco, CA, US"
Founding Engineer - Backend,https://www.ycombinator.com/companies/happyrobot/jobs/kOMgJ67-founding-engineer-backend,Happyrobot,$200K - $350K,"San Francisco, CA, US"
Full-Stack Engineer,https://www.ycombinator.com/companies/happyrobot/jobs/XEudxiQ-full-stack-engineer,Happyrobot,$150K - $220K,"San Francisco, CA, US"
DevOps/QA Engineer,https://www.ycombinator.com/companies/sante/jobs/p7NWItm-devops-qa-engineer,Sante,$90K - $120K,"New York, NY, US"
Full-Stack Software Engineer,https://www.ycombinator.com/companies/sante/jobs/XTRzwFt-full-stack-software-engineer,Sante,$120K - $180K,"New York, NY, US"
Technical Account Manager,https://www.ycombinator.com/companies/sante/jobs/Xw3ujU8-technical-account-manager,Sante,$80K - $120K,"New York, NY, US"
AI Associate,https://www.ycombinator.com/companies/langdock/jobs/DojILsF-ai-associate,Langdock,$70K - $80K,"Berlin, BE, DE"
Founding Account Executive (AE),https://www.ycombinator.com/companies/langdock/jobs/AUViK6y-founding-account-executive-ae,Langdock,$70K - $100K,"Berlin, BE, DE"
Full Stack Engineer (Next.js),https://www.ycombinator.com/companies/langdock/jobs/XpLVfES-full-stack-engineer-next-js,Langdock,$70K - $100K,"Berlin, BE, DE"
Senior UI/UX Designer,https://www.ycombinator.com/companies/inventive-ai/jobs/tGaoRD7-senior-ui-ux-designer,Inventive Ai,6+ years,"Mountain View, CA, US"
Account Executive,https://www.ycombinator.com/companies/sendblue/jobs/0w9wJzp-account-executive,Sendblue,$200K - $250K,"New York, NY, US / Remote (US)"
Founding Engineer/Intern,https://www.ycombinator.com/companies/sweep/jobs/8dUn406-founding-engineer-intern,Sweep,$150K - $225K,"San Francisco, CA, US"
Founding Chip/Software Engineer,https://www.ycombinator.com/companies/silimate/jobs/oQN3Ymt-founding-chip-software-engineer,Silimate,$120K - $200K,"Mountain View, CA, US / San Francisco, CA, US"
Founding ML Engineer,https://www.ycombinator.com/companies/silimate/jobs/EEGdkka-founding-ml-engineer,Silimate,$120K - $200K,"Mountain View, CA, US / San Francisco, CA, US"
Backend Engineer (India),https://www.ycombinator.com/companies/vectorshift/jobs/iuyE39B-backend-engineer-india,Vectorshift,$20K - $30K,IN / Remote (IN)
Founding Engineer (Backend),https://www.ycombinator.com/companies/sola/jobs/k37U3Wt-founding-engineer-backend,Sola,$125K - $175K,"Jersey City, NJ, US"
Founding Engineer (Frontend),https://www.ycombinator.com/companies/sola/jobs/PYWmZq8-founding-engineer-frontend,Sola,$100K - $150K,"Jersey City, NJ, US / Remote (US)"
Founding Engineer (#2 at $1M+ ARR),https://www.ycombinator.com/companies/converge/jobs/GQWZ40Z-founding-engineer-2-at-1m-arr,Converge,$160K - $220K,"New York, NY, US"
Founding Frontend Engineer,https://www.ycombinator.com/companies/cambioml/jobs/u6cs117-founding-frontend-engineer,Cambioml,$50K - $70K,AE / Remote
Founding Cloud Infra and DevOps Engineer,https://www.ycombinator.com/companies/cambioml/jobs/PV4j70N-founding-cloud-infra-and-devops-engineer,Cambioml,$50K - $70K,AE / Remote
Founding Lead Full Stack Engineer (Backend-Oriented),https://www.ycombinator.com/companies/cambioml/jobs/9G26D1E-founding-lead-full-stack-engineer-backend-oriented,Cambioml,$50K - $70K,AE / Remote
Data Scientist at Osium AI (YC S23),https://www.ycombinator.com/companies/osium-ai/jobs/sLA7Iis-data-scientist-at-osium-ai-yc-s23,Osium Ai,€40K - €70K EUR,"Paris, IDF, FR"
AI Engineer at Osium AI (YC S23),https://www.ycombinator.com/companies/osium-ai/jobs/UctjBug-ai-engineer-at-osium-ai-yc-s23,Osium Ai,€40K - €70K EUR,"Paris, IDF, FR"
Full-stack engineer at Osium AI (S23),https://www.ycombinator.com/companies/osium-ai/jobs/pG0jDkF-full-stack-engineer-at-osium-ai-s23,Osium Ai,€50K - €70K EUR,"Paris, IDF, FR"
Founding Engineer,https://www.ycombinator.com/companies/kobalt-labs/jobs/1XeLinq-founding-engineer,Kobalt Labs,$130K - $150K,"New York, NY, US"
Founding Full Stack Engineer,https://www.ycombinator.com/companies/pincites/jobs/A3s0CZ5-founding-full-stack-engineer,Pincites,$135K - $185K,"New York, NY, US / UT, US / OR, US / WA, US / NJ, US / CO, US / PA, US / San Francisco, CA, US / Palo Alto, CA, US / Menlo Park, CA, US / Los Angeles, CA, US / Remote (New York, NY, US; UT, US; OR, US; WA, US; NJ, US; CO, US; PA, US; San Francisco, CA, US; Palo Alto, CA, US; Menlo Park, CA, US; Los Angeles, CA, US)"
Founding Frontend Engineer,https://www.ycombinator.com/companies/pincites/jobs/v595vwT-founding-frontend-engineer,Pincites,$135K - $185K,"Menlo Park, CA, US / Remote (US)"
Software Engineer,https://www.ycombinator.com/companies/continue/jobs/eY7S4vH-software-engineer,Continue,$100K - $150K,"San Francisco, CA, US"
Software Engineer,https://www.ycombinator.com/companies/continue/jobs/smcxRnM-software-engineer,Continue,$150K - $200K,"San Francisco, CA, US"
Founding Engineer (Frontend),https://www.ycombinator.com/companies/letter-ai/jobs/r0lZiVg-founding-engineer-frontend,Letter Ai,$100K - $150K,"Chicago, IL, US / San Francisco, CA, US / Remote (San Francisco, CA, US; Chicago, IL, US)"
Senior Solutions Engineer,https://www.ycombinator.com/companies/guac/jobs/y45Bgzr-senior-solutions-engineer,Guac,$150K - $200K,"New York, NY, US"
Data Engineer,https://www.ycombinator.com/companies/guac/jobs/ygzchZo-data-engineer,Guac,$150K - $200K,"New York, NY, US"
Design Engineer,https://www.ycombinator.com/companies/empirical-health/jobs/nZFQWLW-design-engineer,Empirical Health,$140K - $260K,"New York, NY, US"
Senior Software Engineer,https://www.ycombinator.com/companies/fortuna-health/jobs/6jkbCBj-senior-software-engineer,Fortuna Health,$110K - $140K,"New York, NY, US"
Founding Engineer (UK),https://www.ycombinator.com/companies/aglide/jobs/ZsoCZvP-founding-engineer-uk,Aglide,£80K - £130K GBP,"London, England, GB / San Francisco, CA, US / Remote (London, England, GB)"
Founding Engineer (US),https://www.ycombinator.com/companies/aglide/jobs/FfBgTnh-founding-engineer-us,Aglide,$100K - $200K,"San Francisco, CA, US"
Founding Solutions Engineer,https://www.ycombinator.com/companies/greenlite/jobs/KVUO8zW-founding-solutions-engineer,Greenlite,$120K - $160K,"San Francisco, CA, US"
Deployment Strategist,https://www.ycombinator.com/companies/greenlite/jobs/J4OkuCv-deployment-strategist,Greenlite,$120K - $160K,Remote
Enterprise Account Executive,https://www.ycombinator.com/companies/greenlite/jobs/Dh7ku1P-enterprise-account-executive,Greenlite,$220K - $300K,"San Francisco, CA, US / New York, NY, US"
Senior/Staff Software Engineer (Backend/Fullstack),https://www.ycombinator.com/companies/greenlite/jobs/9O9Rab4-senior-staff-software-engineer-backend-fullstack,Greenlite,$160K - $220K,"San Francisco, CA, US"
Founding engineer (full stack),https://www.ycombinator.com/companies/medisearch/jobs/DXuptwo-founding-engineer-full-stack,Medisearch,€50K - €80K EUR,"Bratislava, Bratislava Region, SK / Remote (Vienna, Vienna, AT; Prague, Prague, CZ; Brno, South Moravian Region, CZ; HU)"
Security Researcher,https://www.ycombinator.com/companies/metalware/jobs/DON6L4j-security-researcher,Metalware,$120K - $200K,"San Francisco, CA, US"
AI Research Engineer,https://www.ycombinator.com/companies/metalware/jobs/KB8JtuU-ai-research-engineer,Metalware,$120K - $200K,"San Francisco, CA, US"
Embedded Software Engineer,https://www.ycombinator.com/companies/metalware/jobs/1LDLyhz-embedded-software-engineer,Metalware,$120K - $200K,"San Francisco, CA, US"
Founding Product Engineer,https://www.ycombinator.com/companies/upstream/jobs/W3Orrel-founding-product-engineer,Upstream,€75K - €100K EUR,"Paris, Île-de-France, FR"
Founding Mobile Engineer,https://www.ycombinator.com/companies/upstream/jobs/SdSuIrt-founding-mobile-engineer,Upstream,€75K - €100K EUR,"Paris, Île-de-France, FR"
Software Engineer,https://www.ycombinator.com/companies/vetrec/jobs/ztggLLC-software-engineer,Vetrec,$80K - $120K,"Seattle, WA, US / Remote (US)"
Software Engineer (Front-end),https://www.ycombinator.com/companies/decoda-health/jobs/B6H35je-software-engineer-front-end,Decoda Health,$100K - $120K,"Toronto, Ontario, CA / Remote (US)"
Software Engineer,https://www.ycombinator.com/companies/transformity/jobs/1iXyjwn-software-engineer,Transformity,$110K - $200K,"San Francisco, CA, US"
Customer Success Lead,https://www.ycombinator.com/companies/transformity/jobs/eZPbMTv-customer-success-lead,Transformity,$80K - $130K,"New York, NY, US"
Software Engineer,https://www.ycombinator.com/companies/transformity/jobs/yGNqDfQ-software-engineer,Transformity,$110K - $210K,"New York, NY, US / San Francisco, CA, US"
Senior Software Engineer,https://www.ycombinator.com/companies/fleetworks/jobs/LpoDNlO-senior-software-engineer,Fleetworks,$200K - $230K,San Francisco Office
Founding Engineer . ,https://www.ycombinator.com/companies/health-harbor/jobs/n3sggls-founding-engineer,Health Harbor,$100K - $170K,"San Francisco, CA, US"
Physical Therapist,https://www.ycombinator.com/companies/shasta-health/jobs/6K9ibSW-physical-therapist,Shasta Health,$50K - $150K,"CA, US / Remote (CA, US)"
Physical Therapist,https://www.ycombinator.com/companies/shasta-health/jobs/WCBvq0N-physical-therapist,Shasta Health,$50K - $150K,"New York, NY, US / Remote (New York, NY, US)"
Senior Frontend Engineer,https://www.ycombinator.com/companies/outset/jobs/ipl4J7b-senior-frontend-engineer,Outset,$140K - $200K,"San Francisco, CA, US"
Growth & Ops Engineer,https://www.ycombinator.com/companies/corgea/jobs/CMUivSx-growth-ops-engineer,Corgea,$50K - $120K,"San Francisco, CA, US / Remote (US)"
Founding BDR/SDR,https://www.ycombinator.com/companies/corgea/jobs/NMTH7iB-founding-bdr-sdr,Corgea,$50K - $100K,"San Mateo, CA, US / San Francisco, CA, US / Remote (US; CA)"
Founding Account Executive,https://www.ycombinator.com/companies/terminal/jobs/ET6alZP-founding-account-executive,Terminal,$160K - $200K CAD,"Toronto, ON, CA"
Founding Engineer (Platform),https://www.ycombinator.com/companies/terminal/jobs/JtGEdUF-founding-engineer-platform,Terminal,$150K - $200K CAD,"Toronto, ON, CA"
Unsolicited Application,https://www.ycombinator.com/companies/venta-ai/jobs/AxOH9jM-unsolicited-application,Venta Ai,€40K - €100K EUR,"Munich, BY, DE / Munich, Bavaria, DE / Amsterdam, NH, NL / Amsterdam, North Holland, NL"
Product Marketer (First Marketing Hire),https://www.ycombinator.com/companies/alguna/jobs/7p1YK2F-product-marketer-first-marketing-hire,Alguna,$75K - $115K,GB / IE / Remote (GB; IE)
Lead Product Designer ,https://www.ycombinator.com/companies/alguna/jobs/ugwwBIh-lead-product-designer,Alguna,$75K - $115K,GB / PT / ES / IT / GR / ZA / IE / Remote (GB; PT; ES; IT; GR; ZA; IE)
Software Engineer,https://www.ycombinator.com/companies/campfire-2/jobs/kfLR09R-software-engineer,Campfire 2,$125K - $150K,"San Francisco, CA, US"
Founding engineer: AI and retrieval,https://www.ycombinator.com/companies/sid/jobs/UHUyytE-founding-engineer-ai-and-retrieval,Sid,$110 - $170,"San Francisco, CA, US"
Growth Operations Manager,https://www.ycombinator.com/companies/capi-money/jobs/aTpmdkN-growth-operations-manager,Capi Money,$90 - $115,"Paris / London, England, GB / Dakar, Dakar Region, SN / Douala, Littoral Region, CM / Abidjan, Abidjan Autonomous District, CI"
Senior Fullstack Engineer,https://www.ycombinator.com/companies/capi-money/jobs/SKgykBX-senior-fullstack-engineer,Capi Money,£80 - £120 GBP,"London Office / Paris, Île-de-France, FR / Dakar, Dakar Region, SN / Abidjan, Abidjan Autonomous District, CI / Douala, Littoral Region, CM"
Business Analyst,https://www.ycombinator.com/companies/capi-money/jobs/IeA4Pjm-business-analyst,Capi Money,£65 - £85 GBP,"London Office / Paris, IDF, FR / Paris, Île-de-France, FR"
Compliance Associate,https://www.ycombinator.com/companies/capi-money/jobs/JWOWAKB-compliance-associate,Capi Money,£45 - £55 GBP,"London Office / Paris, Île-de-France, FR"
Founding Software Engineer,https://www.ycombinator.com/companies/synch/jobs/0sAai0q-founding-software-engineer,Synch,$150K - $250K,"New York, NY, US / San Francisco, CA, US / Remote (New York, NY, US; San Francisco, CA, US)"
Software Engineer (Full-stack),https://www.ycombinator.com/companies/airgoods/jobs/WOXhe0E-software-engineer-full-stack,Airgoods,$100K - $200K,"New York, NY, US"
Growth & Operations,https://www.ycombinator.com/companies/airgoods/jobs/LS4WWvN-growth-operations,Airgoods,$90K - $150K,"New York, NY, US"
Member of Product & Partnerships Counsel,https://www.ycombinator.com/companies/solve-intelligence/jobs/hvZCZTz-member-of-product-partnerships-counsel,Solve Intelligence,$100K - $200K,"London, England, GB"
AI Engineer,https://www.ycombinator.com/companies/solve-intelligence/jobs/xjMVxGq-ai-engineer,Solve Intelligence,$100K - $200K,"London, England, GB"
Member of Technical Staff,https://www.ycombinator.com/companies/solve-intelligence/jobs/SfeAq7J-member-of-technical-staff,Solve Intelligence,$100K - $200K,"London, England, GB"
Full-Stack Engineer,https://www.ycombinator.com/companies/solve-intelligence/jobs/nUSCIrz-full-stack-engineer,Solve Intelligence,$100K - $200K,"London, England, GB"
Customer Success PM,https://www.ycombinator.com/companies/every/jobs/il2HYLF-customer-success-pm,Every,$70K - $120K,US / CA / Remote (US; CA)
Software Engineer (Frontend),https://www.ycombinator.com/companies/atla/jobs/5ksYLgK-software-engineer-frontend,Atla,£80K - £130K GBP,"London, England, GB"
Product Engineer (Frontend),https://www.ycombinator.com/companies/atla/jobs/qAJjgJm-product-engineer-frontend,Atla,£80K - £130K GBP,"London, England, GB"
Chief Scientist,https://www.ycombinator.com/companies/atla/jobs/f1jjJPI-chief-scientist,Atla,£200K - £300K GBP,"London, England, GB"
Research Engineer,https://www.ycombinator.com/companies/atla/jobs/mYCbBAH-research-engineer,Atla,£100K - £300K GBP,"London, England, GB"
Technical Recruiter,https://www.ycombinator.com/companies/casca/jobs/SrvVBFs-technical-recruiter,Casca,$130K - $160K,San Francisco
Founding Security Engineer,https://www.ycombinator.com/companies/casca/jobs/sFQhQ1A-founding-security-engineer,Casca,$150K - $250K,San Francisco
Senior Machine Learning Engineer,https://www.ycombinator.com/companies/casca/jobs/MT2VNxD-senior-machine-learning-engineer,Casca,$150K - $250K,San Francisco
Full-Stack Engineer,https://www.ycombinator.com/companies/casca/jobs/6rOuE1M-full-stack-engineer,Casca,$150K - $250K,San Francisco
Senior Software Engineer,https://www.ycombinator.com/companies/casca/jobs/vOqwoVk-senior-software-engineer,Casca,$125K - $250K,"San Francisco, CA, US"
Frontend Engineer,https://www.ycombinator.com/companies/pointhound/jobs/G2tb7bB-frontend-engineer,Pointhound,$100K - $150K,Remote (US)
Founding backend engineer,https://www.ycombinator.com/companies/diligent/jobs/vhXXLWb-founding-backend-engineer,Diligent,£70 - £110 GBP,"London, England, GB"
AI / ML Engineer,https://www.ycombinator.com/companies/bland-ai/jobs/sKOsJDQ-ai-ml-engineer,Bland Ai,$140K - $220K,"San Francisco, CA, US"
Support Engineer,https://www.ycombinator.com/companies/bland-ai/jobs/AInt422-support-engineer,Bland Ai,$140K - $170K,"San Francisco, CA, US / Remote (US)"
Founding Product Designer,https://www.ycombinator.com/companies/bland-ai/jobs/Do85ri6-founding-product-designer,Bland Ai,$120K - $180K,"San Francisco, CA, US"
Frontend/Full-stack Engineer,https://www.ycombinator.com/companies/sweetspot/jobs/6yUef6i-frontend-full-stack-engineer,Sweetspot,$130K - $200K,"New York, NY, US / Jersey City, NJ, US"
Backend/Data Engineer,https://www.ycombinator.com/companies/sweetspot/jobs/Sm1rZhR-backend-data-engineer,Sweetspot,$130K - $200K,"New York, NY, US / Jersey City, NJ, US"
Founding Product Engineer,https://www.ycombinator.com/companies/stellar-sleep/jobs/Yb9IzAW-founding-product-engineer,Stellar Sleep,$140K - $170K,"San Francisco, CA, US"
Founding Rust Engineer,https://www.ycombinator.com/companies/dioxus-labs/jobs/dRPOod2-founding-rust-engineer,Dioxus Labs,$125K - $150K,"San Francisco, CA, US"
Founding Full-Stack Engineer in SF,https://www.ycombinator.com/companies/hyperbound/jobs/RzDBxNi-founding-full-stack-engineer-in-sf,Hyperbound,$120K - $150K,"San Francisco, CA, US"
Founding Account Executive in SF,https://www.ycombinator.com/companies/hyperbound/jobs/c3NkW7d-founding-account-executive-in-sf,Hyperbound,$260K - $300K,"San Francisco, CA, US"
Founding Engineer (Full-Stack),https://www.ycombinator.com/companies/deasy-labs/jobs/VVsSn98-founding-engineer-full-stack,Deasy Labs,$120 - $180,"New York, NY, US"
Full Stack Engineer,https://www.ycombinator.com/companies/accend/jobs/XxGbYZN-full-stack-engineer,Accend,$120K - $180K,"San Francisco, CA, US / Remote (San Francisco, CA, US)"
Senior Data Analyst,https://www.ycombinator.com/companies/clearest-health/jobs/Bz5caUf-senior-data-analyst,Clearest Health,$80K - $180K,"New York, NY, US"
Founding Engineer,https://www.ycombinator.com/companies/clearest-health/jobs/9JzoVPS-founding-engineer,Clearest Health,$160K,"New York, NY, US"
Junior Product Designer - Intership Paris,https://www.ycombinator.com/companies/twenty/jobs/2OAbiTK-junior-product-designer-intership-paris,Twenty,€1.5K - €2K EUR,"Paris, IDF, FR / Paris, Île-de-France, FR"
CPO Right Arm (Internship - Paris),https://www.ycombinator.com/companies/twenty/jobs/E9dCRH1-cpo-right-arm-internship-paris,Twenty,€1.5K - €2K EUR,"Paris, Île-de-France, FR"
Senior Backend Software Engineer,https://www.ycombinator.com/companies/reworkd/jobs/kqP7tsy-senior-backend-software-engineer,Reworkd,$130K - $180K,"San Francisco, CA, US"
Marketing Intern,https://www.ycombinator.com/companies/leafpress/jobs/1NBavUg-marketing-intern,Leafpress,$3 - $8,Remote (US)
SWE Intern,https://www.ycombinator.com/companies/leafpress/jobs/vms9dS0-swe-intern,Leafpress,$3K - $8K,"San Francisco, CA, US / Remote (US)"
Account Executive,https://www.ycombinator.com/companies/leafpress/jobs/lnURWrm-account-executive,Leafpress,$50K - $80K,"San Francisco, CA, US / Boston, MA, US / Remote (US)"
Full Stack Engineer,https://www.ycombinator.com/companies/leafpress/jobs/JpczntL-full-stack-engineer,Leafpress,$130K - $180K,"San Francisco, CA, US"
Backend + ML Engineer,https://www.ycombinator.com/companies/kino-ai/jobs/4WU0ufv-backend-ml-engineer,Kino Ai,$135K - $200K,"San Francisco, CA, US"
Design Engineer,https://www.ycombinator.com/companies/kino-ai/jobs/usSiSVF-design-engineer,Kino Ai,$135K - $200K,"San Francisco, CA, US"
Account Executive,https://www.ycombinator.com/companies/kapa-ai/jobs/CU3phwr-account-executive,Kapa Ai,$100K - $180K,"DK / Remote (GB; EG; RU; UA; TR; FR; IT; ES; PL; RO; KZ; NL; BE; SE; CZ; GR; PT; HU; AT; CH; BG; DK; FI; NO; SK; LT; EE; DE; New York, NY, US; Miami, FL, US; US)"
Software Engineer (Full-stack),https://www.ycombinator.com/companies/kapa-ai/jobs/8QYADER-software-engineer-full-stack,Kapa Ai,$100K - $120K,GB / EG / RU / UA / TR / FR / IT / ES / PL / RO / KZ / NL / BE / SE / CZ / GR / PT / HU / AT / CH / BG / DK / FI / NO / SK / LT / EE / DE / Remote (GB; EG; RU; UA; TR; FR; IT; ES; PL; RO; KZ; NL; BE; SE; CZ; GR; PT; HU; AT; CH; BG; DK; FI; NO; SK; LT; EE; DE)
"Research Engineer, Applied AI",https://www.ycombinator.com/companies/kapa-ai/jobs/hrFWJfn-research-engineer-applied-ai,Kapa Ai,$100K - $150K,GB / DE / FR / NO / DK / SE / FI / PT / ES / BE / NL / IT / CH / AT / CZ / PL / EE / LV / LT / SK / HU / SI / HR / RU / UA / Remote (GB; DE; FR; NO; DK; SE; FI; PT; ES; BE; NL; IT; CH; AT; CZ; PL; EE; LV; LT; SK; HU; SI; HR; RU; UA)
Founding Product Engineer,https://www.ycombinator.com/companies/artie/jobs/7kGvDVC-founding-product-engineer,Artie,$150K - $215K,"San Francisco, CA, US"
Founding Engineer (Distributed Systems),https://www.ycombinator.com/companies/artie/jobs/Vz704T1-founding-engineer-distributed-systems,Artie,$150K - $215K,"San Francisco, CA, US"
Software Engineer / Developer,https://www.ycombinator.com/companies/hylight/jobs/aqdUr0S-software-engineer-developer,Hylight,€42K - €65K EUR,"Brétigny-sur-Orge, IDF, FR / Brétigny-sur-Orge, Île-de-France, FR"
Chief of Staff / Right arm of the CEO,https://www.ycombinator.com/companies/hylight/jobs/FqopJZm-chief-of-staff-right-arm-of-the-ceo,Hylight,€42K - €48K EUR,"Brétigny-sur-Orge, IDF, FR / Brétigny-sur-Orge, Île-de-France, FR"
Chief of Staff / Right arm of the CEO,https://www.ycombinator.com/companies/hylight/jobs/XYwPiiy-chief-of-staff-right-arm-of-the-ceo,Hylight,€1.2K EUR,"Brétigny-sur-Orge, IDF, FR / Brétigny-sur-Orge, Île-de-France, FR"
Head of Operations,https://www.ycombinator.com/companies/hylight/jobs/2bAQLfK-head-of-operations,Hylight,€45K - €65K EUR,"Le Plessis-Pâté, IDF, FR / Le Plessis-Pâté, Île-de-France, FR"
Head of Demand Generation,https://www.ycombinator.com/companies/hockeystack/jobs/O0nzmiI-head-of-demand-generation,Hockeystack,$180K - $250K,"San Francisco, CA, US"
Business Analyst,https://www.ycombinator.com/companies/hockeystack/jobs/Y86TPiP-business-analyst,Hockeystack,$110K - $150K,"San Francisco, CA, US"
Customer Success Manager,https://www.ycombinator.com/companies/hockeystack/jobs/Wi76EI6-customer-success-manager,Hockeystack,$140K - $200K,"San Francisco, CA, US"
Product Engineer (Future Founder Track),https://www.ycombinator.com/companies/hockeystack/jobs/f8iWEuh-product-engineer-future-founder-track,Hockeystack,$140K - $180K,"San Francisco, CA, US"
Backend Engineer- Tech Lead (Data/API team),https://www.ycombinator.com/companies/hockeystack/jobs/vp2mK0H-backend-engineer-tech-lead-data-api-team,Hockeystack,$200K - $240K,"San Francisco, CA, US"
Backend Engineer- Reporting Team,https://www.ycombinator.com/companies/hockeystack/jobs/W1D3QLi-backend-engineer-reporting-team,Hockeystack,$180K - $200K,"San Francisco, CA, US"
Growth Engineer,https://www.ycombinator.com/companies/hockeystack/jobs/lynCQpv-growth-engineer,Hockeystack,$90K - $140K,"San Francisco, CA, US"
Senior Product Designer - Europe,https://www.ycombinator.com/companies/yuma-ai/jobs/GnRxbVx-senior-product-designer-europe,Yuma Ai,€1 - €90K EUR,"Barcelona, CT, ES / Remote (FR; DE; ES; PL; UA; GB; BE; IT; HU; GR; BG; AT; HR; CY; CZ; DK; EE; FI; LV; LT; LU; MT; NL; PT; SK; SI)"
Senior Product Designer,https://www.ycombinator.com/companies/yuma-ai/jobs/72rNpwF-senior-product-designer,Yuma Ai,$1 - $115K,"Boston, MA, US / Barcelona, CT, ES / Remote (US)"
US - Mid Market Sales Development Representative,https://www.ycombinator.com/companies/yuma-ai/jobs/3VC1Ta8-us-mid-market-sales-development-representative,Yuma Ai,$45K - $55K,"Cambridge, MA, US"
Account Manager,https://www.ycombinator.com/companies/yuma-ai/jobs/OVOcbpI-account-manager,Yuma Ai,,Barcelona office
"Senior Full-stack / Rails Engineer, AI & Product Focused",https://www.ycombinator.com/companies/yuma-ai/jobs/OSsykEL-senior-full-stack-rails-engineer-ai-product-focused,Yuma Ai,,Boston Office / Remote (US)
Founding Business Development Representative,https://www.ycombinator.com/companies/speedy-labs/jobs/bs0Go6I-founding-business-development-representative,Speedy Labs,$40K - $50K,"Toronto, ON, CA / San Francisco, CA, US / Remote (US)"
Software Engineer - Core Platform,https://www.ycombinator.com/companies/speedy-labs/jobs/P49qYne-software-engineer-core-platform,Speedy Labs,$150K - $250K,"San Francisco, CA, US / Toronto, ON, CA / Remote (US; CA)"
Software Engineer - Backend (Remote),https://www.ycombinator.com/companies/speedy-labs/jobs/vr1t4S5-software-engineer-backend-remote,Speedy Labs,$20K - $40K,Remote (IN)
Software Engineer - Backend (US/Canada),https://www.ycombinator.com/companies/speedy-labs/jobs/S2qDn7O-software-engineer-backend-us-canada,Speedy Labs,$75K - $150K,"San Francisco, CA, US / Toronto, ON, CA / New York, NY, US / Remote (US; CA)"
Founding Designer,https://www.ycombinator.com/companies/finta/jobs/awUE3Ik-founding-designer,Finta,$140K - $220K,"San Francisco, CA, US / Remote"
Founding Backend Engineer,https://www.ycombinator.com/companies/litellm/jobs/6uvoBp3-founding-backend-engineer,Litellm,$160K - $220K,"San Francisco, CA, US / Remote (US)"
Sales Development Representative,https://www.ycombinator.com/companies/cercli/jobs/mZtt3ll-sales-development-representative,Cercli,3+ years,"Dubai, Dubai, AE / Remote"
Senior Backend Engineer,https://www.ycombinator.com/companies/cercli/jobs/RwHqfaZ-senior-backend-engineer,Cercli,6+ years,"Dubai, Dubai, AE / Remote"
Full Stack Software Engineer at Vendora (W23),https://www.ycombinator.com/companies/vendora/jobs/HFjtfzf-full-stack-software-engineer-at-vendora-w23,Vendora,$110K - $180K,"New York, NY, US"
Senior Software Engineer,https://www.ycombinator.com/companies/type/jobs/m3GcN1t-senior-software-engineer,Type,$175K - $250K,"NY, US"
Machine Learning Architect,https://www.ycombinator.com/companies/meru/jobs/Hn3I354-machine-learning-architect,Meru,$100K - $150K,"San Francisco, CA, US"
Software Engineer,https://www.ycombinator.com/companies/meru/jobs/Pq0LIUw-software-engineer,Meru,$100K - $140K,"San Francisco, CA, US"
Machine Learning Engineer - Persana AI,https://www.ycombinator.com/companies/persana-ai/jobs/QcOYh0F-machine-learning-engineer-persana-ai,Persana Ai,$100K - $250K,"San Francisco, CA, US"
Full Stack Engineer - Persana AI,https://www.ycombinator.com/companies/persana-ai/jobs/k1ph15d-full-stack-engineer-persana-ai,Persana Ai,$90K - $180K,"San Francisco, CA, US"
Founding AE,https://www.ycombinator.com/companies/persana-ai/jobs/xBlEZEe-founding-ae,Persana Ai,$63.6K - $110K,"San Francisco, CA, US"
"DevOps Engineer, Hybride position, Paris, Île-de-France",https://www.ycombinator.com/companies/escape/jobs/7iirnrX-devops-engineer-hybride-position-paris-ile-de-france,Escape,€55K - €65K EUR,"Paris, IDF, FR"
"Sales Engineer, Cybersecurity - Hybride role, Paris, Île-de-France",https://www.ycombinator.com/companies/escape/jobs/b6tBOlQ-sales-engineer-cybersecurity-hybride-role-paris-ile-de-france,Escape,€55 - €65 EUR,"Paris, IDF, FR"
"Business Development Representative (BDR) - Hybrid Role, NYC",https://www.ycombinator.com/companies/escape/jobs/FIpnrFT-business-development-representative-bdr-hybrid-role-nyc,Escape,$50K - $100K,"New York, NY, US"
Senior Machine Learning Engineer,https://www.ycombinator.com/companies/keeling-labs/jobs/wSniIof-senior-machine-learning-engineer,Keeling Labs,$130K - $165K,"Venice, CA Office"
Sr. Technical Support Specialist I,https://www.ycombinator.com/companies/poll-everywhere/jobs/UDqZx5J-sr-technical-support-specialist-i,Poll Everywhere,$60K - $80K,Remote / Remote (US)
Business Development Representative,https://www.ycombinator.com/companies/pier/jobs/e7WnWVP-business-development-representative,Pier,$60K - $120K,"San Francisco, CA, US"
Founding Engineer (Full Stack),https://www.ycombinator.com/companies/pier/jobs/W6Bouqf-founding-engineer-full-stack,Pier,$180K - $230K,"San Francisco, CA, US"
Head of Finance,https://www.ycombinator.com/companies/finni-health/jobs/N5SWxJL-head-of-finance,Finni Health,$150K - $210K,"US / San Francisco, CA, US / New York, NY, US / Remote (US; San Francisco, CA, US; New York, NY, US)"
Senior Full-Stack Software Developer,https://www.ycombinator.com/companies/finni-health/jobs/0x208yx-senior-full-stack-software-developer,Finni Health,$140K - $200K,"San Francisco, CA, US / Remote (US)"
Founding Engineer,https://www.ycombinator.com/companies/untether-labs/jobs/wq4vhSG-founding-engineer,Untether Labs,$65K - $190K CAD,"Vancouver, BC, CA / Remote (CA)"
Founding Engineer,https://www.ycombinator.com/companies/untether-labs/jobs/zSidtzG-founding-engineer,Untether Labs,$90K - $150K,"San Francisco, CA, US / Remote (US)"
Technical GTM (pre and post sales),https://www.ycombinator.com/companies/vellum/jobs/wbAJHf5-technical-gtm-pre-and-post-sales,Vellum,$150K - $200K,"San Francisco, CA, US / New York, NY, US / Remote (US)"
"Founding Full Stack Engineer - LLM, Applied AI (no prior LLM experience required)",https://www.ycombinator.com/companies/berry/jobs/zyTnhbD-founding-full-stack-engineer-llm-applied-ai-no-prior-llm-experience-required,Berry,$50K - $75K,Remote
Technical Recruiter,https://www.ycombinator.com/companies/fern/jobs/UEz0Bbj-technical-recruiter,Fern,$170K - $210K,"NY, US"
Technical Account Executive (Full Cycle) ,https://www.ycombinator.com/companies/fern/jobs/OoOmmkp-technical-account-executive-full-cycle,Fern,$180K - $240K,"NY, US"
Frontend Engineer,https://www.ycombinator.com/companies/fern/jobs/UJemKYf-frontend-engineer,Fern,$170K - $210K,"New York, NY, US"
Backend Engineer,https://www.ycombinator.com/companies/fern/jobs/ayxViUi-backend-engineer,Fern,$170K - $210K,"New York, NY, US"
AI Engineer,https://www.ycombinator.com/companies/fern/jobs/bEL3MoW-ai-engineer,Fern,$170K - $210K,"New York, NY, US"
Deployed Engineer,https://www.ycombinator.com/companies/fern/jobs/KmSsgCu-deployed-engineer,Fern,$170K - $210K,"New York, NY, US"
Chief of Staff,https://www.ycombinator.com/companies/constant/jobs/ubCdO7K-chief-of-staff,Constant,$80K - $110K,"New York, NY, US / Remote (US)"
Senior Software Engineer (Full-Stack),https://www.ycombinator.com/companies/constant/jobs/gwq7C1L-senior-software-engineer-full-stack,Constant,$100K - $200K,"New York, NY, US / Remote (US)"
Founding SDR @ YC-backed construction software startup,https://www.ycombinator.com/companies/dill/jobs/kmgbPbk-founding-sdr-yc-backed-construction-software-startup,Dill,Any (new grads ok),"San Francisco, CA, US"
Backend Product Engineer (Golang),https://www.ycombinator.com/companies/invopop/jobs/89saev7-backend-product-engineer-golang,Invopop,€35K - €75K EUR,"Madrid, MD, ES / Madrid, Community of Madrid, ES"
Frontend Engineer,https://www.ycombinator.com/companies/playht/jobs/MYdGfCi-frontend-engineer,Playht,$120K - $180K,"Palo Alto, CA"
Design Engineer,https://www.ycombinator.com/companies/playht/jobs/5YCHZiO-design-engineer,Playht,$80K - $150K,"Palo Alto, CA"
Software Engineer Intern,https://www.ycombinator.com/companies/playht/jobs/2NLrbyW-software-engineer-intern,Playht,$16 - $35,"Palo Alto, CA"
ML Engineer/Researcher,https://www.ycombinator.com/companies/playht/jobs/kaUiZJj-ml-engineer-researcher,Playht,$100K - $160K,"Palo Alto, CA"
Senior Product Engineer,https://www.ycombinator.com/companies/playht/jobs/BQNoOFS-senior-product-engineer,Playht,$150K - $250K,"Palo Alto, CA, US"
Product Engineer,https://www.ycombinator.com/companies/playht/jobs/iLOSSM5-product-engineer,Playht,$120K - $180K,"Palo Alto, CA, US"
Senior ML Engineer/Researcher,https://www.ycombinator.com/companies/playht/jobs/UD4hh8X-senior-ml-engineer-researcher,Playht,$180K - $300K,"Palo Alto, CA, US"
Account Executive,https://www.ycombinator.com/companies/clad/jobs/jHEn3Xk-account-executive,Clad,$80K - $120K,"New York, NY, US / Remote (US)"
Full Stack Software Engineer,https://www.ycombinator.com/companies/clad/jobs/YHGyRSf-full-stack-software-engineer,Clad,$140K - $200K,"New York, NY, US"
Account Executive,https://www.ycombinator.com/companies/pylon-2/jobs/4JIzWBm-account-executive,Pylon 2,$100 - $130,San Francisco
Senior Software Engineer,https://www.ycombinator.com/companies/pylon-2/jobs/JI8K5Du-senior-software-engineer,Pylon 2,$120K - $200K,"San Francisco, CA, US"
Founding Engineer,https://www.ycombinator.com/companies/muffin-data/jobs/VIQWRYk-founding-engineer,Muffin Data,$100K - $200K,"Santa Cruz, CA, US / Remote (US; CA)"
Brand Account Executive,https://www.ycombinator.com/companies/peeba/jobs/rNDp9e7-brand-account-executive,Peeba,1+ years,PH / Remote (PH)
Brand Account Executive,https://www.ycombinator.com/companies/peeba/jobs/3LSy941-brand-account-executive,Peeba,1+ years,"Jakarta, Jakarta, ID"
Software Engineer,https://www.ycombinator.com/companies/diffuse-bio/jobs/vOf4HTO-software-engineer,Diffuse Bio,$90K - $130K,"Menlo Park, CA / Remote (US)"
ML Research Engineer,https://www.ycombinator.com/companies/diffuse-bio/jobs/xqlE8GS-ml-research-engineer,Diffuse Bio,$90K - $130K,"Menlo Park, CA, US / Remote (US; CA)"
Founding Engineer,https://www.ycombinator.com/companies/inbuild/jobs/F5QTABH-founding-engineer,Inbuild,$100K - $200K,"Boise, ID, US / Santa Barbara, CA, US"
Frontend Engineer,https://www.ycombinator.com/companies/univerbal/jobs/wEt9nHI-frontend-engineer,Univerbal,$85K - $115K,"Zürich, ZH, CH / CH"
Full Stack Engineer,https://www.ycombinator.com/companies/univerbal/jobs/JJDaFcX-full-stack-engineer,Univerbal,$85K - $115K,"Zürich, ZH, CH / CH"
"Business Operations Manager, Healthcare Revenue Cycle",https://www.ycombinator.com/companies/loula/jobs/Ck4sUfG-business-operations-manager-healthcare-revenue-cycle,Loula,$80K - $90K,"New York, NY, US / Remote (NY, US; NJ, US; Philadelphia, PA, US; CT, US; CA, US)"
Marketing Specialist / Intern ,https://www.ycombinator.com/companies/sirdab/jobs/kkBqgjK-marketing-specialist-intern,Sirdab,3+ years,"Remote (Riyadh, Riyadh Province, SA)"
Sr. Mobile Developer,https://www.ycombinator.com/companies/sirdab/jobs/pEZRFiY-sr-mobile-developer,Sirdab,3+ years,"Riyadh, Riyadh Province, SA / Remote"
Sr. Frontend Engineer,https://www.ycombinator.com/companies/sirdab/jobs/RaVdXYw-sr-frontend-engineer,Sirdab,3+ years,"Riyadh, Riyadh Province, SA / Remote"
Product Design ,https://www.ycombinator.com/companies/sirdab/jobs/4IEpJgf-product-design,Sirdab,3+ years,SA / Remote
Business Development Specialist,https://www.ycombinator.com/companies/sirdab/jobs/Fl3AelN-business-development-specialist,Sirdab,1+ years,SA
Fullstack Software Engineer,https://www.ycombinator.com/companies/sirdab/jobs/akz5rRe-fullstack-software-engineer,Sirdab,6+ years,SA / Remote (EG; SA; PK; IN; YE; PL; UA; RU)
Operations Manager ,https://www.ycombinator.com/companies/sirdab/jobs/GhCW6uL-operations-manager,Sirdab,3+ years,SA
Content Creator (Contractual Full Time),https://www.ycombinator.com/companies/superkalam/jobs/5pWnY3e-content-creator-contractual-full-time,Superkalam,₹300K - ₹350K INR,IN / Remote (IN)
UPSC Content Development (SEO Blogs),https://www.ycombinator.com/companies/superkalam/jobs/CuJvwq8-upsc-content-development-seo-blogs,Superkalam,₹216K - ₹300K INR,IN / Remote (IN)
(Internship) Social Media Content Creator (Short Form),https://www.ycombinator.com/companies/superkalam/jobs/adYN7Wt-internship-social-media-content-creator-short-form,Superkalam,₹6K - ₹12K INR,IN / Remote (IN)
Senior/Lead Mobile engineer (Android + React Native),https://www.ycombinator.com/companies/superkalam/jobs/9Pe6lBY-senior-lead-mobile-engineer-android-react-native,Superkalam,₹1.6M - ₹3M INR,"Bengaluru, KA, IN / Remote (Bengaluru, KA, IN)"
Mobile engineer - React Native (Internship),https://www.ycombinator.com/companies/superkalam/jobs/Umo6XZ4-mobile-engineer-react-native-internship,Superkalam,₹25K - ₹35K INR,"Bengaluru, KA, IN / Remote (Bengaluru, KA, IN)"
Content Associate (UPSC Focus),https://www.ycombinator.com/companies/superkalam/jobs/vNQ7o3U-content-associate-upsc-focus,Superkalam,₹500K - ₹600K INR,IN / Remote (IN)
Platform / Framework Engineer,https://www.ycombinator.com/companies/alaan/jobs/9IzD0tV-platform-framework-engineer,Alaan,₹1.5M - ₹2M INR,"Bengaluru, KA, IN / Bengaluru, Karnataka, IN"
Intern - Mobile Engineering,https://www.ycombinator.com/companies/alaan/jobs/2dnMF6n-intern-mobile-engineering,Alaan,₹20K - ₹50K INR,"Bengaluru, KA, IN / Bengaluru, Karnataka, IN"
Backend Engineer,https://www.ycombinator.com/companies/alaan/jobs/J1PLtln-backend-engineer,Alaan,₹15 - ₹35 INR,"Bengaluru, KA, IN"
Tech Lead / Platform Engineer,https://www.ycombinator.com/companies/alaan/jobs/QZbmGPf-tech-lead-platform-engineer,Alaan,₹35 - ₹60 INR,"Bengaluru, KA, IN"
DevOps Engineer,https://www.ycombinator.com/companies/alaan/jobs/bn4UOjX-devops-engineer,Alaan,$47.9K - $63.9K,"Riyadh, Riyadh Province, SA"
Backend Engineer,https://www.ycombinator.com/companies/alaan/jobs/iCjUqXA-backend-engineer,Alaan,$47.9K - $63.9K,"Riyadh, Riyadh Province, SA"
Fullstack Engineer,https://www.ycombinator.com/companies/alaan/jobs/1UtsIkP-fullstack-engineer,Alaan,$47.9K - $63.9K,"Riyadh, Riyadh Province, SA"
Data Ninja,https://www.ycombinator.com/companies/alaan/jobs/Yx8YouY-data-ninja,Alaan,₹1M - ₹1.8M INR,"Bengaluru, KA, IN"
QA Analyst,https://www.ycombinator.com/companies/alaan/jobs/eMaWHse-qa-analyst,Alaan,₹500K - ₹700K INR,"Bengaluru, KA, IN"
DevOps - Engineer ,https://www.ycombinator.com/companies/alaan/jobs/PPvU5GP-devops-engineer,Alaan,₹1.5M - ₹2.5M INR,"Bengaluru, KA, IN / SA"
Customer Success Manager ,https://www.ycombinator.com/companies/alaan/jobs/ilSVo4L-customer-success-manager,Alaan,₹600K - ₹1.2M INR,"Dubai, Dubai, AE"
QA Lead,https://www.ycombinator.com/companies/alaan/jobs/iNXz1ZF-qa-lead,Alaan,₹3.2M - ₹4M INR,"Bengaluru, KA, IN"
Full Stack Engineer ,https://www.ycombinator.com/companies/alaan/jobs/yUIbXgT-full-stack-engineer,Alaan,₹1M - ₹2.5M INR,"Bengaluru, KA, IN"
Sales Development Representative,https://www.ycombinator.com/companies/alaan/jobs/fs9FQ8z-sales-development-representative,Alaan,$20K - $30K,Remote
Customer Experience Associate - Russian Speaker,https://www.ycombinator.com/companies/alaan/jobs/rCIiAN3-customer-experience-associate-russian-speaker,Alaan,$10K - $15K,GE / UZ / AZ / Remote (GE; UZ; AZ)
Frontend Engineer,https://www.ycombinator.com/companies/alaan/jobs/cC65hu6-frontend-engineer,Alaan,₹800K - ₹2.2M INR,"Bengaluru, KA, IN"
Account Executive,https://www.ycombinator.com/companies/alaan/jobs/OTvqzgB-account-executive,Alaan,$25K - $50K,"Dubai, Dubai, AE"
Lead Product Manager,https://www.ycombinator.com/companies/odigos-technologies-inc/jobs/L2pKnWr-lead-product-manager,Odigos Technologies Inc,$100K - $250K,"Tel Aviv-Yafo, Tel Aviv District, IL / Boston, MA, US / Remote"
Lead DevRel Engineer,https://www.ycombinator.com/companies/odigos-technologies-inc/jobs/MOo8djB-lead-devrel-engineer,Odigos Technologies Inc,$120K - $200K,"Tel Aviv-Yafo, Tel Aviv District, IL / Remote (US)"
eBPF Engineer,https://www.ycombinator.com/companies/odigos-technologies-inc/jobs/6pSjpry-ebpf-engineer,Odigos Technologies Inc,$120K - $200K,"Tel Aviv-Yafo, Tel Aviv District, IL"
Founding Backend Engineer,https://www.ycombinator.com/companies/odigos-technologies-inc/jobs/gc3sdVX-founding-backend-engineer,Odigos Technologies Inc,$120 - $200,"Tel Aviv-Yafo, Tel Aviv District, IL"
Technical Support Representative,https://www.ycombinator.com/companies/hona/jobs/malNjxn-technical-support-representative,Hona,$15 - $20,"Orem, UT, US"
Mid-Market Business Development Representative (BDR),https://www.ycombinator.com/companies/hona/jobs/vUKr54y-mid-market-business-development-representative-bdr,Hona,$75K - $85K,"Orem, UT, US"
Customer Support Lead,https://www.ycombinator.com/companies/vitalize-care/jobs/WZmI71P-customer-support-lead,Vitalize Care,$100K - $160K,"San Francisco, CA, US"
Full-Stack Engineer,https://www.ycombinator.com/companies/vitalize-care/jobs/sUE0BfM-full-stack-engineer,Vitalize Care,$160K - $220K,"San Francisco, CA, US / Remote (US)"
Business Development Director,https://www.ycombinator.com/companies/infinia/jobs/cJRz4rQ-business-development-director,Infinia,$80K - $120K,Remote (US)
Junior Full Stack Engineer (Hybrid),https://www.ycombinator.com/companies/sprx/jobs/WJuBr9K-junior-full-stack-engineer-hybrid,Sprx,$90K - $120K,"New York, NY, US"
Founding Software Engineer Tech Lead,https://www.ycombinator.com/companies/hadrius/jobs/CObSGR0-founding-software-engineer-tech-lead,Hadrius,$200K - $240K,"New York, NY, US"
Founding Engineer,https://www.ycombinator.com/companies/hadrius/jobs/7pxGZTl-founding-engineer,Hadrius,$155K - $200K,"New York, NY, US"
Account Executive,https://www.ycombinator.com/companies/hadrius/jobs/6cwD2EP-account-executive,Hadrius,$175K - $250K,"New York, NY, US"
Founding BDR,https://www.ycombinator.com/companies/hadrius/jobs/Fmy0Cjt-founding-bdr,Hadrius,$80K - $110K,"New York, NY, US"
Backend Engineer Full Time,https://www.ycombinator.com/companies/clickpe/jobs/cXo6jPK-backend-engineer-full-time,Clickpe,₹700K - ₹1.5M INR,"Surat, GJ, IN"
Backend Intern (Python),https://www.ycombinator.com/companies/clickpe/jobs/N3kIxQj-backend-intern-python,Clickpe,₹10K - ₹30K INR,IN / Remote (IN)
Founding LLM Engineer,https://www.ycombinator.com/companies/fintool/jobs/RVqKuPM-founding-llm-engineer,Fintool,$150K - $230K,San Francisco / Remote (US)
Founding LLM Data Engineer,https://www.ycombinator.com/companies/fintool/jobs/1xz8fY1-founding-llm-data-engineer,Fintool,$150K - $230K,San Francisco / Remote (US)
Business Development Representative,https://www.ycombinator.com/companies/variance/jobs/bxFqv04-business-development-representative,Variance,$65K - $120K,San Francisco
Product Designer,https://www.ycombinator.com/companies/variance/jobs/SYBD45R-product-designer,Variance,$100K - $150K,"San Francisco, CA, US"
Customer Success,https://www.ycombinator.com/companies/variance/jobs/lgrlvi6-customer-success,Variance,3+ years,San Francisco
Full Stack Software Engineer,https://www.ycombinator.com/companies/variance/jobs/zLx7H9Y-full-stack-software-engineer,Variance,$130K - $210K,"San Francisco, CA, US"
head of operations - san francisco,https://www.ycombinator.com/companies/222/jobs/5zowl39-head-of-operations-san-francisco,222,$90K - $120K,"San Francisco, CA, US"
Full-Stack Software Engineer,https://www.ycombinator.com/companies/222/jobs/QlmT2Pl-full-stack-software-engineer,222,$110K - $180K,"New York, NY, US"
Founding Devrel Lead,https://www.ycombinator.com/companies/helicone/jobs/Rg1lMvM-founding-devrel-lead,Helicone,$110K - $160K,"San Francisco, CA, US"
Founding Engineer,https://www.ycombinator.com/companies/helicone/jobs/1Ksy3Cv-founding-engineer,Helicone,$130K - $180K,"San Francisco, CA, US"
Software Engineer,https://www.ycombinator.com/companies/helicone/jobs/3sOKzNG-software-engineer,Helicone,$100K - $150K,"San Francisco, CA, US"
Senior Software Engineer,https://www.ycombinator.com/companies/helicone/jobs/s1UCrdJ-senior-software-engineer,Helicone,$130K - $180K,"San Francisco, CA, US / Remote (US)"
Senior Product Engineer,https://www.ycombinator.com/companies/icepanel/jobs/KlI6KP6-senior-product-engineer,Icepanel,$120K - $160K CAD,"Vancouver, BC, CA"
Backend Engineer,https://www.ycombinator.com/companies/storyboarder/jobs/T0QqbIb-backend-engineer,Storyboarder,$120K - $140K,"New York, NY, US / Remote (US)"
Backend Engineer,https://www.ycombinator.com/companies/storyboarder/jobs/hmyhqGZ-backend-engineer,Storyboarder,$120K - $140K,"New York, NY, US"
Senior Full-Stack Engineer,https://www.ycombinator.com/companies/1stcollab/jobs/qzCnMym-senior-full-stack-engineer,1Stcollab,$100K - $200K,"San Francisco, CA, US"
Lead Product Engineer,https://www.ycombinator.com/companies/1stcollab/jobs/Zia3a28-lead-product-engineer,1Stcollab,$100K - $200K,"San Francisco, CA, US"
Senior Backend Engineer,https://www.ycombinator.com/companies/orchid/jobs/No4g3BG-senior-backend-engineer,Orchid,$100K - $200K,Remote (PL; DE; NL; US; GB; FR; IT; CH; BE; HU; AT; RO; SK; SI; SE; CA; EE; CZ; ES; PT; LT; LV; DK; HR)
Solutions Engineer / Implementation Specialist / ,https://www.ycombinator.com/companies/truewind/jobs/OAeFd9B-solutions-engineer-implementation-specialist,Truewind,$110K - $160K,"San Francisco, CA, US / Remote (US)"
Senior Software Engineer,https://www.ycombinator.com/companies/truewind/jobs/DliHD94-senior-software-engineer,Truewind,$120K - $180K,"San Francisco, CA, US"
"Software Engineer, Customer Success",https://www.ycombinator.com/companies/inkeep/jobs/UBB4l6m-software-engineer-customer-success,Inkeep,$100K - $140K,"New York, NY, US / San Francisco, CA, US"
"Software Engineer, Backend",https://www.ycombinator.com/companies/inkeep/jobs/qS90rVk-software-engineer-backend,Inkeep,$100K - $180K,"New York, NY, US / San Francisco, CA, US"
Design Engineer,https://www.ycombinator.com/companies/extend/jobs/hs3TZB4-design-engineer,Extend,$150K - $200K,New York City
Forward Deployed Engineer,https://www.ycombinator.com/companies/extend/jobs/VI5BSQK-forward-deployed-engineer,Extend,$150K - $200K,New York City
Growth Lead,https://www.ycombinator.com/companies/extend/jobs/jKneMU9-growth-lead,Extend,$130K - $200K,New York City
Developer Experience Lead,https://www.ycombinator.com/companies/extend/jobs/rtHY734-developer-experience-lead,Extend,$140K - $200K,New York City
Chief of Staff,https://www.ycombinator.com/companies/extend/jobs/XlhO1US-chief-of-staff,Extend,$150K - $200K,New York City
AI Engineer,https://www.ycombinator.com/companies/extend/jobs/Pc15qJG-ai-engineer,Extend,$175K - $250K,"New York, NY, US"
Senior/Staff Software Engineer,https://www.ycombinator.com/companies/extend/jobs/B9t1Txr-senior-staff-software-engineer,Extend,$175K - $250K,"New York, NY, US"
Founding GTM Engineer,https://www.ycombinator.com/companies/langfuse/jobs/CjRH5FL-founding-gtm-engineer,Langfuse,€70K - €130K EUR,"Berlin, BE, DE / San Francisco, CA, US"
Platform Engineer / SRE,https://www.ycombinator.com/companies/langfuse/jobs/N5UGUgL-platform-engineer-sre,Langfuse,€70K - €130K EUR,"Berlin, BE, DE"
Backend Engineer,https://www.ycombinator.com/companies/langfuse/jobs/1bO16H6-backend-engineer,Langfuse,€70K - €130K EUR,"Berlin, BE, DE"
Design Engineer,https://www.ycombinator.com/companies/langfuse/jobs/mDquP95-design-engineer,Langfuse,€70K - €130K EUR,"Berlin, BE, DE"
Developer Advocate / Devrel,https://www.ycombinator.com/companies/langfuse/jobs/uHysbKH-developer-advocate-devrel,Langfuse,€70K - €130K EUR,"Berlin, BE, DE"
Product Engineer,https://www.ycombinator.com/companies/langfuse/jobs/aAvmoFB-product-engineer,Langfuse,€70K - €130K EUR,"Berlin, BE, DE"
Member of the Technical Staff - Image / Video Data Engineer,https://www.ycombinator.com/companies/dream3d/jobs/uMKcYSq-member-of-the-technical-staff-image-video-data-engineer,Dream3D,$110 - $150,"New York, NY, US / Remote (US)"
"Senior/Staff ML Researcher - Generative AI Worlds in Brooklyn, NY",https://www.ycombinator.com/companies/dream3d/jobs/7dxL5mJ-senior-staff-ml-researcher-generative-ai-worlds-in-brooklyn-ny,Dream3D,$150K - $195K,"New York, NY, US"
Founding Engineer,https://www.ycombinator.com/companies/haven-2/jobs/MUGkU8h-founding-engineer,Haven 2,$130K - $180K,"New York, NY, US"
Full Stack Engineer,https://www.ycombinator.com/companies/suger/jobs/JATPEMw-full-stack-engineer,Suger,$150K - $200K,"Burlingame, CA, US"
Senior Full Stack Engineer,https://www.ycombinator.com/companies/frigade/jobs/KUwAluN-senior-full-stack-engineer,Frigade,$130K - $180K,"San Francisco, CA, US"
Founding Engineer,https://www.ycombinator.com/companies/athina-ai/jobs/3tfb1xv-founding-engineer,Athina Ai,$150K - $200K,"San Francisco, CA, US"
Full Stack Developer - Unique relationship with OAI ,https://www.ycombinator.com/companies/cosine/jobs/f5IQjXD-full-stack-developer-unique-relationship-with-oai,Cosine,£60K - £120K GBP,"London, England, GB"
Product Engineer - FullStack JS/TS ,https://www.ycombinator.com/companies/cosine/jobs/BtJNDIi-product-engineer-fullstack-js-ts,Cosine,£60K - £120K GBP,"London, England, GB"
Business Development Representative,https://www.ycombinator.com/companies/pirros/jobs/d4WKXhK-business-development-representative,Pirros,$70K - $100K,"Los Angeles, CA, US"
Sr .NET Engineer,https://www.ycombinator.com/companies/pirros/jobs/7Ro9JWa-sr-net-engineer,Pirros,$140K - $200K,Los Angeles Office
Sr Front End Engineer,https://www.ycombinator.com/companies/pirros/jobs/qi9CDVD-sr-front-end-engineer,Pirros,$140K - $200K,"Los Angeles, CA, US"
Head of Marketing & Demand Gen,https://www.ycombinator.com/companies/pirros/jobs/MZmf5aj-head-of-marketing-demand-gen,Pirros,$150K - $220K,Los Angeles Office
Solutions Engineer,https://www.ycombinator.com/companies/vooma/jobs/SpEMtXe-solutions-engineer,Vooma,$100K - $200K,"San Francisco, CA, US"
Platform and Integrations Engineer,https://www.ycombinator.com/companies/vooma/jobs/EF2Qf6C-platform-and-integrations-engineer,Vooma,$100K - $200K,"San Francisco, CA, US"
Operations Associate,https://www.ycombinator.com/companies/vooma/jobs/vcXtY49-operations-associate,Vooma,$80 - $150,"San Francisco, CA, US / Chicago, IL, US"
Account Executive,https://www.ycombinator.com/companies/vooma/jobs/cm6BDH3-account-executive,Vooma,$150 - $250,"San Francisco, CA, US / Chicago, IL, US"
Customer Success Manager,https://www.ycombinator.com/companies/vooma/jobs/KSXM1J8-customer-success-manager,Vooma,$80 - $150,"San Francisco, CA, US / Chicago, IL, US"
Full Stack Software Engineer,https://www.ycombinator.com/companies/vooma/jobs/irCAc8m-full-stack-software-engineer,Vooma,$100K - $200K,"San Francisco, CA, US"
Founding Solutions Engineer,https://www.ycombinator.com/companies/coperniq/jobs/Hq9Q4F8-founding-solutions-engineer,Coperniq,$80K - $140K,San Francisco
Software Engineer,https://www.ycombinator.com/companies/goveagle/jobs/f2QtojV-software-engineer,Goveagle,$120K - $200K,"New York, NY, US"
Design Engineer,https://www.ycombinator.com/companies/goveagle/jobs/XcJkwOC-design-engineer,Goveagle,$80K - $200K,"New York, NY, US"
Sr. Sales Development Representative,https://www.ycombinator.com/companies/goveagle/jobs/4MJIB0X-sr-sales-development-representative,Goveagle,$80K - $150K,"New York, NY, US"
"Full Stack Engineer (Hiring in LATAM, work remotely)",https://www.ycombinator.com/companies/justpaid-ai/jobs/KloBoOW-full-stack-engineer-hiring-in-latam-work-remotely,Justpaid Ai,$20K - $50K,CO / BR / AR / PE / MX / VE / UY / PY / CL / Remote (CO; BR; AR; PE; MX; VE; UY; PY; CL)
Full Stack Engineer,https://www.ycombinator.com/companies/justpaid-ai/jobs/BTj82qc-full-stack-engineer,Justpaid Ai,$100K,"Mountain View, CA, US / San Francisco, CA, US / Remote (CO; US; CA; MX; CL)"
Founding Machine Learning Engineer,https://www.ycombinator.com/companies/ofone/jobs/8BMNUwC-founding-machine-learning-engineer,Ofone,$140 - $210,"San Francisco, CA, US"
Founding Software Engineer,https://www.ycombinator.com/companies/ofone/jobs/u2E2fCX-founding-software-engineer,Ofone,$120K - $200K,"San Francisco, CA, US"
Platform Software Engineer [India],https://www.ycombinator.com/companies/omnistrate/jobs/XHKmDc0-platform-software-engineer-india,Omnistrate,6+ years,Remote
Solutions Engineer [US],https://www.ycombinator.com/companies/omnistrate/jobs/ojKvy1S-solutions-engineer-us,Omnistrate,$60K - $125K,US / Remote (US)
Solutions Engineer [India],https://www.ycombinator.com/companies/omnistrate/jobs/wQrmx8i-solutions-engineer-india,Omnistrate,₹500K - ₹3M INR,IN / Remote (IN)
Front-End Engineer,https://www.ycombinator.com/companies/tennr/jobs/2qq1w2I-front-end-engineer,Tennr,$110K - $160K,New York City Office
Full-Stack Engineer,https://www.ycombinator.com/companies/tennr/jobs/BHLCPs9-full-stack-engineer,Tennr,$120K - $190K,New York City Office
Sales Development Representative,https://www.ycombinator.com/companies/tennr/jobs/qutajEy-sales-development-representative,Tennr,$60K - $90K,New York City Office
Business Lead,https://www.ycombinator.com/companies/salient/jobs/W8QH30m-business-lead,Salient,$150K - $200K,"San Francisco, CA, US"
Contact Center Engineer / Forward Deployed Engineer ,https://www.ycombinator.com/companies/salient/jobs/cFgGnZU-contact-center-engineer-forward-deployed-engineer,Salient,$120K - $300K,"San Francisco, CA, US / Remote"
Applied AI Engineer,https://www.ycombinator.com/companies/salient/jobs/qLOY0g4-applied-ai-engineer,Salient,$180K - $270K,"San Francisco, CA, US"
Product Engineer - Salient,https://www.ycombinator.com/companies/salient/jobs/MmjVSp4-product-engineer-salient,Salient,$180K - $250K,"San Francisco, CA, US"
Founding AI/Data Engineer (Remote),https://www.ycombinator.com/companies/glass-health/jobs/HzQtmlN-founding-ai-data-engineer-remote,Glass Health,$120K - $210K,Remote / Remote (US)
"Founding Software Engineer (Full-Stack, Remote)",https://www.ycombinator.com/companies/glass-health/jobs/lbhTrFq-founding-software-engineer-full-stack-remote,Glass Health,$120K - $210K,Remote / Remote (US)
"Founding Software Engineer (Backend, Remote)",https://www.ycombinator.com/companies/glass-health/jobs/r1SZMPD-founding-software-engineer-backend-remote,Glass Health,$120K - $210K,Remote / Remote (US)
Founding Product Engineer (Remote),https://www.ycombinator.com/companies/glass-health/jobs/fGTJfGh-founding-product-engineer-remote,Glass Health,$120K - $210K,Remote / Remote (US)
Founding Engineer (Fullstack),https://www.ycombinator.com/companies/mercoa/jobs/KLPEUBw-founding-engineer-fullstack,Mercoa,$150K - $200K,"San Francisco, CA, US"
Senior Software Engineer (Infra),https://www.ycombinator.com/companies/numeral/jobs/NpOquNQ-senior-software-engineer-infra,Numeral,$200K - $300K,HQ
Partnership Manager,https://www.ycombinator.com/companies/numeral/jobs/bVmxgG6-partnership-manager,Numeral,$100K - $200K,"San Francisco, CA, US / Remote (Los Angeles, CA, US; New York, NY, US)"
Account Executive,https://www.ycombinator.com/companies/numeral/jobs/bOBvHyj-account-executive,Numeral,,HQ
Senior Software Engineer (Product),https://www.ycombinator.com/companies/numeral/jobs/HLVIyAP-senior-software-engineer-product,Numeral,$200K - $300K,"San Francisco, CA, US"
Staff Backend Engineer (Remote),https://www.ycombinator.com/companies/nango/jobs/J7eE6hG-staff-backend-engineer-remote,Nango,$120K - $200K,GB / FR / US / BR / CA / ES / PT / DE / AT / CH / BE / NL / DK / SE / NO / FI / GL / GR / IT / PL / RO / HU / SK / CZ / Remote (GB; FR; US; BR; CA; ES; PT; DE; AT; CH; BE; NL; DK; SE; NO; FI; GL; GR; IT; PL; RO; HU; SK; CZ)
Full Stack Founding Engineer,https://www.ycombinator.com/companies/flexdesk/jobs/eFJ1O3D-full-stack-founding-engineer,Flexdesk,$120K - $160K,"Remote (US; New York, NY, US; San Francisco, CA, US)"
Sales Development Representative,https://www.ycombinator.com/companies/flexdesk/jobs/ZOzsdXq-sales-development-representative,Flexdesk,$70K - $95K,"San Francisco, CA, US / New York, NY, US / Remote (US)"
Partner looking for a GM to run their dating marketplace,https://www.ycombinator.com/companies/backdrop/jobs/Qvxu8YT-partner-looking-for-a-gm-to-run-their-dating-marketplace,Backdrop,3+ years,"Los Angeles, CA, US / Remote"
Design Engineer,https://www.ycombinator.com/companies/latent/jobs/5pgY0YE-design-engineer,Latent,$120K - $180K,"San Francisco, CA, US"
Senior Software Engineer (Full Stack),https://www.ycombinator.com/companies/latent/jobs/KqOXaXA-senior-software-engineer-full-stack,Latent,$100K - $200K,"San Francisco, CA, US"
Founding Backend Lead Engineer,https://www.ycombinator.com/companies/concourse/jobs/db9Zlcy-founding-backend-lead-engineer,Concourse,$175K - $250K,"New York, NY, US"
Founding AI / ML Engineer,https://www.ycombinator.com/companies/concourse/jobs/QQ1SoEy-founding-ai-ml-engineer,Concourse,$150K - $225K,"New York, NY, US"
Founding Full-Stack Engineer,https://www.ycombinator.com/companies/lume-2/jobs/fetPUq1-founding-full-stack-engineer,Lume 2,$115K - $190K,"New York, NY, US"
Founding Developer Marketer,https://www.ycombinator.com/companies/depot/jobs/307RqGp-founding-developer-marketer,Depot,$90K - $120K,Remote
GTM Engineer,https://www.ycombinator.com/companies/rollstack-2/jobs/9Poc3wi-gtm-engineer,Rollstack 2,$90 - $180,US / CA / GB / FR / DE / ES / IT / MX / Remote (US; CA; GB; FR; DE; ES; IT; MX)
Product Marketing Manager,https://www.ycombinator.com/companies/rollstack-2/jobs/xZw96yA-product-marketing-manager,Rollstack 2,$70K - $120K,US / CA / FR / CH / NL / GB / ES / PT / IT / DE / PL / RS / HU / Remote (US; CA; FR; CH; NL; GB; ES; PT; IT; DE; PL; RS; HU)
Software Engineer (TypeScript) - US/Canada,https://www.ycombinator.com/companies/rollstack-2/jobs/QPqpb1n-software-engineer-typescript-us-canada,Rollstack 2,$100K - $180K,US / CA / Remote (US; CA)
Enterprise Account Executive,https://www.ycombinator.com/companies/rollstack-2/jobs/jUxjzmd-enterprise-account-executive,Rollstack 2,$90K - $200K,US / CA / Remote (US; CA)
"Founding Software Engineer, Backend Infrastructure",https://www.ycombinator.com/companies/credal-ai/jobs/adp7RWj-founding-software-engineer-backend-infrastructure,Credal Ai,$140K - $220K,"New York, NY, US"
Founding GTM - Deployment Strategist,https://www.ycombinator.com/companies/credal-ai/jobs/3OnqAVU-founding-gtm-deployment-strategist,Credal Ai,$130K - $160K,"New York, NY, US"
Founding Account Executive,https://www.ycombinator.com/companies/credal-ai/jobs/PicHXXp-founding-account-executive,Credal Ai,$130K - $300K,"New York, NY, US"
Founding GTM (Growth & Product Marketing),https://www.ycombinator.com/companies/credal-ai/jobs/PETm7Py-founding-gtm-growth-product-marketing,Credal Ai,$150K - $190K,"New York, NY, US"
"Founding Software Engineer, Full-Stack",https://www.ycombinator.com/companies/credal-ai/jobs/Z6XipH7-founding-software-engineer-full-stack,Credal Ai,$140K - $210K,"New York, NY, US"
Founding Systems Engineer,https://www.ycombinator.com/companies/layup/jobs/AC20Mua-founding-systems-engineer,Layup,$100K - $120K,"New York, NY, US / Chicago, IL, US / Remote (US)"
AI Lead,https://www.ycombinator.com/companies/doctor-droid/jobs/2v9x6QW-ai-lead,Doctor Droid,₹4.5M - ₹5M INR,"Bengaluru, KA, IN / Bengaluru, Karnataka, IN"
SDR / BDR,https://www.ycombinator.com/companies/doctor-droid/jobs/rJ0LmFT-sdr-bdr,Doctor Droid,₹1.2M - ₹1.5M INR,"Bengaluru, KA, IN"
DevOps Consultant,https://www.ycombinator.com/companies/doctor-droid/jobs/SbxNaPH-devops-consultant,Doctor Droid,₹50K INR,"Bengaluru, KA, IN / Remote (Bengaluru, KA, IN)"
OneText (YC W23) is hiring a browser extension engineer,https://www.ycombinator.com/companies/onetext/jobs/LZ6omnX-onetext-yc-w23-is-hiring-a-browser-extension-engineer,Onetext,3+ years,"San Francisco, CA, US / Menlo Park, CA, US / Remote (US)"
Motion Designer,https://www.ycombinator.com/companies/stack-ai/jobs/wwbDWb4-motion-designer,Stack Ai,$80K - $120K,"San Francisco, CA, US / Remote (US)"
Marketing Manager,https://www.ycombinator.com/companies/stack-ai/jobs/LYuER0P-marketing-manager,Stack Ai,$80K - $150K,"San Francisco, CA, US / New York, NY, US"
Sales Development Representative,https://www.ycombinator.com/companies/stack-ai/jobs/eURdYcN-sales-development-representative,Stack Ai,$120K - $160K,"San Francisco, CA, US / New York, NY, US / Remote (US)"
Enterprise Account Executive,https://www.ycombinator.com/companies/stack-ai/jobs/UQQu1mk-enterprise-account-executive,Stack Ai,$100K - $180K,"New York, NY, US / San Francisco, CA, US"
Enterprise AI Deployment Engineer,https://www.ycombinator.com/companies/stack-ai/jobs/uRDrhI2-enterprise-ai-deployment-engineer,Stack Ai,$80K - $130K,"San Francisco, CA, US / New York, NY, US"
Content Marketing Specialist,https://www.ycombinator.com/companies/stack-ai/jobs/NOC7E7N-content-marketing-specialist,Stack Ai,$75K - $120K,"New York, NY, US / San Francisco, CA, US"
AI/ML Engineer,https://www.ycombinator.com/companies/stack-ai/jobs/UrsFrkF-ai-ml-engineer,Stack Ai,$100K - $200K,"San Francisco, CA, US / Remote (Boston, MA, US; New York, NY, US; San Francisco, CA, US; Los Angeles, CA, US)"
Frontend Engineer,https://www.ycombinator.com/companies/stack-ai/jobs/C1rOopy-frontend-engineer,Stack Ai,$80K - $200K,"San Francisco, CA, US / Remote"
Design Engineer,https://www.ycombinator.com/companies/stack-ai/jobs/O2KKD1e-design-engineer,Stack Ai,$80K - $200K,"San Francisco, CA, US / Remote"
Backend Engineer,https://www.ycombinator.com/companies/stack-ai/jobs/8nYnmlN-backend-engineer,Stack Ai,$80K - $200K,"San Francisco, CA, US / Remote"
Design Engineer (San Francisco),https://www.ycombinator.com/companies/infisical/jobs/I8zvnRW-design-engineer-san-francisco,Infisical,$140K - $200K,San Francisco / Remote (US)
Enterprise Account Executive (San Francisco),https://www.ycombinator.com/companies/infisical/jobs/P3oR1z0-enterprise-account-executive-san-francisco,Infisical,$220K - $280K,San Francisco / Remote (US)
Technical Recruiter (San Francisco),https://www.ycombinator.com/companies/infisical/jobs/ZuQEJq1-technical-recruiter-san-francisco,Infisical,$110K - $180K,San Francisco / Remote (US)
Sales Engineer,https://www.ycombinator.com/companies/infisical/jobs/bzDkgoB-sales-engineer,Infisical,$120K - $180K,"San Francisco, CA, US / Remote (US; CA)"
Full Stack Engineer (SF),https://www.ycombinator.com/companies/infisical/jobs/QqCs5fv-full-stack-engineer-sf,Infisical,$140K - $200K,"San Francisco, CA, US"
Senior Full Stack Engineer (US),https://www.ycombinator.com/companies/infisical/jobs/CiVSMQO-senior-full-stack-engineer-us,Infisical,$180K - $250K,"San Francisco, CA, US / Remote (US)"
Full Stack Engineer (LATAM),https://www.ycombinator.com/companies/infisical/jobs/MSaV53k-full-stack-engineer-latam,Infisical,$50K - $100K,Remote (BR; MX; CR; CL)
Full Stack Engineer (US & Canada),https://www.ycombinator.com/companies/infisical/jobs/vGwCQVk-full-stack-engineer-us-canada,Infisical,$110K - $180K,"San Francisco, CA, US / Remote (US; CA)"
Solutions Engineer,https://www.ycombinator.com/companies/infisical/jobs/yaEvock-solutions-engineer,Infisical,$120K - $180K,"San Francisco, CA, US / Remote (US; CA)"
Customer Success Engineer,https://www.ycombinator.com/companies/infisical/jobs/28DIh6L-customer-success-engineer,Infisical,$90K - $150K,"San Francisco, CA, US / Remote (US; CA)"
Founding Sales and Growth Marketing Lead,https://www.ycombinator.com/companies/avoca/jobs/bpEt1TK-founding-sales-and-growth-marketing-lead,Avoca,$100 - $150,"San Francisco, CA, US / New York, NY, US / Remote (San Francisco, CA, US; New York, NY, US)"
Founding Engineer,https://www.ycombinator.com/companies/avoca/jobs/7rwXFqW-founding-engineer,Avoca,$120 - $170,"San Francisco, CA, US / New York, NY, US / Remote (San Francisco, CA, US; New York, NY, US)"
Founding Engineer,https://www.ycombinator.com/companies/lazyeditor/jobs/oKk8BIi-founding-engineer,Lazyeditor,$90K - $110K,"Remote (Toronto, ON, CA; San Francisco, CA, US; New York, NY, US; Austin, TX, US; US; CA)"
Marketing Lead,https://www.ycombinator.com/companies/lazyeditor/jobs/dm2affP-marketing-lead,Lazyeditor,$50K - $70K,"San Francisco, CA, US / Remote (CA; US)"
Product Manager,https://www.ycombinator.com/companies/sameday/jobs/spnP7Cz-product-manager,Sameday,$135K - $165K,"Lehi, UT, US"
Senior QA Engineer,https://www.ycombinator.com/companies/sameday/jobs/UQGeZeZ-senior-qa-engineer,Sameday,$155K - $215K,"Lehi, UT, US"
Senior Front-end Engineer,https://www.ycombinator.com/companies/sameday/jobs/QOLxuc7-senior-front-end-engineer,Sameday,$155K - $215K,"Lehi, UT, US"
Senior Backend Engineer,https://www.ycombinator.com/companies/sameday/jobs/mfm2kJ6-senior-backend-engineer,Sameday,$175K - $225K,"Lehi, UT, US"
Backend Engineer,https://www.ycombinator.com/companies/sameday/jobs/n19CuRo-backend-engineer,Sameday,$145K - $165K,"Lehi, UT, US"
Frontend Engineer,https://www.ycombinator.com/companies/sameday/jobs/ylhHaMO-frontend-engineer,Sameday,$125K - $150K,"Lehi, UT, US"
Account Executive (B2B),https://www.ycombinator.com/companies/sameday/jobs/pEQXKj6-account-executive-b2b,Sameday,$70K - $120K,"Lehi, UT"
Fullstack Engineer (AI Emphasis),https://www.ycombinator.com/companies/sameday/jobs/b0Ije7T-fullstack-engineer-ai-emphasis,Sameday,$165K - $225K,"lehi, utah"
Safety Software Engineer in San Francisco,https://www.ycombinator.com/companies/polymath-robotics/jobs/5icOcQK-safety-software-engineer-in-san-francisco,Polymath Robotics,$150K - $250K,"San Francisco, CA, US"
Senior Software Engineer,https://www.ycombinator.com/companies/coverage-cat/jobs/rOkcL9B-senior-software-engineer,Coverage Cat,$135K - $160K,Remote
Senior Account Executive ,https://www.ycombinator.com/companies/chima/jobs/xGY8yI0-senior-account-executive,Chima,$110K - $120K,"San Francisco, CA, US"
Senior Sales Development Representative,https://www.ycombinator.com/companies/chima/jobs/bnycSo0-senior-sales-development-representative,Chima,$110K - $120K,"San Francisco, CA, US"
AI Engineer,https://www.ycombinator.com/companies/chima/jobs/CiyqLHL-ai-engineer,Chima,$100K - $300K,"San Francisco, CA, US"
Frontend Engineer,https://www.ycombinator.com/companies/chima/jobs/vwGFPHy-frontend-engineer,Chima,$80K - $250K,Remote (US)
Senior AI/ML Engineer ,https://www.ycombinator.com/companies/landeed/jobs/WpfnPfi-senior-ai-ml-engineer,Landeed,₹2.5M - ₹4.5M INR,"Hyderabad, TS, IN"
Web Automation Engineer ,https://www.ycombinator.com/companies/landeed/jobs/JyJwOja-web-automation-engineer,Landeed,₹1M - ₹2M INR,"Hyderabad, TS, IN"
Content and Community Lead,https://www.ycombinator.com/companies/landeed/jobs/v2Wfj2O-content-and-community-lead,Landeed,₹600K - ₹1.8M INR,"Hyderabad, TS, IN / Bengaluru, KA, IN"
Support Executive,https://www.ycombinator.com/companies/landeed/jobs/SZyQjR3-support-executive,Landeed,₹240K - ₹500K INR,"Hyderabad, TS, IN / Mumbai, MH, IN / Chennai, TN, IN / Bengaluru, KA, IN"
Operations Lead,https://www.ycombinator.com/companies/landeed/jobs/HYva7F4-operations-lead,Landeed,$480K - $1.2M,"Mumbai, MH, IN / Bengaluru, KA, IN / Hyderabad, TS, IN / Chennai, TN, IN"
Business Development And Enterprise Sales (BDES),https://www.ycombinator.com/companies/landeed/jobs/4l4knno-business-development-and-enterprise-sales-bdes,Landeed,₹1M - ₹2.5M INR,"Hyderabad, TS, IN / Mumbai, MH, IN / Bengaluru, KA, IN / Chennai, TN, IN / DL, IN / Gurugram, HR, IN"
EIR: Entrepreneur In Residence,https://www.ycombinator.com/companies/landeed/jobs/Xt8mnKh-eir-entrepreneur-in-residence,Landeed,$20K - $60K,"Hyderabad, TG, IN"
Performance Marketer,https://www.ycombinator.com/companies/landeed/jobs/DGgwOhw-performance-marketer,Landeed,₹600K - ₹1.2M INR,"Hyderabad, TG, IN"
Product Owner,https://www.ycombinator.com/companies/landeed/jobs/UYsLGSi-product-owner,Landeed,₹1.5M - ₹3.5M INR,"Hyderabad, TG, IN"
Legal Associate,https://www.ycombinator.com/companies/landeed/jobs/TuXBTBn-legal-associate,Landeed,₹400K - ₹1.5M INR,"Hyderabad, TG, IN"
"Head of Corporate Affairs, Public Policy and Government Relations (CPG)",https://www.ycombinator.com/companies/landeed/jobs/DVY3BMa-head-of-corporate-affairs-public-policy-and-government-relations-cpg,Landeed,$20K - $50K,"Hyderabad, TG, IN"
UI/UX Lead,https://www.ycombinator.com/companies/landeed/jobs/kRhGqU1-ui-ux-lead,Landeed,₹800K - ₹2.4M INR,"Hyderabad, TG, IN"
Founding Engineer: Backend - Rust+gRPC (US),https://www.ycombinator.com/companies/landeed/jobs/M1MSW0X-founding-engineer-backend-rust-grpc-us,Landeed,$150K - $220K,"Millbrae, CA, US"
Founding Fullstack Engineer: React / React Native + Any Backend (India),https://www.ycombinator.com/companies/landeed/jobs/1RGlF1W-founding-fullstack-engineer-react-react-native-any-backend-india,Landeed,₹2M - ₹6M INR,"Hyderabad, Telangana, India"
Founding Engineer: Backend - Golang+gRPC (India),https://www.ycombinator.com/companies/landeed/jobs/9A8nZpt-founding-engineer-backend-golang-grpc-india,Landeed,₹2.5M - ₹8M INR,"Hyderabad, Telangana, India"
Senior Product Engineer,https://www.ycombinator.com/companies/axle/jobs/NMP8typ-senior-product-engineer,Axle,$130K - $180K,"New York, NY, US"
Product Engineer,https://www.ycombinator.com/companies/axle/jobs/D9pOJbi-product-engineer,Axle,$100K - $140K,"New York, NY, US"
Staff Product Engineer,https://www.ycombinator.com/companies/axle/jobs/fsGXBTC-staff-product-engineer,Axle,$150K - $220K,"New York, NY, US"
People and Talent Lead,https://www.ycombinator.com/companies/cambio-2/jobs/DweAjb3-people-and-talent-lead,Cambio 2,,New York City
Account Executive  / Growth Lead,https://www.ycombinator.com/companies/cambio-2/jobs/q3Sietb-account-executive-growth-lead,Cambio 2,,New York City / Remote (US)
Customer Success Lead,https://www.ycombinator.com/companies/cambio-2/jobs/qYE1Hzj-customer-success-lead,Cambio 2,,New York City / Remote (US)
Senior Backend Engineer,https://www.ycombinator.com/companies/cambio-2/jobs/yvxTYkx-senior-backend-engineer,Cambio 2,,Toronto / Remote (US)
Senior Frontend Engineer,https://www.ycombinator.com/companies/cambio-2/jobs/fbX9aIp-senior-frontend-engineer,Cambio 2,,Toronto
Frontend Engineer,https://www.ycombinator.com/companies/cambio-2/jobs/vng2rjF-frontend-engineer,Cambio 2,,Toronto / Remote (US)
Executive Assistant,https://www.ycombinator.com/companies/cambio-2/jobs/sh6UxbP-executive-assistant,Cambio 2,,New York City / Remote (US)
AI Engineer,https://www.ycombinator.com/companies/cambio-2/jobs/t3OkTdw-ai-engineer,Cambio 2,,Toronto
Chief of Staff,https://www.ycombinator.com/companies/cambio-2/jobs/ZVV4cuG-chief-of-staff,Cambio 2,,New York City / Remote (US)
SRE Engineer,https://www.ycombinator.com/companies/cambio-2/jobs/zQ5wBEY-sre-engineer,Cambio 2,,Toronto
Backend Engineer,https://www.ycombinator.com/companies/cambio-2/jobs/BnpbfOn-backend-engineer,Cambio 2,,Toronto / Remote (US)
Healthcare Operations Associate - Full Time ,https://www.ycombinator.com/companies/delfino-ai/jobs/GMYf77b-healthcare-operations-associate-full-time,Delfino Ai,$17 - $19,US / Remote (US)
Healthcare Operations Associate - Part Time ,https://www.ycombinator.com/companies/delfino-ai/jobs/2HyErWK-healthcare-operations-associate-part-time,Delfino Ai,$15 - $18,US / Remote (US)
Account Executive Enterprise - France,https://www.ycombinator.com/companies/rever/jobs/z0lrOIS-account-executive-enterprise-france,Rever,€30 - €60 EUR,"Barcelona, CT, ES / Barcelona, Catalonia, ES"
Software Engineer,https://www.ycombinator.com/companies/rever/jobs/fy3YaaK-software-engineer,Rever,$40K - $70K,"Barcelona, CT, ES / ES"
Customer Operations,https://www.ycombinator.com/companies/rever/jobs/bClINAp-customer-operations,Rever,$1,"Barcelona, CT, ES"
Senior Mobile Developer (3+ Years Experience),https://www.ycombinator.com/companies/algotest/jobs/KWrh5tz-senior-mobile-developer-3-years-experience,Algotest,₹2M - ₹3.5M INR,"DL, IN"
Founding Software Engineer,https://www.ycombinator.com/companies/algotest/jobs/k4IdRu6-founding-software-engineer,Algotest,₹1.8M - ₹3M INR,"Gurugram, HR, IN"
Product Designer,https://www.ycombinator.com/companies/algotest/jobs/970JFzZ-product-designer,Algotest,$10K - $20K,"New Delhi, DL, IN"
Account Executive (2),https://www.ycombinator.com/companies/pump-co/jobs/7nfMwV6-account-executive-2,Pump Co,₹2M - ₹3M INR,"Bengaluru, KA, IN / Bengaluru, Karnataka, IN / Hyderabad, TS, IN / Hyderabad, Telangana, IN / New Delhi, DL, IN / New Delhi, Delhi, IN"
Email Outreach Manager,https://www.ycombinator.com/companies/pump-co/jobs/7kB7DNb-email-outreach-manager,Pump Co,$70K - $100K,"San Francisco, CA, US"
Technical Product Manager,https://www.ycombinator.com/companies/pump-co/jobs/ez3SKrn-technical-product-manager,Pump Co,$120K - $200K,"San Francisco, CA"
Technical Operations,https://www.ycombinator.com/companies/pump-co/jobs/TVc8OIe-technical-operations,Pump Co,$70K - $90K,"San Francisco, CA"
Founding Product Designer,https://www.ycombinator.com/companies/pump-co/jobs/lrUpMIr-founding-product-designer,Pump Co,$80K - $160K,"San Francisco, CA"
Customer Success Manager,https://www.ycombinator.com/companies/pump-co/jobs/uP1vp4C-customer-success-manager,Pump Co,$65K - $80K,"San Francisco, CA"
Head of Engineering,https://www.ycombinator.com/companies/pump-co/jobs/CQsqMBF-head-of-engineering,Pump Co,$180K - $220K,"San Francisco, CA, US"
Solutions Architect,https://www.ycombinator.com/companies/pump-co/jobs/sVIZja5-solutions-architect,Pump Co,$70K - $150K,"San Francisco, CA, US"
Business Development Representative/Customer Operations Rotational Program (New Grad),https://www.ycombinator.com/companies/pump-co/jobs/RDmxnQa-business-development-representative-customer-operations-rotational-program-new-grad,Pump Co,$50K - $80K,"San Francisco, CA, US"
Finance Associate,https://www.ycombinator.com/companies/pump-co/jobs/E4WZGHk-finance-associate,Pump Co,$65K - $100K,"San Francisco, CA, US"
Founding Graphic Designer,https://www.ycombinator.com/companies/pump-co/jobs/jyVciZl-founding-graphic-designer,Pump Co,$100K - $160K,"San Francisco, CA, US"
Recruiter,https://www.ycombinator.com/companies/pump-co/jobs/QBiWtc4-recruiter,Pump Co,$70K - $90K,"San Francisco, CA, US"
Founding Staff Engineer,https://www.ycombinator.com/companies/pump-co/jobs/gEwy3yk-founding-staff-engineer,Pump Co,$150K - $200K,"San Francisco, CA, US"
Demand Generation Lead (Paid Ads),https://www.ycombinator.com/companies/pump-co/jobs/zb8a6xn-demand-generation-lead-paid-ads,Pump Co,$80K - $130K,"San Francisco, CA, US"
Founding Senior Staff Engineer,https://www.ycombinator.com/companies/pump-co/jobs/Q0WZcLh-founding-senior-staff-engineer,Pump Co,$150K - $200K,"San Francisco, CA, US"
Founding Frontend Engineer,https://www.ycombinator.com/companies/pump-co/jobs/dJOrg01-founding-frontend-engineer,Pump Co,$100K - $160K,"San Francisco, CA, US"
Founding Backend Engineer,https://www.ycombinator.com/companies/pump-co/jobs/r0JLcxL-founding-backend-engineer,Pump Co,$100K - $200K,"San Francisco, CA, US"
Fashion Buyer & Business Development,https://www.ycombinator.com/companies/jamble/jobs/Qq4gUUf-fashion-buyer-business-development,Jamble,$40K - $100K,Remote (US)
Marketing & Content Manager,https://www.ycombinator.com/companies/jamble/jobs/Owlnq2O-marketing-content-manager,Jamble,$1K - $3K,Remote (US)
Buyer & Sales (Fashion),https://www.ycombinator.com/companies/jamble/jobs/f1dDC0M-buyer-sales-fashion,Jamble,$80K - $150K,US / Remote (US)
Buyer & Partnerships Manager (Fashion),https://www.ycombinator.com/companies/jamble/jobs/ovwgiLY-buyer-partnerships-manager-fashion,Jamble,$80K - $150K,US / Remote (US)
Head of Marketing,https://www.ycombinator.com/companies/jamble/jobs/wRNgIaY-head-of-marketing,Jamble,$60K - $120K,US / Remote (US)
GTM - Account Executive,https://www.ycombinator.com/companies/wondercraft/jobs/63OZPvF-gtm-account-executive,Wondercraft,$100K - $200K,Remote (US)
Product Designer,https://www.ycombinator.com/companies/wondercraft/jobs/mExiA6A-product-designer,Wondercraft,$40K - $100K,"London, England, GB / Remote"
Group Accountant,https://www.ycombinator.com/companies/autone/jobs/SgQgZYp-group-accountant,Autone,,London Office
Human Resources Generalist,https://www.ycombinator.com/companies/oneleet/jobs/o3W6ZWt-human-resources-generalist,Oneleet,$55K - $75K,US / Remote (US)
"Software Engineer, Integrations",https://www.ycombinator.com/companies/oneleet/jobs/LZaEMA6-software-engineer-integrations,Oneleet,$100K - $140K,US / Remote (US)
Executive Assistant to the CEO,https://www.ycombinator.com/companies/oneleet/jobs/7ZCHnaP-executive-assistant-to-the-ceo,Oneleet,$50K - $65K,Remote (US)
Senior Software Engineer (Frontend Focus),https://www.ycombinator.com/companies/oneleet/jobs/vP0IcKZ-senior-software-engineer-frontend-focus,Oneleet,$120K - $180K,US / Remote (US)
Senior Software Engineer (Backend),https://www.ycombinator.com/companies/oneleet/jobs/6WRWYIs-senior-software-engineer-backend,Oneleet,$120K - $180K,US / Remote (US)
Security Program Engineer,https://www.ycombinator.com/companies/oneleet/jobs/UV13FVG-security-program-engineer,Oneleet,$80K - $140K,US / Remote (US)
Creator & Community Lead,https://www.ycombinator.com/companies/firecrawl/jobs/7MeXnQH-creator-community-lead,Firecrawl,$60K - $120K,"Boston, MA, US / San Francisco, CA, US / Remote (US)"
Growth Engineer,https://www.ycombinator.com/companies/firecrawl/jobs/DgBvV21-growth-engineer,Firecrawl,$70K - $180K,"San Francisco, CA, US / Boston, MA, US / Remote"
Founding AI Engineer,https://www.ycombinator.com/companies/firecrawl/jobs/X7PXVau-founding-ai-engineer,Firecrawl,$100K - $200K,"San Francisco, CA, US / Remote (San Francisco, CA, US)"
Technical Chief of Staff @ Firecrawl,https://www.ycombinator.com/companies/firecrawl/jobs/mC96jux-technical-chief-of-staff-firecrawl,Firecrawl,$115K - $175K,"San Francisco, CA, US"
Founding Web Automation Engineer,https://www.ycombinator.com/companies/firecrawl/jobs/hZHD0j6-founding-web-automation-engineer,Firecrawl,$70K - $270K,"San Francisco, CA, US / Remote (US)"
Full-time Backend Engineer,https://www.ycombinator.com/companies/primevault/jobs/zH4amoV-full-time-backend-engineer,Primevault,$50K - $60K,IN / Remote (IN)
Sales Operations Specialist,https://www.ycombinator.com/companies/homli/jobs/noIL3Kv-sales-operations-specialist,Homli,$25K - $45K,"Madrid, MD, ES"
"Sales Operations Specialist - Athens, Greece",https://www.ycombinator.com/companies/homli/jobs/gNdAntf-sales-operations-specialist-athens-greece,Homli,Any (new grads ok),"Athens, Greece"
Senior Machine Learning Engineer,https://www.ycombinator.com/companies/findly/jobs/DKgmBi7-senior-machine-learning-engineer,Findly,$20K - $60K,BR / Remote (BR)
Full-stack (Frontend Leaning) Engineer,https://www.ycombinator.com/companies/nsave/jobs/4eop5J5-full-stack-frontend-leaning-engineer,Nsave,£60K - £120K GBP,"London, England, GB"
"Backend Engineer - London, UK",https://www.ycombinator.com/companies/nsave/jobs/3hCCqHc-backend-engineer-london-uk,Nsave,£60K - £120K GBP,"London, England, GB"
🌍 Customer Support Specialist (Bilingual – Spanish & English),https://www.ycombinator.com/companies/aiprise/jobs/ePaM8HL-customer-support-specialist-bilingual-spanish-english,Aiprise,$12K - $20K,MX / Remote (MX)
Head of Sales,https://www.ycombinator.com/companies/aiprise/jobs/zbJzQB2-head-of-sales,Aiprise,$120K - $150K,US / Remote (US)
"Social Media & Content Creator Intern (Games, TikTok)",https://www.ycombinator.com/companies/blacktop-hoops-by-vinci-games/jobs/7PzmStw-social-media-content-creator-intern-games-tiktok,Blacktop Hoops By Vinci Games,$15 - $19,Remote (US)
Founding Design Engineer,https://www.ycombinator.com/companies/ekho/jobs/hYZSnGK-founding-design-engineer,Ekho,,New York City HQ
Founding Enterprise Customer Success Manager,https://www.ycombinator.com/companies/ekho/jobs/jb3gGOl-founding-enterprise-customer-success-manager,Ekho,,New York City HQ
Automation Product Engineer,https://www.ycombinator.com/companies/ekho/jobs/uI3796f-automation-product-engineer,Ekho,,New York City HQ
Full-stack Engineer,https://www.ycombinator.com/companies/ekho/jobs/CWY25sq-full-stack-engineer,Ekho,,New York City HQ
Founding Product Designer,https://www.ycombinator.com/companies/ekho/jobs/uSDVtLr-founding-product-designer,Ekho,,New York City HQ
Solutions Architect,https://www.ycombinator.com/companies/ekho/jobs/oCLZbVi-solutions-architect,Ekho,$120K - $190K,"New York, NY, US"
Product Designer,https://www.ycombinator.com/companies/quindar/jobs/K6v85pH-product-designer,Quindar,$140K - $160K,"Denver, CO, US / Seattle, WA, US"
Customer Success Manager,https://www.ycombinator.com/companies/unthread/jobs/JMCbWyQ-customer-success-manager,Unthread,$100K - $160K,"New York, NY, US"
Senior Fullstack Engineer,https://www.ycombinator.com/companies/unthread/jobs/P1iRrPu-senior-fullstack-engineer,Unthread,$150K - $200K,"New York, NY, US"
Account Executive,https://www.ycombinator.com/companies/kombo/jobs/B9tfyRB-account-executive,Kombo,,Office / Remote (US)
Product Engineer,https://www.ycombinator.com/companies/kombo/jobs/IeiAXWo-product-engineer,Kombo,€60K - €100K EUR,"Berlin, BE, DE"
Senior Marketing Manager,https://www.ycombinator.com/companies/kombo/jobs/UHawWtf-senior-marketing-manager,Kombo,,Office
Growth Marketer,https://www.ycombinator.com/companies/kombo/jobs/Co5bX2j-growth-marketer,Kombo,,Office
Full-Stack Engineer,https://www.ycombinator.com/companies/kombo/jobs/0ajqU9m-full-stack-engineer,Kombo,€60K - €100K EUR,Office
Business Development: Market Expansion,https://www.ycombinator.com/companies/kombo/jobs/kOJb8IF-business-development-market-expansion,Kombo,€55 - €75 EUR,"Berlin, BE, DE"
Haven't found what you are looking for? Operations/Engineering/Product,https://www.ycombinator.com/companies/kombo/jobs/vyzsAci-haven-t-found-what-you-are-looking-for-operations-engineering-product,Kombo,Any (new grads ok),"Berlin, BE, DE"
Senior AI Software Engineer,https://www.ycombinator.com/companies/feather-2/jobs/hh2ypqP-senior-ai-software-engineer,Feather 2,$24K - $36K,IN / Remote (IN)
Founding AI Engineer,https://www.ycombinator.com/companies/metriport/jobs/Q8mR4RG-founding-ai-engineer,Metriport,$100K - $200K,"San Francisco, CA / Remote (San Francisco, CA, US)"
Senior Software Engineer,https://www.ycombinator.com/companies/metriport/jobs/kwvZPVC-senior-software-engineer,Metriport,$100K - $200K,"San Francisco, CA"
Senior Software Engineer,https://www.ycombinator.com/companies/metriport/jobs/Lln7LuB-senior-software-engineer,Metriport,$100K - $200K,"San Francisco, CA"
Senior Software Engineer,https://www.ycombinator.com/companies/metriport/jobs/48ZQwuz-senior-software-engineer,Metriport,$100K - $200K,"San Francisco, CA"
Founding Marketer,https://www.ycombinator.com/companies/aurelian/jobs/j2uy8Xx-founding-marketer,Aurelian,$110K - $140K,"Seattle, WA, US"
Implementation Specialist,https://www.ycombinator.com/companies/aurelian/jobs/LWUlCYB-implementation-specialist,Aurelian,$90K - $120K,"Seattle, WA, US / Remote (US)"
Infra Engineer,https://www.ycombinator.com/companies/aurelian/jobs/1TvvUPY-infra-engineer,Aurelian,$100K - $180K,"Seattle, WA, US"
Full Stack Software Engineer,https://www.ycombinator.com/companies/aurelian/jobs/dPngBXY-full-stack-software-engineer,Aurelian,$110K - $190K,"Seattle, WA, US"
Full Stack Software Engineer,https://www.ycombinator.com/companies/aviaryai/jobs/MBMZIIK-full-stack-software-engineer,Aviaryai,$75K - $85K,"New York, NY, US"
Customer Success Manager,https://www.ycombinator.com/companies/peoplebox/jobs/1kxQeh7-customer-success-manager,Peoplebox,$60K - $100K,Remote (US)
SDR- International SaaS (Mid-Market/ Enterprise),https://www.ycombinator.com/companies/peoplebox/jobs/GPfqlO6-sdr-international-saas-mid-market-enterprise,Peoplebox,₹600K - ₹1M INR,"Bengaluru, KA, IN"
Account Executive (SaaS Sales - India/ APAC),https://www.ycombinator.com/companies/peoplebox/jobs/P225TqI-account-executive-saas-sales-india-apac,Peoplebox,₹1M - ₹2M INR,"Bangalore, Karnataka, India"
Social Media Marketer,https://www.ycombinator.com/companies/peoplebox/jobs/7mzpsUE-social-media-marketer,Peoplebox,$300K - $500K,"Bangalore, Karnataka, India"
Content Marketer,https://www.ycombinator.com/companies/peoplebox/jobs/bLm0BHr-content-marketer,Peoplebox,₹300K - ₹500K INR,Bangalore
Software Engineer (Backend),https://www.ycombinator.com/companies/peoplebox/jobs/K2iFg3S-software-engineer-backend,Peoplebox,₹900K - ₹1.5M INR,"Bengaluru, KA, IN"
Senior Product Designer,https://www.ycombinator.com/companies/peoplebox/jobs/uZu8Q2a-senior-product-designer,Peoplebox,₹1.5M - ₹2.5M INR,"Bangalore, Karnataka, India"
Senior Software Engineer (Pooling),https://www.ycombinator.com/companies/shipmates/jobs/DC2iLgc-senior-software-engineer-pooling,Shipmates,$1.96K - $2.5K,Makati City / Remote (Philippines)
Sales Development Representative (SDR),https://www.ycombinator.com/companies/thera/jobs/ZgSRr4j-sales-development-representative-sdr,Thera,$20K - $100K,"New York, NY, US / Remote"
Senior Software Engineer,https://www.ycombinator.com/companies/thera/jobs/JgUbavE-senior-software-engineer,Thera,$120K - $250K,"New York, NY, US / Remote"
CTO,https://www.ycombinator.com/companies/thera/jobs/AyjjsZO-cto,Thera,$300K,"New York, NY, US / Remote"
Customer Success Manager,https://www.ycombinator.com/companies/provision/jobs/QGxqiQL-customer-success-manager,Provision,$90K - $130K CAD,"Toronto, ON, CA / Toronto, Ontario, CA"
"Account Executive (Mid-Market, Toronto)",https://www.ycombinator.com/companies/provision/jobs/B1WvXZy-account-executive-mid-market-toronto,Provision,$140K - $170K CAD,"Toronto, ON, CA"
"Fullstack Software Engineer (In-person, Toronto, Canada)",https://www.ycombinator.com/companies/provision/jobs/JJ9fZxg-fullstack-software-engineer-in-person-toronto-canada,Provision,$140K - $200K CAD,"Toronto, Canada"
Chief of Staff,https://www.ycombinator.com/companies/pulppo/jobs/nxNTy1J-chief-of-staff,Pulppo,$30K - $50K,"Mexico City, CDMX, MX"
Fullstack Software Engineer,https://www.ycombinator.com/companies/pulppo/jobs/ewgeS7d-fullstack-software-engineer,Pulppo,$30K - $60K,"Buenos Aires, Argentina"
Machine Learning Engineer (f/m/x),https://www.ycombinator.com/companies/typewise/jobs/u4OdKNh-machine-learning-engineer-f-m-x,Typewise,€80K - €120K EUR,"Zürich, ZH, CH"
ML Research Engineer - Audio at Flair Labs (W24),https://www.ycombinator.com/companies/flair-labs/jobs/nEsEDws-ml-research-engineer-audio-at-flair-labs-w24,Flair Labs,$120K - $180K,"Palo Alto, CA, US / Remote"
Head of Applied AI - Flair Labs (W24),https://www.ycombinator.com/companies/flair-labs/jobs/a9J4t3c-head-of-applied-ai-flair-labs-w24,Flair Labs,$150K - $180K,"Remote (Palo Alto, CA, US; San Francisco, CA, US; Santa Clara, CA, US)"
Head of Product Marketing - Flair Labs (W24),https://www.ycombinator.com/companies/flair-labs/jobs/ql097Qg-head-of-product-marketing-flair-labs-w24,Flair Labs,$100K - $150K,"San Francisco, CA, US / Santa Clara, CA, US / Palo Alto, CA, US / Remote"
Software Engineer,https://www.ycombinator.com/companies/hype/jobs/Aabj9TY-software-engineer,Hype,$120K - $180K,"New York, NY, US"
Senior Software Engineer,https://www.ycombinator.com/companies/hype/jobs/TSdR1ed-senior-software-engineer,Hype,$140K - $210K,"New York, NY, US"
Backend Engineer,https://www.ycombinator.com/companies/phind/jobs/rYqo5IB-backend-engineer,Phind,$130K - $200K,"San Francisco, CA, US / New York, NY, US"
Frontend Engineer,https://www.ycombinator.com/companies/phind/jobs/2pUPBg2-frontend-engineer,Phind,$130K - $200K,"San Francisco, CA, US / New York, NY, US"
Machine Learning Engineer,https://www.ycombinator.com/companies/phind/jobs/YBhK94N-machine-learning-engineer,Phind,$130K - $200K,"San Francisco, CA, US / New York, NY, US"
Chief of Staff,https://www.ycombinator.com/companies/juicebox/jobs/tGo28Tg-chief-of-staff,Juicebox,$120K - $190K,San Francisco
Account Executive,https://www.ycombinator.com/companies/juicebox/jobs/489BW8H-account-executive,Juicebox,$100K - $200K,San Francisco
Senior Software Engineer,https://www.ycombinator.com/companies/juicebox/jobs/3iISQsj-senior-software-engineer,Juicebox,$170K - $220K,San Francisco
Software Engineer,https://www.ycombinator.com/companies/juicebox/jobs/cxzWyDy-software-engineer,Juicebox,$140K - $200K,San Francisco
Founding Sr. Full Stack Software Engineer at Capix (S22),https://www.ycombinator.com/companies/capix/jobs/hKGv77a-founding-sr-full-stack-software-engineer-at-capix-s22,Capix,0.50% - 2.50%,"San Francisco, CA, US / New York, NY, US / Remote"
Founding Sr. Full Stack Software Engineer at Capix (S22),https://www.ycombinator.com/companies/capix/jobs/AaMtMpL-founding-sr-full-stack-software-engineer-at-capix-s22,Capix,0.50% - 2.50%,"San Francisco, CA, US / New York, NY, US / Remote"
Rust + TypeScript Engineer,https://www.ycombinator.com/companies/windmill/jobs/REsQMZa-rust-typescript-engineer,Windmill,€40K - €90K EUR,"Paris, IDF, FR / Remote (Paris, IDF, FR)"
Senior Svelte Frontend Engineer,https://www.ycombinator.com/companies/windmill/jobs/voz8eYF-senior-svelte-frontend-engineer,Windmill,€40K - €90K EUR,"Paris, IDF, FR / Remote (Paris, IDF, FR)"
Backend Software Engineer (Rust),https://www.ycombinator.com/companies/windmill/jobs/WlSHAed-backend-software-engineer-rust,Windmill,€40K - €90K EUR,"Paris, IDF, FR / Remote (Paris, IDF, FR)"
Founding Engineer,https://www.ycombinator.com/companies/raven/jobs/V9CsHLa-founding-engineer,Raven,$20K - $40K,"Bengaluru, KA, IN / Remote (IN)"
"Software Engineer, Experiments",https://www.ycombinator.com/companies/codecrafters/jobs/EL4Oqs1-software-engineer-experiments,Codecrafters,$20K - $40K,Remote
Graphic Designer,https://www.ycombinator.com/companies/codecrafters/jobs/wB5oiVX-graphic-designer,Codecrafters,$12K - $24K,Remote (US)
"Software Engineer, Product",https://www.ycombinator.com/companies/codecrafters/jobs/U31ttcu-software-engineer-product,Codecrafters,$20K - $40K,Remote
Marketing Writer [Technical],https://www.ycombinator.com/companies/codecrafters/jobs/s2MPHPu-marketing-writer-technical,Codecrafters,$12K - $30K,Remote
Influencer Partnerships Manager,https://www.ycombinator.com/companies/codecrafters/jobs/7ljWFvU-influencer-partnerships-manager,Codecrafters,$12K - $24K,Remote
Business Development,https://www.ycombinator.com/companies/voltic/jobs/tcUe5SI-business-development,Voltic,$75K - $150K,Remote (US)
Ocean Engineer,https://www.ycombinator.com/companies/voltic/jobs/JVs4fX5-ocean-engineer,Voltic,$50K - $200K,Remote (US)
Head of Public Policy,https://www.ycombinator.com/companies/novig/jobs/0gmK1q6-head-of-public-policy,Novig,$250K - $350K,"New York, NY / Remote (US)"
Senior Backend Engineer / Backend Engineer,https://www.ycombinator.com/companies/novig/jobs/yjMXjnW-senior-backend-engineer-backend-engineer,Novig,$125 - $275,"New York, NY"
Frontend Mobile Engineer,https://www.ycombinator.com/companies/novig/jobs/ibLgITR-frontend-mobile-engineer,Novig,$160K - $210K,"New York, NY"
Senior Full-stack Developer (Backend Focus),https://www.ycombinator.com/companies/boostly/jobs/ODm9eL9-senior-full-stack-developer-backend-focus,Boostly,$160K - $225K,"Lehi, UT, US"
Operations & Customer Success,https://www.ycombinator.com/companies/paragon-ai/jobs/C789fuS-operations-customer-success,Paragon Ai,$50K - $75K,"San Francisco, CA, US / New York, NY, US / Remote (US)"
Full Stack Engineer,https://www.ycombinator.com/companies/paragon-ai/jobs/DJaivfc-full-stack-engineer,Paragon Ai,$100K - $170K,"San Francisco, CA, US / New York, NY, US / Remote (US)"
Founding Account Executive,https://www.ycombinator.com/companies/paragon-ai/jobs/twlJy20-founding-account-executive,Paragon Ai,$75K - $150K,"San Francisco, CA, US / New York, NY, US / Remote (US)"
Founding Enterprise Account Executive,https://www.ycombinator.com/companies/paragon-ai/jobs/2txf8hg-founding-enterprise-account-executive,Paragon Ai,$100K - $200K,"San Francisco, CA, US / New York, NY, US / Remote (US)"
Fullstack + AI Engineer,https://www.ycombinator.com/companies/trebu/jobs/oU4PUGq-fullstack-ai-engineer,Trebu,$100K - $150K,MX / US / BR / AR / CO / CA / CL / VE / PE / Remote (MX; US; BR; AR; CO; CA; CL; VE; PE)
AI Engineer,https://www.ycombinator.com/companies/trebu/jobs/B2MjZum-ai-engineer,Trebu,$100K - $150K,Remote
Customer Success Associate,https://www.ycombinator.com/companies/pasito/jobs/Uzxwwnf-customer-success-associate,Pasito,$75K - $100K,US / Remote (US)
Full Stack Engineer,https://www.ycombinator.com/companies/pasito/jobs/WcXQdii-full-stack-engineer,Pasito,$100K - $150K,US / Remote (US)
Senior Business Development Manager ,https://www.ycombinator.com/companies/devyce/jobs/07JsyBp-senior-business-development-manager,Devyce,£65K - £85K GBP,"London, England, GB"
Lead Software Engineer (AI features) / Remote,https://www.ycombinator.com/companies/tailor/jobs/dlgbDVf-lead-software-engineer-ai-features-remote,Tailor,$120 - $250,Remote
ERP engineer (part-time),https://www.ycombinator.com/companies/tailor/jobs/dhO7pLv-erp-engineer-part-time,Tailor,$65K - $250K,Remote
Marketing,https://www.ycombinator.com/companies/chariot-2/jobs/RdtMG6T-marketing,Chariot 2,$110K - $125K,"New York, NY"
GTM,https://www.ycombinator.com/companies/chariot-2/jobs/jXTELRf-gtm,Chariot 2,$110K - $170K,"New York, NY"
Engineering,https://www.ycombinator.com/companies/chariot-2/jobs/MsAGh9T-engineering,Chariot 2,$150K - $200K,"New York, NY"
Senior Blockchain Engineer (Account Abstraction),https://www.ycombinator.com/companies/stackup/jobs/bjKJNaR-senior-blockchain-engineer-account-abstraction,Stackup,$100K - $200K,"AU / CA, US / Remote (AU; CA, US)"
Sales Development Representative,https://www.ycombinator.com/companies/two-dots/jobs/5ZzjzMb-sales-development-representative,Two Dots,$95K - $125K,"San Francisco, CA, US"
Senior Accounting Manager,https://www.ycombinator.com/companies/two-dots/jobs/4KomRzM-senior-accounting-manager,Two Dots,$120K - $170K,"San Francisco, CA, US"
Software Engineer,https://www.ycombinator.com/companies/two-dots/jobs/bRJOKf6-software-engineer,Two Dots,$150K - $225K,"San Francisco, CA, US"
Machine Learning Engineer,https://www.ycombinator.com/companies/two-dots/jobs/97PTcHT-machine-learning-engineer,Two Dots,$200K - $400K,"San Francisco, CA, US"
Operations Program Manager (PH),https://www.ycombinator.com/companies/two-dots/jobs/K3ReC0O-operations-program-manager-ph,Two Dots,$15K - $30K,PH / Remote (PH)
Operations Analyst - Fraud,https://www.ycombinator.com/companies/two-dots/jobs/aMJuDKS-operations-analyst-fraud,Two Dots,$85K - $100K,"San Francisco, CA, US"
Staff Software Engineer - Gen AI,https://www.ycombinator.com/companies/truva/jobs/0lTLehY-staff-software-engineer-gen-ai,Truva,$170K - $230K,"Mountain View, CA, US"
Software Engineer,https://www.ycombinator.com/companies/ciro/jobs/c7NK9Eu-software-engineer,Ciro,$150K - $200K,"San Francisco, CA, US"
Cloud Security Engineer,https://www.ycombinator.com/companies/julius/jobs/Q7L4z1J-cloud-security-engineer,Julius,$150K - $190K,"San Francisco, CA / Remote (US)"
Software Engineer - Backend,https://www.ycombinator.com/companies/julius/jobs/WHMSALX-software-engineer-backend,Julius,3+ years,"San Francisco, CA"
Growth Marketing,https://www.ycombinator.com/companies/julius/jobs/1jHSuc7-growth-marketing,Julius,3+ years,"San Francisco, CA"
BizOps Generalist,https://www.ycombinator.com/companies/julius/jobs/HbFyLWx-bizops-generalist,Julius,3+ years,"San Francisco, CA"
Senior Software Engineer - Frontend,https://www.ycombinator.com/companies/julius/jobs/9xK460I-senior-software-engineer-frontend,Julius,$150K - $190K,"San Francisco, CA"
Software Engineer - Infrastructure & Security,https://www.ycombinator.com/companies/julius/jobs/YxhNPfe-software-engineer-infrastructure-security,Julius,$150K - $190K,"San Francisco, CA / Remote (US)"
Data Scientist (Energy Systems),https://www.ycombinator.com/companies/paces/jobs/85jB9zF-data-scientist-energy-systems,Paces,$130K - $150K,"NY, US"
Associate Solutions Engineer,https://www.ycombinator.com/companies/paces/jobs/M5wrX4D-associate-solutions-engineer,Paces,$65K,"NY, US / Remote (US)"
Power Engineer,https://www.ycombinator.com/companies/paces/jobs/5YyMhlc-power-engineer,Paces,$130K - $150K,"NY, US"
Software Engineer (Full-Stack),https://www.ycombinator.com/companies/paces/jobs/Kpdohj0-software-engineer-full-stack,Paces,$150K - $200K,"NY, US"
Data Engineer,https://www.ycombinator.com/companies/paces/jobs/Drt5XRb-data-engineer,Paces,$120K - $170K,"NY, US"
Data Engineer (Junior),https://www.ycombinator.com/companies/paces/jobs/3JxN8bY-data-engineer-junior,Paces,$100K - $150K,"NY, US"
Machine Learning Engineer,https://www.ycombinator.com/companies/stream/jobs/WtFJxME-machine-learning-engineer,Stream,$150K - $185K,"San Francisco, CA, US"
Senior Backend Software Engineer ,https://www.ycombinator.com/companies/stream/jobs/YHRZT8i-senior-backend-software-engineer,Stream,$150K - $185K,"San Francisco, CA, US"
Hiring a Founding Typescript Engineer to build a modern Firebase,https://www.ycombinator.com/companies/instant/jobs/HYaKBwB-hiring-a-founding-typescript-engineer-to-build-a-modern-firebase,Instant,$150K - $200K,"San Francisco, CA, US"
Senior/Lead Product Designer,https://www.ycombinator.com/companies/clinikally/jobs/7oJQvMH-senior-lead-product-designer,Clinikally,₹1.2M - ₹1.8M INR,"Gurugram, Haryana, IN"
Founding Software Engineer (Backend),https://www.ycombinator.com/companies/clinikally/jobs/XNoX9dy-founding-software-engineer-backend,Clinikally,₹1.8M - ₹3M INR,"Bengaluru, KA, IN / Gurugram, HR, IN"
Community Manager,https://www.ycombinator.com/companies/clinikally/jobs/72fpq3P-community-manager,Clinikally,₹1M - ₹1.6M INR,"Gurugram, HR, IN"
Head of Category & Brand Management,https://www.ycombinator.com/companies/clinikally/jobs/EeshR8z-head-of-category-brand-management,Clinikally,₹1.6M - ₹2.4M INR,"Gurugram, HR, IN"
Product Manager,https://www.ycombinator.com/companies/clinikally/jobs/OumKTxo-product-manager,Clinikally,₹1.6M - ₹2.5M INR,"Gurugram, HR, IN"
DevOps Engineer,https://www.ycombinator.com/companies/clinikally/jobs/Ds4SHsb-devops-engineer,Clinikally,₹800K - ₹2M INR,"Gurugram, HR, IN"
Legal Associate,https://www.ycombinator.com/companies/clinikally/jobs/Lj7I4Jh-legal-associate,Clinikally,₹1.2M - ₹1.8M INR,"Gurugram, HR, IN"
People Operations/HR Lead,https://www.ycombinator.com/companies/clinikally/jobs/A4kUhaY-people-operations-hr-lead,Clinikally,₹750K - ₹1.5M INR,"Gurugram, HR, IN"
Chief of Staff ,https://www.ycombinator.com/companies/clinikally/jobs/YrE8ipU-chief-of-staff,Clinikally,₹2M INR,"Gurugram, HR, IN"
Frontend Product Engineer,https://www.ycombinator.com/companies/clinikally/jobs/3E316r8-frontend-product-engineer,Clinikally,₹1.4M - ₹2.1M INR,"Gurugram, HR, IN"
Community Manager (Offline),https://www.ycombinator.com/companies/clinikally/jobs/XM8oUFO-community-manager-offline,Clinikally,₹800K - ₹1.2M INR,"Gurugram, HR, IN"
Graphic Designer and Video Editor,https://www.ycombinator.com/companies/clinikally/jobs/WNQZwrL-graphic-designer-and-video-editor,Clinikally,₹720K - ₹960K INR,"Gurugram, HR, IN"
Mobile Developer - React Native (Internship),https://www.ycombinator.com/companies/clinikally/jobs/qzSbIz8-mobile-developer-react-native-internship,Clinikally,₹45K - ₹65K INR,"Gurugram, HR, IN"
Full-Stack Engineer (Lead),https://www.ycombinator.com/companies/clinikally/jobs/UAqexTu-full-stack-engineer-lead,Clinikally,₹2.5M - ₹4M INR,"Gurugram, HR, IN"
Key Account Manager (Brand Partnerships),https://www.ycombinator.com/companies/clinikally/jobs/A4qwQtP-key-account-manager-brand-partnerships,Clinikally,₹900K - ₹1.5M INR,"Gurugram, HR, IN"
Digital Marketing Lead,https://www.ycombinator.com/companies/clinikally/jobs/6ENrnlk-digital-marketing-lead,Clinikally,₹850K - ₹1.45M INR,"Gurugram, HR, IN"
QA Testing Engineer,https://www.ycombinator.com/companies/clinikally/jobs/6nruxKv-qa-testing-engineer,Clinikally,₹450K - ₹600K INR,"Gurugram, HR, IN"
Business Analyst,https://www.ycombinator.com/companies/clinikally/jobs/DOMbLW4-business-analyst,Clinikally,₹600K - ₹850K INR,"Gurugram, HR, IN"
Customer Success Manager,https://www.ycombinator.com/companies/clinikally/jobs/YvmQH22-customer-success-manager,Clinikally,₹600K - ₹840K INR,"Gurugram, HR, IN"
Customer Care Representative,https://www.ycombinator.com/companies/clinikally/jobs/BfjozaD-customer-care-representative,Clinikally,₹450K - ₹600K INR,"Gurugram, HR, IN"
Catalogue Associate,https://www.ycombinator.com/companies/clinikally/jobs/in357RV-catalogue-associate,Clinikally,₹300K - ₹500K INR,"Gurugram, HR, IN"
Digital Marketing Intern,https://www.ycombinator.com/companies/clinikally/jobs/2dStiad-digital-marketing-intern,Clinikally,₹300K - ₹450K INR,"Gurugram, HR, IN"
YouTube Manager,https://www.ycombinator.com/companies/clinikally/jobs/rAHIukh-youtube-manager,Clinikally,₹400K - ₹800K INR,"Gurugram, HR, IN"
Finance Manager ,https://www.ycombinator.com/companies/clinikally/jobs/tmwtZmS-finance-manager,Clinikally,₹450K - ₹720K INR,"Gurugram, HR, IN"
Social Media Manager ,https://www.ycombinator.com/companies/clinikally/jobs/eZV1Z3T-social-media-manager,Clinikally,₹750K - ₹900K INR,"Gurugram, HR, IN"
Telemedicine Specialist,https://www.ycombinator.com/companies/clinikally/jobs/kjOh3AN-telemedicine-specialist,Clinikally,₹300K - ₹450K INR,"Gurugram, HR, IN / Remote (IN)"
Clinical Researcher ,https://www.ycombinator.com/companies/clinikally/jobs/BImhAw1-clinical-researcher,Clinikally,₹500K - ₹750K INR,"Gurugram, HR, IN / Remote (IN)"
Growth Lead,https://www.ycombinator.com/companies/clinikally/jobs/Ya5NHrp-growth-lead,Clinikally,₹500K - ₹750K INR,"Gurugram, HR, IN / Remote (IN)"
Medical Operations Specialist,https://www.ycombinator.com/companies/clinikally/jobs/gTtUcVI-medical-operations-specialist,Clinikally,₹400K - ₹600K INR,"Gurugram, HR, IN / Remote (IN)"
Senior Flutter Engineer,https://www.ycombinator.com/companies/albiware-inc/jobs/0tlluJ6-senior-flutter-engineer,Albiware Inc,$130K - $150K,"Oak Brook, IL, US / Remote (US)"
Sr. .Net Fullstack Developer,https://www.ycombinator.com/companies/albiware-inc/jobs/D3VnDou-sr-net-fullstack-developer,Albiware Inc,$70K - $150K,"Oak Brook, IL, US"
Platform Engineer — Generalist,https://www.ycombinator.com/companies/poly/jobs/cbKLaWT-platform-engineer-generalist,Poly,$150K - $300K,"San Francisco, CA"
AI Research Engineer,https://www.ycombinator.com/companies/poly/jobs/q4bpvDS-ai-research-engineer,Poly,$150K - $300K,"San Francisco, CA"
Platform Engineer — AI Infra Specialist,https://www.ycombinator.com/companies/poly/jobs/ivAeIv3-platform-engineer-ai-infra-specialist,Poly,$150K - $300K,"San Francisco, CA"
Platform Engineer — Infra / Reliability Specialist,https://www.ycombinator.com/companies/poly/jobs/nHMeghI-platform-engineer-infra-reliability-specialist,Poly,$150K - $300K,"San Francisco, CA"
Platform Engineer — Web Frontend Specialist,https://www.ycombinator.com/companies/poly/jobs/mcPPIl6-platform-engineer-web-frontend-specialist,Poly,$150K - $300K,"San Francisco, CA"
Platform Engineer — Desktop / OS Specialist,https://www.ycombinator.com/companies/poly/jobs/L4ObRgn-platform-engineer-desktop-os-specialist,Poly,$150K - $300K,"San Francisco, CA"
Founding Forward Deployed Engineer,https://www.ycombinator.com/companies/medplum/jobs/uXnVfEt-founding-forward-deployed-engineer,Medplum,$150K - $190K,"San Francisco, CA, US"
Founding Developer Experience Engineer,https://www.ycombinator.com/companies/medplum/jobs/1iRSJWs-founding-developer-experience-engineer,Medplum,$150K - $190K,"San Francisco, CA, US"
Founding Engineer (Fullstack),https://www.ycombinator.com/companies/medplum/jobs/nAbajSt-founding-engineer-fullstack,Medplum,$160K - $200K,"San Francisco, CA, US"
Machine Learning Engineer,https://www.ycombinator.com/companies/reality-defender/jobs/V9BpJ9Y-machine-learning-engineer,Reality Defender,$150K - $220K,New York City
Staff Software Engineer,https://www.ycombinator.com/companies/remi/jobs/H0VloCX-staff-software-engineer,Remi,,"Lehi, UT"
Senior Software Engineer,https://www.ycombinator.com/companies/remi/jobs/0mploKG-senior-software-engineer,Remi,,"Lehi, UT"
Software Engineer I/II,https://www.ycombinator.com/companies/remi/jobs/fT1Hmf4-software-engineer-i-ii,Remi,,"Lehi, UT"
Data & BI Analyst,https://www.ycombinator.com/companies/remi/jobs/jYqcCDB-data-bi-analyst,Remi,,"Lehi, UT"
Product Designer,https://www.ycombinator.com/companies/remi/jobs/Lyx8npQ-product-designer,Remi,$90K - $200K,"Lehi, UT, US"
Business Operations Manager,https://www.ycombinator.com/companies/eventual/jobs/A9w2JWJ-business-operations-manager,Eventual,$120K - $170K,San Francisco
Product Engineer,https://www.ycombinator.com/companies/eventual/jobs/Ng1Nn97-product-engineer,Eventual,$120K - $170K,"San Francisco, CA"
"Senior Software Engineer, Distributed Query Engine",https://www.ycombinator.com/companies/eventual/jobs/wwJsZ9q-senior-software-engineer-distributed-query-engine,Eventual,$140K - $200K,"San Francisco, CA"
FlutterFlow & Firebase Engineer,https://www.ycombinator.com/companies/hippobuild/jobs/LfFcPQy-flutterflow-firebase-engineer,Hippobuild,$10K - $24K,CO / MX / VE / EC / PE / BO / AR / BR / Remote (CO; MX; VE; EC; PE; BO; AR; BR)
Founding Full Stack Engineer,https://www.ycombinator.com/companies/easycode/jobs/xK4ksLa-founding-full-stack-engineer,Easycode,$110K - $185K,"Toronto, ON, CA / Remote (US)"
Chief of Staff / Fundraising Officer,https://www.ycombinator.com/companies/beyond-aero/jobs/qrJ11va-chief-of-staff-fundraising-officer,Beyond Aero,6+ years,"Los Angeles, CA, US / Paris, Île-de-France, FR / Toulouse, Occitanie, FR"
"Software Engineer, Full Stack",https://www.ycombinator.com/companies/govdash/jobs/uI8RQW6-software-engineer-full-stack,Govdash,$100K - $150K,"New York, NY, US"
Social Media Intern,https://www.ycombinator.com/companies/gosats/jobs/d4WxjlE-social-media-intern,Gosats,₹180K - ₹240K INR,"Bengaluru, KA, IN / Bengaluru, Karnataka, IN"
Marketing Associate,https://www.ycombinator.com/companies/gosats/jobs/iHR9DGq-marketing-associate,Gosats,1+ years,"Bengaluru, KA, IN"
Chief of Staff,https://www.ycombinator.com/companies/olympian-motors/jobs/CI5C8vZ-chief-of-staff,Olympian Motors,$80K - $120K,"Los Angeles, CA, US"
Chief Software Architect / CTO,https://www.ycombinator.com/companies/olympian-motors/jobs/QXjYM8R-chief-software-architect-cto,Olympian Motors,$200K - $400K,California
Head of Vehicle Engineering (Full-Stack),https://www.ycombinator.com/companies/olympian-motors/jobs/cWz8Glx-head-of-vehicle-engineering-full-stack,Olympian Motors,$200K,"Los Angeles, CA, US"
VP of Manufacturing,https://www.ycombinator.com/companies/olympian-motors/jobs/oDY1YQP-vp-of-manufacturing,Olympian Motors,6+ years,"Los Angeles, CA, US"
Lead Engineer (Backend),https://www.ycombinator.com/companies/darsel/jobs/OD1LMNV-lead-engineer-backend,Darsel,$50K - $75K,Remote
Founding Engineer at rapidly growing Generative AI focused healthtech co,https://www.ycombinator.com/companies/reviving-mind/jobs/0564e0f-founding-engineer-at-rapidly-growing-generative-ai-focused-healthtech-co,Reviving Mind,$100K - $130K,"San Jose, CA, US / San Francisco, CA, US / Palo Alto, CA, US / Mountain View, CA, US / Menlo Park, CA, US / Remote (US)"
Outside Sales Representative,https://www.ycombinator.com/companies/anja-health/jobs/BqNRQ5B-outside-sales-representative,Anja Health,$50K - $60K,"Remote (San Francisco, CA, US; Los Angeles, CA, US)"
Head of Growth (150k on TikTok),https://www.ycombinator.com/companies/anja-health/jobs/uQVRxdU-head-of-growth-150k-on-tiktok,Anja Health,$80K - $150K,"Los Angeles, CA / Remote (US)"
Technical Lead,https://www.ycombinator.com/companies/anja-health/jobs/aQ2CpK9-technical-lead,Anja Health,$50K - $140K,Remote (US)
Lead Engineer / CTO,https://www.ycombinator.com/companies/koko-2/jobs/oPgy08B-lead-engineer-cto,Koko 2,$160 - $220,Remote (US)
Business Development,https://www.ycombinator.com/companies/finku/jobs/JHp2ymi-business-development,Finku,1+ years,"Central Jakarta, Jakarta, ID / Remote (Jakarta, Jakarta, ID)"
Frontend Software Engineer,https://www.ycombinator.com/companies/finku/jobs/sqzfRLo-frontend-software-engineer,Finku,1+ years,"Jakarta, Jakarta, ID / Remote (Jakarta, Jakarta, ID; Central Jakarta, Jakarta, ID)"
Qualitative Researcher,https://www.ycombinator.com/companies/finku/jobs/RfjVCe2-qualitative-researcher,Finku,1+ years,"Remote (Jakarta, Jakarta, ID)"
Marketing Strategist,https://www.ycombinator.com/companies/finku/jobs/TyHt4tO-marketing-strategist,Finku,1+ years,"Jakarta, Jakarta, ID / Remote (Jakarta, Jakarta, ID)"
Founder Office,https://www.ycombinator.com/companies/finku/jobs/1OPrnRG-founder-office,Finku,3+ years,"Jakarta, Jakarta, ID"
Lead Machine Learning Engineer,https://www.ycombinator.com/companies/finku/jobs/F1zbztw-lead-machine-learning-engineer,Finku,3+ years,"Jakarta, Indonesia / Remote (Jakarta, Jakarta, ID)"
Founding Software Engineer (Frontend),https://www.ycombinator.com/companies/workflow86/jobs/Hdngk3J-founding-software-engineer-frontend,Workflow86,$80K - $120K,"Sydney NSW, Australia / Remote"
Customer Success Manager,https://www.ycombinator.com/companies/rally-uxr/jobs/IAlyqjE-customer-success-manager,Rally Uxr,$115 - $130,US / Remote (US)
Senior/Staff Product Designer,https://www.ycombinator.com/companies/rally-uxr/jobs/tCdMpC7-senior-staff-product-designer,Rally Uxr,$170K - $200K,Remote (US)
Sr. Demand Generation Manager,https://www.ycombinator.com/companies/rally-uxr/jobs/MN26Ei9-sr-demand-generation-manager,Rally Uxr,$100K - $130K,US / Remote (US)
Senior/Staff Software Engineer (Product),https://www.ycombinator.com/companies/rally-uxr/jobs/3f6JRnn-senior-staff-software-engineer-product,Rally Uxr,$175K - $200K,"New York, NY, US / Boston, MA, US / San Francisco, CA, US / Remote"
Account Executive,https://www.ycombinator.com/companies/rally-uxr/jobs/YOA3UgS-account-executive,Rally Uxr,$160K - $240K,US / Remote (US)
Product/Visual Designer,https://www.ycombinator.com/companies/verse/jobs/96LoPcr-product-visual-designer,Verse,$100K - $200K,"New York, NY, US / Remote (US)"
Backend Engineer,https://www.ycombinator.com/companies/verse/jobs/hG4G0lC-backend-engineer,Verse,$100K - $200K,"New York, NY, US"
Account Executive (NYC),https://www.ycombinator.com/companies/arpari/jobs/fwgePE7-account-executive-nyc,Arpari,$80K - $125K,"New York, NY, US"
Frontend Engineer (India),https://www.ycombinator.com/companies/arpari/jobs/P0ToXTK-frontend-engineer-india,Arpari,₹900K INR,IN / Remote (IN)
Software Engineer (NYC),https://www.ycombinator.com/companies/arpari/jobs/Nf4apLy-software-engineer-nyc,Arpari,$100K - $200K,"New York, NY, US"
Head of People ,https://www.ycombinator.com/companies/fleek/jobs/kWAcGY4-head-of-people,Fleek,6+ years,"London, England, GB"
Data Analyst,https://www.ycombinator.com/companies/fleek/jobs/LuHZ2oD-data-analyst,Fleek,₹2M - ₹30M INR,"Bengaluru, KA, IN"
Junior GTM Engineer / Technical Generalist,https://www.ycombinator.com/companies/yhangry/jobs/KSbWtaa-junior-gtm-engineer-technical-generalist,Yhangry,£30K - £40K GBP,"London, England, GB"
Mid/ Senior Full-Stack Engineer,https://www.ycombinator.com/companies/yhangry/jobs/JiN1myL-mid-senior-full-stack-engineer,Yhangry,£60K - £110K GBP,"London, England, GB"
Senior Full-Stack Engineer,https://www.ycombinator.com/companies/yhangry/jobs/YcOxw4i-senior-full-stack-engineer,Yhangry,£80K - £100K GBP,"London, England, GB"
Ex-founder (technical),https://www.ycombinator.com/companies/ploomber/jobs/ffSanMp-ex-founder-technical,Ploomber,$140K - $180K,"New York, NY, US / Remote (US; CA)"
Growth Engineer,https://www.ycombinator.com/companies/ploomber/jobs/32nnXxy-growth-engineer,Ploomber,$140K - $160K,"New York, NY, US / Remote (US; CA; MX)"
Software Engineer (Infrastructure),https://www.ycombinator.com/companies/ploomber/jobs/j5nkchA-software-engineer-infrastructure,Ploomber,$135K - $160K,New York
Staff Software Engineer (Backend),https://www.ycombinator.com/companies/ploomber/jobs/eN0oKyY-staff-software-engineer-backend,Ploomber,$140K - $170K,New York / Remote (US; CA)
Senior Software Engineer (Infrastructure),https://www.ycombinator.com/companies/ploomber/jobs/o8c6vrm-senior-software-engineer-infrastructure,Ploomber,$140K - $170K,New York
Senior Software Engineer (Backend),https://www.ycombinator.com/companies/ploomber/jobs/rwKhCMS-senior-software-engineer-backend,Ploomber,$140K - $160K,New York
Account Executive – Pharmacy Partnerships,https://www.ycombinator.com/companies/float-health/jobs/30rkdO3-account-executive-pharmacy-partnerships,Float Health,$130K - $170K,"CA, US / TX, US / Remote (CA, US; TX, US)"
Growth Marketer,https://www.ycombinator.com/companies/shaped/jobs/PHgTWuA-growth-marketer,Shaped,$100K - $150K,"NY, US"
Head of Solutions Engineering,https://www.ycombinator.com/companies/shaped/jobs/G1fk6jR-head-of-solutions-engineering,Shaped,$150K - $300K,"New York, NY, US"
Account Executive,https://www.ycombinator.com/companies/shaped/jobs/m4icJKf-account-executive,Shaped,$80K - $180K,"New York, NY, US"
Demo Engineer,https://www.ycombinator.com/companies/shaped/jobs/UO1IQl7-demo-engineer,Shaped,$80K - $130K,"New York, NY, US"
Applied AI Scientist,https://www.ycombinator.com/companies/shaped/jobs/c0hjgSQ-applied-ai-scientist,Shaped,$120K - $200K,"New York, NY, US"
Data Scientist (Customer Facing),https://www.ycombinator.com/companies/shaped/jobs/vZJJTpt-data-scientist-customer-facing,Shaped,$80K - $130K,"New York, NY, US"
Product Designer ,https://www.ycombinator.com/companies/shaped/jobs/s1wSGSg-product-designer,Shaped,$120K - $190K,"NY, US"
Solutions Engineer,https://www.ycombinator.com/companies/shaped/jobs/gACgAwa-solutions-engineer,Shaped,$80K - $130K,"New York, NY, US"
Software Engineer,https://www.ycombinator.com/companies/shaped/jobs/ibOTulg-software-engineer,Shaped,$100K - $200K,"New York, NY, US"
Senior Backend Engineer ,https://www.ycombinator.com/companies/status/jobs/IImq2yP-senior-backend-engineer,Status,$150K - $200K,"New York, NY, US"
Software Engineer - Client Libraries,https://www.ycombinator.com/companies/propelauth/jobs/fe4xi4j-software-engineer-client-libraries,Propelauth,$100K - $160K,US / Remote (US)
Fullstack Engineer,https://www.ycombinator.com/companies/propelauth/jobs/WWthohh-fullstack-engineer,Propelauth,$120K - $160K,Remote (US)
Product Operations Manager,https://www.ycombinator.com/companies/topship/jobs/G7o60Kg-product-operations-manager,Topship,$1.5K - $2K,"Lagos, Nigeria / Remote (Nigeria)"
Founding Engineer,https://www.ycombinator.com/companies/attain/jobs/338TqFo-founding-engineer,Attain,$100K - $180K,"San Francisco, CA, US / Remote (US)"
Marketing Associate,https://www.ycombinator.com/companies/trueplace/jobs/7iuiipd-marketing-associate,Trueplace,$40K - $80K,"Vancouver, BC, CA / Vancouver, British Columbia, CA / San Francisco, CA, US / Los Angeles, CA, US / Toronto, ON, CA / Toronto, Ontario, CA / New York, NY, US / Remote (US)"
Founding Growth Manager,https://www.ycombinator.com/companies/joon-health/jobs/sKzkrxO-founding-growth-manager,Joon Health,$90K - $140K,"San Francisco, CA, US"
Microfabrication Engineer,https://www.ycombinator.com/companies/andson-biotech/jobs/nwhFNZU-microfabrication-engineer,Andson Biotech,$75K - $130K,"Atlanta, GA, US"
"Research Engineer (Mass Spectrometry, Instrumentation, and Field Applications)",https://www.ycombinator.com/companies/andson-biotech/jobs/HjNmgNd-research-engineer-mass-spectrometry-instrumentation-and-field-applications,Andson Biotech,$80K - $130K,"Atlanta, GA, US"
Electro-Mechanical Engineer,https://www.ycombinator.com/companies/andson-biotech/jobs/6GtAo58-electro-mechanical-engineer,Andson Biotech,$65K - $115K,"Atlanta, GA, US"
Manual QA Engineer,https://www.ycombinator.com/companies/theneo/jobs/JkBnNkk-manual-qa-engineer,Theneo,1+ years,"Tbilisi, Tbilisi, GE"
Software Engineer Intern,https://www.ycombinator.com/companies/theneo/jobs/gNNivbd-software-engineer-intern,Theneo,$1,"Tbilisi, Tbilisi, GE"
Software Engineer,https://www.ycombinator.com/companies/theneo/jobs/KHmsQCo-software-engineer,Theneo,0.20% - 0.48%,"Remote (Tbilisi, Tbilisi, GE)"
DevOps Engineer,https://www.ycombinator.com/companies/theneo/jobs/orBOQlg-devops-engineer,Theneo,$20K - $40K,"Tbilisi, Tbilisi, GE / Remote (US)"
Onboarding Specialist (AI & Automation) Remote,https://www.ycombinator.com/companies/broccoli-ai/jobs/BJ2W8Oi-onboarding-specialist-ai-automation-remote,Broccoli Ai,$60K - $80K,"San Francisco, CA, US / Remote (US)"
"Account Executive (Remote or San Francisco, CA)",https://www.ycombinator.com/companies/broccoli-ai/jobs/ZILR1J7-account-executive-remote-or-san-francisco-ca,Broccoli Ai,$140K - $200K,"San Francisco, CA, US / Remote (US)"
"Full Stack Software Engineer (San Francisco, CA)",https://www.ycombinator.com/companies/broccoli-ai/jobs/DzqFfut-full-stack-software-engineer-san-francisco-ca,Broccoli Ai,$120K - $140K,"San Francisco, CA, US"
Taipei Data Engineer,https://www.ycombinator.com/companies/renthop/jobs/kiSL2ft-taipei-data-engineer,Renthop,$100K,Taipei
Taipei Full Stack PHP Developer,https://www.ycombinator.com/companies/renthop/jobs/vgPHwmG-taipei-full-stack-php-developer,Renthop,$100K,Taipei
Taipei Software Engineer,https://www.ycombinator.com/companies/renthop/jobs/UIeZ0Pd-taipei-software-engineer,Renthop,$100K,Taipei
Warehouse Associate ,https://www.ycombinator.com/companies/courtyard-io/jobs/pLlazJ6-warehouse-associate,Courtyard Io,$55K - $65K,"New Castle, DE, US"
Marketing Manager,https://www.ycombinator.com/companies/courtyard-io/jobs/ErprvWf-marketing-manager,Courtyard Io,$80K - $150K,Remote (US)
Staff Software Engineer (Frontend),https://www.ycombinator.com/companies/courtyard-io/jobs/APuDnok-staff-software-engineer-frontend,Courtyard Io,$120K - $250K,"Pittsburgh, PA, US / Remote (US)"
Staff Backend Software Engineer,https://www.ycombinator.com/companies/courtyard-io/jobs/951jMfB-staff-backend-software-engineer,Courtyard Io,$120K - $250K,"Pittsburgh, PA, US / Remote (US)"
Internship (French speaking; Remote),https://www.ycombinator.com/companies/take-app/jobs/b5JXtG4-internship-french-speaking-remote,Take App,Senior and above,SG / Remote (KR; SG)
Account Manager (French speaking),https://www.ycombinator.com/companies/take-app/jobs/lwus6Bn-account-manager-french-speaking,Take App,3+ years,SG / Remote (SG; KR)
Senior Software Engineer - Full Stack,https://www.ycombinator.com/companies/cinder-2/jobs/lvPOl4P-senior-software-engineer-full-stack,Cinder 2,$165 - $235,New York / Remote (US)
Software Engineer - Full Stack,https://www.ycombinator.com/companies/cinder-2/jobs/qZwXzlt-software-engineer-full-stack,Cinder 2,$100 - $160,New York / Remote (US)
AI Engineer,https://www.ycombinator.com/companies/goodfin/jobs/ncFUN2f-ai-engineer,Goodfin,$150K - $220K,"San Francisco, CA, US / Mountain View, CA, US / Remote (US; CA)"
Software engineer - Front-end (Next.js) - Contract,https://www.ycombinator.com/companies/hydra/jobs/lIF3XAZ-software-engineer-front-end-next-js-contract,Hydra,$25K - $50K,Remote
"Software Engineer, Product (Web)",https://www.ycombinator.com/companies/campfire-applied-ai-company/jobs/GWRPhqi-software-engineer-product-web,Campfire Applied Ai Company,$100K - $180K,"San Francisco, CA, US / Remote (CA; US)"
Founding Engineer 🧙,https://www.ycombinator.com/companies/campfire-applied-ai-company/jobs/vKkVWIU-founding-engineer,Campfire Applied Ai Company,$100K - $180K,"San Francisco, CA, US / Remote (CA; US)"
Backend Engineer,https://www.ycombinator.com/companies/benson/jobs/QBGLsK3-backend-engineer,Benson,$90K - $140K,Remote (US)
Data Analyst and Machine Learning Engineer,https://www.ycombinator.com/companies/prembly/jobs/gKkiuiJ-data-analyst-and-machine-learning-engineer,Prembly,3+ years,Remote
Account Executive B2B (AE),https://www.ycombinator.com/companies/agency/jobs/MtQ1iCN-account-executive-b2b-ae,Agency,$150K - $200K,"New York, NY, US / San Francisco, CA, US / Palo Alto, CA, US"
Founding fullstack engineer,https://www.ycombinator.com/companies/livedocs/jobs/M8gydBK-founding-fullstack-engineer,Livedocs,$120K - $160K,"San Francisco, CA, US / US / CA / Remote (San Francisco, CA, US)"
Engineering Manager (m/f/d),https://www.ycombinator.com/companies/voize/jobs/05CgVLh-engineering-manager-m-f-d,Voize,€85K - €120K EUR,Berlin / Remote (DE)
ML Ops Engineer (m/f/d),https://www.ycombinator.com/companies/voize/jobs/Gaj0Ezv-ml-ops-engineer-m-f-d,Voize,€75K - €95K EUR,Berlin / Remote (DE)
Customer Success Manager - Onsite Training (m/f/d),https://www.ycombinator.com/companies/voize/jobs/GBgDIwA-customer-success-manager-onsite-training-m-f-d,Voize,€50K - €75K EUR,Berlin / Remote (DE)
Senior ML Engineer - Speech/ASR (m/f/d),https://www.ycombinator.com/companies/voize/jobs/W5IF0yS-senior-ml-engineer-speech-asr-m-f-d,Voize,€75K - €110K EUR,Berlin / Remote (DE)
Marketing Manager (m/f/d),https://www.ycombinator.com/companies/voize/jobs/5wSTOCT-marketing-manager-m-f-d,Voize,€50K - €85K EUR,Berlin / Remote (DE)
Account Executive (m/f/d),https://www.ycombinator.com/companies/voize/jobs/TqiAwdB-account-executive-m-f-d,Voize,€65K - €100K EUR,Berlin / Remote (DE)
Partner Manager (m/f/d),https://www.ycombinator.com/companies/voize/jobs/UFvdAnU-partner-manager-m-f-d,Voize,€65K - €100K EUR,Berlin / Remote (DE)
Backend Engineer - Kotlin (m/f/d),https://www.ycombinator.com/companies/voize/jobs/WACgluY-backend-engineer-kotlin-m-f-d,Voize,€65K - €90K EUR,Berlin / Remote (DE)
Head of Customer Success & Support (m/f/d),https://www.ycombinator.com/companies/voize/jobs/v0rAGnh-head-of-customer-success-support-m-f-d,Voize,€90K - €150K EUR,Berlin / Remote (DE)
Backend Senior Developer,https://www.ycombinator.com/companies/kaagaz/jobs/cxIdqrC-backend-senior-developer,Kaagaz,₹2.5M - ₹4M INR,"Delhi, India / Gurugram, HR, IN"
Android Developer,https://www.ycombinator.com/companies/kaagaz/jobs/up9h9O1-android-developer,Kaagaz,₹1.2M - ₹2.5M INR,"Delhi NCR, India"
Enterprise Account Executive- Kenya & East Africa,https://www.ycombinator.com/companies/curacel/jobs/S5ejGBP-enterprise-account-executive-kenya-east-africa,Curacel,$18K - $24K,"Mombasa, Mombasa County, KE / Nairobi, Nairobi County, KE / Remote (Lagos, LA, NG; EG; MA; ZA)"
Enterprise Account Executive- Morocco,https://www.ycombinator.com/companies/curacel/jobs/4slXMFP-enterprise-account-executive-morocco,Curacel,$21.6K - $26.4K,"Casablanca, Casablanca-Settat, MA / Remote (EG; Lagos, LA, NG; ZA; KE)"
Enterprise Account Executive- Egypt,https://www.ycombinator.com/companies/curacel/jobs/PPZPtTj-enterprise-account-executive-egypt,Curacel,$16.8K - $21.6K,"Cairo, Cairo Governorate, EG / Remote (Lagos, LA, NG; ZA; KE; MA)"
Enterprise Account Executive- South Africa,https://www.ycombinator.com/companies/curacel/jobs/qFf2a9g-enterprise-account-executive-south-africa,Curacel,$24K - $30K,"Johannesburg, GP, ZA / Remote (Lagos, LA, NG; KE; MA; EG)"
Account Executive- Curacel Pay,https://www.ycombinator.com/companies/curacel/jobs/2pedBed-account-executive-curacel-pay,Curacel,$8K - $12K,"Lagos, LA, NG / Remote (KE; EG; GH; SA; MA)"
Enterprise Account Executive- Nigeria & West Africa,https://www.ycombinator.com/companies/curacel/jobs/A1TxwGc-enterprise-account-executive-nigeria-west-africa,Curacel,$12K,"Lagos, LA, NG / Remote (EG; KE; MA; ZA)"
Marketing Executive at Curacel,https://www.ycombinator.com/companies/curacel/jobs/D9CHqJy-marketing-executive-at-curacel,Curacel,$5.86K - $8.38K,"Lagos, LA, NG / Remote (NG; KE; MA; ZA; EG)"
Fullstack Engineer,https://www.ycombinator.com/companies/curacel/jobs/aluvl89-fullstack-engineer,Curacel,$6.66K - $8.32K,"Lagos, LA, NG / Remote (NG)"
Senior Product Manager,https://www.ycombinator.com/companies/curacel/jobs/dsueo9k-senior-product-manager,Curacel,$6.45K,NG / Remote (NG)
Sales Operations Manager,https://www.ycombinator.com/companies/lunajoy/jobs/4H55yti-sales-operations-manager,Lunajoy,$2.5K - $3K,AR / MX / CO / DO / PR / CR / SV / CL / PE / BO / Remote (AR; MX; CO; DO; PR; CR; SV; CL; PE; BO)
M&A Operations Manager,https://www.ycombinator.com/companies/lunajoy/jobs/L14MCAl-m-a-operations-manager,Lunajoy,$10K - $13K,Remote
Head of AI Product,https://www.ycombinator.com/companies/lunajoy/jobs/1NlYQUS-head-of-ai-product,Lunajoy,$10K - $10.5K,Remote
Product Manager ,https://www.ycombinator.com/companies/lunajoy/jobs/aTbfRn9-product-manager,Lunajoy,$2K - $3K,CO / BR / AR / PH / Remote (CO; BR; AR; PH)
Senior QA Manual Tester,https://www.ycombinator.com/companies/lunajoy/jobs/xYwnEgr-senior-qa-manual-tester,Lunajoy,$5 - $8,CO / PE / BR / AR / PH / Remote (CO; PE; BR; AR; PH)
Full Stack Developer,https://www.ycombinator.com/companies/lunajoy/jobs/RAhd68y-full-stack-developer,Lunajoy,$4.5K - $6K,Remote (US)
Licensed Mental Health Providers,https://www.ycombinator.com/companies/lunajoy/jobs/FlF3cYz-licensed-mental-health-providers,Lunajoy,$60 - $65,US / Remote (US)
Software Engineer,https://www.ycombinator.com/companies/cotera/jobs/ttnEZFk-software-engineer,Cotera,$160K - $200K,"New York, NY, US"
Social Media Video Content Creator,https://www.ycombinator.com/companies/posh/jobs/4QTuNwI-social-media-video-content-creator,Posh,$50K - $100K,"Hayward, CA, US"
Energy Analysis & Modeling Engineer,https://www.ycombinator.com/companies/posh/jobs/XeXjwIu-energy-analysis-modeling-engineer,Posh,$70K - $120K,"Hayward, CA, US"
Energy Management  System Engineer,https://www.ycombinator.com/companies/posh/jobs/j8bf27L-energy-management-system-engineer,Posh,$100K - $150K,"Hayward, CA, US"
Battery Energy Storage Engineer (high voltage system),https://www.ycombinator.com/companies/posh/jobs/kkE8oPN-battery-energy-storage-engineer-high-voltage-system,Posh,$120K - $180K,"Hayward, CA, US"
Marketing Assistant,https://www.ycombinator.com/companies/toko/jobs/QWJBqDC-marketing-assistant,Toko,$24K - $38.4K,TW / Remote (TW)
Founding Product Designer,https://www.ycombinator.com/companies/toko/jobs/a3czOA3-founding-product-designer,Toko,$90K - $160K,"NY, US"
Frontend Software Engineer,https://www.ycombinator.com/companies/cogram/jobs/DXT2XoF-frontend-software-engineer,Cogram,€60K - €90K EUR,"Berlin, BE, DE / Remote"
Full-Cycle Account Executive,https://www.ycombinator.com/companies/cogram/jobs/UUyQD1W-full-cycle-account-executive,Cogram,€50K - €90K EUR,Remote
Software Engineer (Backend leaning),https://www.ycombinator.com/companies/velt/jobs/YUqX3Rc-software-engineer-backend-leaning,Velt,₹2M - ₹3M INR,IN / Remote (IN)
Founding Developer Success Engineer,https://www.ycombinator.com/companies/velt/jobs/r1RyPWZ-founding-developer-success-engineer,Velt,$90K - $110K,"San Francisco, CA, US / Remote (US)"
Software Engineer (Frontend leaning),https://www.ycombinator.com/companies/velt/jobs/B263s2e-software-engineer-frontend-leaning,Velt,₹2M - ₹3M INR,IN / Remote (IN)
Senior/Staff Backend Engineer,https://www.ycombinator.com/companies/complete/jobs/rdVenCn-senior-staff-backend-engineer,Complete,$160K - $220K,San Francisco Office
Senior/Staff Fullstack Engineer,https://www.ycombinator.com/companies/complete/jobs/0hYCH2O-senior-staff-fullstack-engineer,Complete,$160K - $220K,San Francisco Office
Product Designer,https://www.ycombinator.com/companies/complete/jobs/7Ll5o6A-product-designer,Complete,$130K - $200K,San Francisco Office
Founding AE,https://www.ycombinator.com/companies/complete/jobs/4D7wsZG-founding-ae,Complete,$100K - $130K,"San Francisco, CA, US"
Chief of Staff,https://www.ycombinator.com/companies/complete/jobs/2x5kjEv-chief-of-staff,Complete,$100K - $150K,San Francisco Office
Key Account Manager : Employee Benefit Insurance ,https://www.ycombinator.com/companies/imt-care/jobs/BXj7KQm-key-account-manager-employee-benefit-insurance,Imt Care,₹600K - ₹1.2M INR,"Mumbai, MH, IN"
Business Development Representative - BDR,https://www.ycombinator.com/companies/permitflow/jobs/vRGQKQk-business-development-representative-bdr,Permitflow,$64K - $100K,"New York, NY, US"
Account Executive,https://www.ycombinator.com/companies/permitflow/jobs/W0mivct-account-executive,Permitflow,$200K - $230K,"New York, NY, US"
Business Operations Manager,https://www.ycombinator.com/companies/permitflow/jobs/yQvK6Vf-business-operations-manager,Permitflow,$90K - $130K,"New York City, NY"
Administrative Assistant (International),https://www.ycombinator.com/companies/permitflow/jobs/1L7i6Vv-administrative-assistant-international,Permitflow,$5 - $8,Remote / Remote (CO; BZ; NI; CR; GY; EC; SV; HN; PA; BO; BR; ID; VN; SG; CL; GT; MX; PY; PE; UY; IN; MY; PK; PH)
Operations Manager,https://www.ycombinator.com/companies/permitflow/jobs/HbY88Lt-operations-manager,Permitflow,$80K - $120K,USA / Remote (US; CA)
Operations Lead,https://www.ycombinator.com/companies/permitflow/jobs/2glmyzU-operations-lead,Permitflow,$70K - $100K,"New York, NY, US / Remote (US; CA)"
Customer Success Manager,https://www.ycombinator.com/companies/permitflow/jobs/SOPrjEC-customer-success-manager,Permitflow,$80K - $110K,"New York, NY, US"
Staff Software Engineer,https://www.ycombinator.com/companies/permitflow/jobs/sh5wkwG-staff-software-engineer,Permitflow,$200K - $275K,"New York, NY, US"
Senior Frontend Engineer,https://www.ycombinator.com/companies/permitflow/jobs/aFe4yFm-senior-frontend-engineer,Permitflow,$150K - $240K,"New York, NY, US"
Fullstack Software Engineer (Remote),https://www.ycombinator.com/companies/permitflow/jobs/1wuqOUI-fullstack-software-engineer-remote,Permitflow,$130K - $220K,"New York, NY, US / Remote (US; CA)"
Fullstack Software Engineer,https://www.ycombinator.com/companies/permitflow/jobs/3lzMlyT-fullstack-software-engineer,Permitflow,$110K - $240K,"New York, NY, US"
Senior Analytics Engineer,https://www.ycombinator.com/companies/permitflow/jobs/h8asiVo-senior-analytics-engineer,Permitflow,$150K - $215K,"New York, NY, US / Remote (US)"
Technical Writer,https://www.ycombinator.com/companies/mintlify/jobs/qvC0XCi-technical-writer,Mintlify,$100K - $130K,San Francisco
Head of Growth,https://www.ycombinator.com/companies/mintlify/jobs/u859Let-head-of-growth,Mintlify,$180 - $250,San Francisco
Technical Onboarding Specialist,https://www.ycombinator.com/companies/mintlify/jobs/CbIvR65-technical-onboarding-specialist,Mintlify,$135K - $170K,"San Francisco, CA, US"
AI Engineer,https://www.ycombinator.com/companies/mintlify/jobs/2z4tYyr-ai-engineer,Mintlify,$140K - $200K,San Francisco
Product Engineer,https://www.ycombinator.com/companies/mintlify/jobs/CKZ7amF-product-engineer,Mintlify,$140K - $200K,San Francisco
Senior Frontend Engineer,https://www.ycombinator.com/companies/mintlify/jobs/Z7p6DkC-senior-frontend-engineer,Mintlify,$180K - $250K,San Francisco
Account Executive,https://www.ycombinator.com/companies/mintlify/jobs/Zmp4vR8-account-executive,Mintlify,$200K - $250K,San Francisco
Design Engineer,https://www.ycombinator.com/companies/mintlify/jobs/97vcpoM-design-engineer,Mintlify,$150K - $200K,San Francisco
Senior Software Engineer (Platform/Infra),https://www.ycombinator.com/companies/skylink/jobs/awiYqZE-senior-software-engineer-platform-infra,Skylink,$150K - $190K,"New York, NY, US"
Software Engineer (FullStack),https://www.ycombinator.com/companies/skylink/jobs/fjt7xDr-software-engineer-fullstack,Skylink,$110K - $160K,"New York, NY, US"
Software Engineer (Backend),https://www.ycombinator.com/companies/skylink/jobs/LvSyVcT-software-engineer-backend,Skylink,$100K - $160K,"New York, NY, US"
Machine Learning Engineer (LLMs),https://www.ycombinator.com/companies/skylink/jobs/YaGvtCQ-machine-learning-engineer-llms,Skylink,$120K - $210K,"New York, NY, US"
Senior Software Engineer (Backend),https://www.ycombinator.com/companies/skylink/jobs/L7ZjsVy-senior-software-engineer-backend,Skylink,$175K - $200K,"New York, NY, US"
Senior Machine Learning Engineer (LLMs),https://www.ycombinator.com/companies/skylink/jobs/B2LTgJW-senior-machine-learning-engineer-llms,Skylink,$120K - $210K,"New York, NY, US"
Chief of Staff,https://www.ycombinator.com/companies/sphere/jobs/jvm3vzS-chief-of-staff,Sphere,$100K - $150K,"San Francisco, CA, US"
Full Stack / Frontend Engineer,https://www.ycombinator.com/companies/sphere/jobs/RfNzZDz-full-stack-frontend-engineer,Sphere,$140K - $180K,"San Francisco, CA, US / Remote (US)"
Full Stack Engineer,https://www.ycombinator.com/companies/sphere/jobs/VX9iQ6d-full-stack-engineer,Sphere,$140K - $190K,"San Francisco, CA, US"
Sales Development Representative (Fresh Graduate) - New York (Hybrid),https://www.ycombinator.com/companies/flagright/jobs/lZ11ng1-sales-development-representative-fresh-graduate-new-york-hybrid,Flagright,,New York
Sales Development Representative (Fresh Graduate) - Singapore,https://www.ycombinator.com/companies/flagright/jobs/wg6NHJI-sales-development-representative-fresh-graduate-singapore,Flagright,,"Singapore, Singapore"
Founder's Associate,https://www.ycombinator.com/companies/flagright/jobs/gcyZCYq-founder-s-associate,Flagright,,"Singapore, Singapore"
Product Designer - Bengaluru,https://www.ycombinator.com/companies/flagright/jobs/JzKjJmv-product-designer-bengaluru,Flagright,,"Bangalore, India"
Startup Ecosystem Manager ,https://www.ycombinator.com/companies/flagright/jobs/ahKdNSa-startup-ecosystem-manager,Flagright,,"Singapore, Singapore"
Startup Ecosystem Manager ,https://www.ycombinator.com/companies/flagright/jobs/Zr7kRjg-startup-ecosystem-manager,Flagright,,"London, UK"
Customer Engineer - Bengaluru,https://www.ycombinator.com/companies/flagright/jobs/GvRFZPY-customer-engineer-bengaluru,Flagright,,"Bangalore, India"
Global Events Manager - New York (Hybrid with up to 50% travel),https://www.ycombinator.com/companies/flagright/jobs/xLsIEwE-global-events-manager-new-york-hybrid-with-up-to-50-travel,Flagright,,New York
Global Field Marketing Specialist - Singapore (with up to 50% travel),https://www.ycombinator.com/companies/flagright/jobs/wzhVgfc-global-field-marketing-specialist-singapore-with-up-to-50-travel,Flagright,,"Singapore, Singapore"
360 Sales Executive (APAC) - Hong Kong,https://www.ycombinator.com/companies/flagright/jobs/tegXvhn-360-sales-executive-apac-hong-kong,Flagright,,Hong Kong
360 Sales Executive (APAC) - Kuala Lumpur,https://www.ycombinator.com/companies/flagright/jobs/zzwh7aD-360-sales-executive-apac-kuala-lumpur,Flagright,,"Kuala Lumpur, Malaysia"
Senior Sales Executive (North America) - San Francisco (Hybrid),https://www.ycombinator.com/companies/flagright/jobs/oXcnbGE-senior-sales-executive-north-america-san-francisco-hybrid,Flagright,,USA (San Francisco)
Event Manager - Singapore (with up to 50% travel),https://www.ycombinator.com/companies/flagright/jobs/tSlyB8v-event-manager-singapore-with-up-to-50-travel,Flagright,,Singapore
Founding Solutions Engineer - Singapore,https://www.ycombinator.com/companies/flagright/jobs/PRNfPI4-founding-solutions-engineer-singapore,Flagright,,Singapore
Product Operations Analyst – Bengaluru,https://www.ycombinator.com/companies/flagright/jobs/KsR0kMu-product-operations-analyst-bengaluru,Flagright,,"Bangalore, India"
Product Operations Analyst – Singapore,https://www.ycombinator.com/companies/flagright/jobs/7PDtKJa-product-operations-analyst-singapore,Flagright,,Singapore
Product Operations Analyst – Kuala Lumpur-based,https://www.ycombinator.com/companies/flagright/jobs/1VciIz5-product-operations-analyst-kuala-lumpur-based,Flagright,,Kuala Lumpur
Security & Compliance Manager - Bengaluru,https://www.ycombinator.com/companies/flagright/jobs/JqHTxpE-security-compliance-manager-bengaluru,Flagright,,"Bangalore, India"
Event Manager - London (with up to 50% travel),https://www.ycombinator.com/companies/flagright/jobs/kSfE7Qg-event-manager-london-with-up-to-50-travel,Flagright,,London
360 Sales Executive (APAC),https://www.ycombinator.com/companies/flagright/jobs/EVq0l6a-360-sales-executive-apac,Flagright,,Singapore
Senior Sales Executive (North America) - New York (Hybrid),https://www.ycombinator.com/companies/flagright/jobs/tFmCBM6-senior-sales-executive-north-america-new-york-hybrid,Flagright,,USA (New York)
Senior Sales Executive (Europe & Middle East) - London,https://www.ycombinator.com/companies/flagright/jobs/6oLlngE-senior-sales-executive-europe-middle-east-london,Flagright,,London
Head of Finance & Legal - London,https://www.ycombinator.com/companies/flagright/jobs/cuDnxxZ-head-of-finance-legal-london,Flagright,,United Kingdom
Founding Solutions Engineer - London,https://www.ycombinator.com/companies/flagright/jobs/ASlVdIo-founding-solutions-engineer-london,Flagright,,London
Technical Ex-Founder - London,https://www.ycombinator.com/companies/flagright/jobs/VhCIjNS-technical-ex-founder-london,Flagright,,London
Senior Frontend Engineer - Bengaluru,https://www.ycombinator.com/companies/flagright/jobs/wm4sveP-senior-frontend-engineer-bengaluru,Flagright,₹2.4M - ₹4M INR,"Bengaluru, KA, IN"
Technical Ex-Founder - San Francisco Bay Area,https://www.ycombinator.com/companies/flagright/jobs/zRgvRjT-technical-ex-founder-san-francisco-bay-area,Flagright,,USA (San Francisco)
Product Operations Analyst - Remote (European Union),https://www.ycombinator.com/companies/flagright/jobs/Gw8Xnkh-product-operations-analyst-remote-european-union,Flagright,,Remote EU / Remote (US)
Senior Software Engineer - Bengaluru,https://www.ycombinator.com/companies/flagright/jobs/s70X02L-senior-software-engineer-bengaluru,Flagright,,"Bangalore, India"
 EdTech Sales Executive,https://www.ycombinator.com/companies/hokali/jobs/J4U1J72-edtech-sales-executive,Hokali,$100K - $180K,US / Remote (US)
Fullstack Engineer,https://www.ycombinator.com/companies/emobi/jobs/fpo8B1z-fullstack-engineer,Emobi,$80K - $140K,"San Francisco, CA, US"
"Software Engineer, Product",https://www.ycombinator.com/companies/beam/jobs/zzayAC3-software-engineer-product,Beam,$120K - $180K,"New York, NY, US"
Frontend Engineer (Contract),https://www.ycombinator.com/companies/beam/jobs/KS0XVBR-frontend-engineer-contract,Beam,$21 - $55,Remote (US)
Freelance Writer,https://www.ycombinator.com/companies/beam/jobs/aH0lePZ-freelance-writer,Beam,$17 - $20,Remote (US)
"Software Engineer, Platform",https://www.ycombinator.com/companies/beam/jobs/9fKNUsT-software-engineer-platform,Beam,$170K - $200K,"New York, NY, US"
Customer Success Manager,https://www.ycombinator.com/companies/agentnoon/jobs/5V3ORgm-customer-success-manager,Agentnoon,$100K - $150K,"Toronto, ON, CA"
Customer Success Associate ,https://www.ycombinator.com/companies/agentnoon/jobs/r7fsaJ3-customer-success-associate,Agentnoon,$60K - $90K CAD,"Toronto, ON, CA"
Product software engineer,https://www.ycombinator.com/companies/agentnoon/jobs/9QIlXnA-product-software-engineer,Agentnoon,$60K - $120K CAD,Toronto
Sales Development Representative (contract to hire),https://www.ycombinator.com/companies/versable/jobs/u3le43j-sales-development-representative-contract-to-hire,Versable,$55K - $65K,US / Remote (US)
Sales Development Representative (contract to hire),https://www.ycombinator.com/companies/versable/jobs/rpUjBYl-sales-development-representative-contract-to-hire,Versable,$80 - $100,US / Remote (US)
Senior Engineer (contract to hire),https://www.ycombinator.com/companies/versable/jobs/LeJtyhJ-senior-engineer-contract-to-hire,Versable,$110K - $130K,Remote (US)
"Independent Reps, Rep Groups, and Distributors Wanted",https://www.ycombinator.com/companies/ankr-health/jobs/QurDWyN-independent-reps-rep-groups-and-distributors-wanted,Ankr Health,$20K - $150K,US / Remote (US)
Senior Engineer (Healthcare Domain),https://www.ycombinator.com/companies/ankr-health/jobs/nmuoY6e-senior-engineer-healthcare-domain,Ankr Health,$70K - $100K,"Houston, TX, US"
"Manager, Clinical Research (Oncology)",https://www.ycombinator.com/companies/ankr-health/jobs/Emb3Lrr-manager-clinical-research-oncology,Ankr Health,$64K - $86K,"Houston, TX, US"
 Hybrid App Developer (React Native),https://www.ycombinator.com/companies/ankr-health/jobs/fLRV2d4-hybrid-app-developer-react-native,Ankr Health,₹100K - ₹170K INR,"Bengaluru, KA, IN"
Senior Sales Development Representative -Atlanta,https://www.ycombinator.com/companies/ankr-health/jobs/8Dn3UxA-senior-sales-development-representative-atlanta,Ankr Health,$60K - $90K,"Remote (Atlanta, GA, US)"
Sales Development Representative (Health IT),https://www.ycombinator.com/companies/ankr-health/jobs/MQzRys6-sales-development-representative-health-it,Ankr Health,$50K - $70K,"Remote (Tampa, FL, US)"
Senior Sales Development Representative (Health IT)-Minneapolis,https://www.ycombinator.com/companies/ankr-health/jobs/25JfY4e-senior-sales-development-representative-health-it-minneapolis,Ankr Health,$60K - $90K,"Minneapolis, MN, US / Remote (Minneapolis, MN, US)"
Sales Development Representative (Health IT)-Chicago,https://www.ycombinator.com/companies/ankr-health/jobs/Lyl70LS-sales-development-representative-health-it-chicago,Ankr Health,$50K - $70K,"Chicago, IL, US / Remote (Chicago, IL, US)"
Sales Development Representative (Houston),https://www.ycombinator.com/companies/ankr-health/jobs/rsop66d-sales-development-representative-houston,Ankr Health,$120K - $140K,"Houston, TX, US"
Founding Counsel,https://www.ycombinator.com/companies/dioptra/jobs/ZtQO7Th-founding-counsel,Dioptra,$180K,"New York, NY, US / San Francisco, CA, US / Remote (US)"
Founding Engineer (Fullstack),https://www.ycombinator.com/companies/dioptra/jobs/BrXrIBI-founding-engineer-fullstack,Dioptra,3+ years,"NYC, NY / San Francisco, CA, US / Remote (US; New York, NY, US; San Francisco, CA, US)"
Sales Development Representative,https://www.ycombinator.com/companies/atlas-2/jobs/tlqoT5r-sales-development-representative,Atlas 2,$90K - $120K,"San Francisco, CA, US"
Senior Software Engineer,https://www.ycombinator.com/companies/atlas-2/jobs/iHim6tj-senior-software-engineer,Atlas 2,$40K - $80K,IN / Remote (IN)
Tech Lead,https://www.ycombinator.com/companies/shuttle-central/jobs/fdklvIH-tech-lead,Shuttle Central,$40K - $48K,"Remote (Cancún, Q.R., MX)"
Software Engineer — Backend,https://www.ycombinator.com/companies/ozone/jobs/jTSVILb-software-engineer-backend,Ozone,,Remote / Remote (US)
Software Engineer — Front End,https://www.ycombinator.com/companies/ozone/jobs/GuwrUtN-software-engineer-front-end,Ozone,,Remote / Remote (US)
Software Engineer — Dev Ops,https://www.ycombinator.com/companies/ozone/jobs/LKS6r8m-software-engineer-dev-ops,Ozone,,Remote / Remote (US)
Community Lead,https://www.ycombinator.com/companies/ozone/jobs/1PNollJ-community-lead,Ozone,,Remote / Remote (US)
Software Engineer — Machine Learning,https://www.ycombinator.com/companies/ozone/jobs/7snjIos-software-engineer-machine-learning,Ozone,,Remote / Remote (US)
Product Designer,https://www.ycombinator.com/companies/ozone/jobs/L9wvo7P-product-designer,Ozone,,Remote / Remote (US)
Head of Sales,https://www.ycombinator.com/companies/ozone/jobs/NYVE6j0-head-of-sales,Ozone,,Remote / Remote (US)
🚀 Exciting Opportunity: Senior Data & ML Engineer at Kaso,https://www.ycombinator.com/companies/kaso/jobs/mI1aK61-exciting-opportunity-senior-data-ml-engineer-at-kaso,Kaso,$90K - $140K,"Dubai, Dubai, AE / Remote (US)"
Marketing Generalist ,https://www.ycombinator.com/companies/invert/jobs/Siebl30-marketing-generalist,Invert,$60K - $80K,Remote (US)
Senior Software Engineer,https://www.ycombinator.com/companies/invert/jobs/5hY2hlY-senior-software-engineer,Invert,$130K - $200K,CA / US / Remote (CA; US)
Operations Coordinator,https://www.ycombinator.com/companies/dynamo-ai/jobs/5bW12zo-operations-coordinator,Dynamo Ai,$60K - $80K,"San Francisco, CA, US / New York, NY, US / Remote (US)"
Technical Product Manager,https://www.ycombinator.com/companies/dynamo-ai/jobs/GOAtMfD-technical-product-manager,Dynamo Ai,$130K - $175K,"San Francisco, CA"
ML Research Engineer — LLM Safety,https://www.ycombinator.com/companies/dynamo-ai/jobs/JE3H7si-ml-research-engineer-llm-safety,Dynamo Ai,3+ years,"San Francisco, CA"
ML Engineer — LLM Privacy,https://www.ycombinator.com/companies/dynamo-ai/jobs/fNpDnIw-ml-engineer-llm-privacy,Dynamo Ai,3+ years,"San Francisco, CA"
ML Engineer — LLM Evaluation,https://www.ycombinator.com/companies/dynamo-ai/jobs/x38E3p8-ml-engineer-llm-evaluation,Dynamo Ai,3+ years,"San Francisco, CA"
Customer Success Senior Manager,https://www.ycombinator.com/companies/dynamo-ai/jobs/bqyDeqG-customer-success-senior-manager,Dynamo Ai,$150K - $180K,"New York, NY"
SDR - Full time (Remote) ,https://www.ycombinator.com/companies/teamout/jobs/5B5GRst-sdr-full-time-remote,Teamout,$50K - $70K,US / Remote (US)
Growth Marketer ,https://www.ycombinator.com/companies/teamout/jobs/8d8xsjT-growth-marketer,Teamout,$45K - $65K,Remote
Unity Technical Animator Lead (Mobile & VR),https://www.ycombinator.com/companies/gym-class-by-irl-studios/jobs/n66Yqfm-unity-technical-animator-lead-mobile-vr,Gym Class By Irl Studios,$160K - $250K,Remote (US)
"Lead Technical Artist (Staff, Principal)",https://www.ycombinator.com/companies/gym-class-by-irl-studios/jobs/gfrf9Cu-lead-technical-artist-staff-principal,Gym Class By Irl Studios,$185K - $240K,Remote (US)
Head of Growth - Social & Community,https://www.ycombinator.com/companies/gym-class-by-irl-studios/jobs/ZKR6D2U-head-of-growth-social-community,Gym Class By Irl Studios,$160K - $230K,US / CA / Remote (US; CA)
Gameplay Engineer - User Generated Content (Senior / Staff / Principal),https://www.ycombinator.com/companies/gym-class-by-irl-studios/jobs/Es3vCFT-gameplay-engineer-user-generated-content-senior-staff-principal,Gym Class By Irl Studios,$165K - $240K,US / CA / Remote (US; CA)
VR Gameplay Engineer - Player Interactions & Physics (Senior / Staff / Principal),https://www.ycombinator.com/companies/gym-class-by-irl-studios/jobs/3EzcWKU-vr-gameplay-engineer-player-interactions-physics-senior-staff-principal,Gym Class By Irl Studios,$165K - $240K,US / CA / Remote (US; CA)
Gameplay Engineer - Game Modes (Senior / Staff / Principal),https://www.ycombinator.com/companies/gym-class-by-irl-studios/jobs/wdQwBep-gameplay-engineer-game-modes-senior-staff-principal,Gym Class By Irl Studios,$165K - $240K,US / CA / Remote (US; CA)
Unity Animation Engineer Lead (Mobile & VR),https://www.ycombinator.com/companies/gym-class-by-irl-studios/jobs/7UKmLED-unity-animation-engineer-lead-mobile-vr,Gym Class By Irl Studios,$160K - $250K,Remote (US)
3D Artist - Generalist (Senior / Staff / Principal),https://www.ycombinator.com/companies/gym-class-by-irl-studios/jobs/q4dTnZV-3d-artist-generalist-senior-staff-principal,Gym Class By Irl Studios,$120K - $180K,US / CA / Remote (US; CA)
VR Gameplay Engineer - Generalist (Senior / Staff / Principal),https://www.ycombinator.com/companies/gym-class-by-irl-studios/jobs/4NqLYl6-vr-gameplay-engineer-generalist-senior-staff-principal,Gym Class By Irl Studios,$165K - $240K,US / CA / Remote (US; CA)
Senior Electrical Engineer,https://www.ycombinator.com/companies/fleetzero/jobs/ZdSAr7A-senior-electrical-engineer,Fleetzero,$100K - $150K,"Birmingham, AL, US / Québec City, QC, CA"
Junior IoT Engineer,https://www.ycombinator.com/companies/axross-pte-ltd/jobs/yVFiLXk-junior-iot-engineer,Axross Pte Ltd,Any (new grads ok),MY / Remote (MY)
Cybersecurity consultant,https://www.ycombinator.com/companies/axross-pte-ltd/jobs/lVauPcD-cybersecurity-consultant,Axross Pte Ltd,6+ years,MY / Remote (MY)
M&E Project Manager,https://www.ycombinator.com/companies/axross-pte-ltd/jobs/LWPmJVo-m-e-project-manager,Axross Pte Ltd,$2K - $4K,MY / SG / Remote (MY; SG)
Data Scientist,https://www.ycombinator.com/companies/axross-pte-ltd/jobs/L6oxEXt-data-scientist,Axross Pte Ltd,$2K - $5K,MY / Remote (MY; ID; SG)
Data Scientist,https://www.ycombinator.com/companies/axross-pte-ltd/jobs/4IH4WFT-data-scientist,Axross Pte Ltd,$2K - $5K,MY / Remote (MY; ID; SG)
Head of Sales,https://www.ycombinator.com/companies/nest-genomics/jobs/er8gq8B-head-of-sales,Nest Genomics,$100K - $120K,US / Remote (US)
Sr. Fullstack Software Engineer,https://www.ycombinator.com/companies/nest-genomics/jobs/Ed46Kfp-sr-fullstack-software-engineer,Nest Genomics,$160K - $180K,United States / Remote (United States)
"Full Stack Engineer (Typescript, React, Gen AI)",https://www.ycombinator.com/companies/sei/jobs/LeAtLYf-full-stack-engineer-typescript-react-gen-ai,Sei,₹1M - ₹3.2M INR,"Gurugram, HR, IN"
Voice AI Engineer,https://www.ycombinator.com/companies/sei/jobs/WKEsAQO-voice-ai-engineer,Sei,₹2M - ₹5M INR,"Gurugram, HR, IN"
AI/ML/LLM Engineer,https://www.ycombinator.com/companies/sei/jobs/TYbKqi0-ai-ml-llm-engineer,Sei,₹2M - ₹5M INR,"Gurugram, HR, IN"
"Senior Software Engineer (Typescript, Gen AI)",https://www.ycombinator.com/companies/sei/jobs/Rn0KPXR-senior-software-engineer-typescript-gen-ai,Sei,₹2M - ₹5M INR,"Gurugram, HR, IN"
Senior Full-Stack Engineer,https://www.ycombinator.com/companies/stably/jobs/k0L6Pst-senior-full-stack-engineer,Stably,$100K - $200K,"San Francisco, CA, US / Remote (US; CA; BR; AR; MX)"
Full-Stack Engineer - New Grad,https://www.ycombinator.com/companies/stably/jobs/dihVxlN-full-stack-engineer-new-grad,Stably,$100K - $140K,"San Francisco, CA, US / Remote (US; CA; BR; AR; MX)"
Full Stack Engineer Co-Op Internship,https://www.ycombinator.com/companies/stably/jobs/mJcbmq2-full-stack-engineer-co-op-internship,Stably,$30K - $60K,"San Francisco, CA, US / Remote (CA; US)"
Prompt Engineer,https://www.ycombinator.com/companies/cozmox-ai/jobs/zkl98Kp-prompt-engineer,Cozmox Ai,$50K - $150K,"San Francisco, CA, US / Palo Alto, CA, US / Pune, Maharashtra, IN / Bengaluru, Karnataka, IN / Abu Dhabi, Abu Dhabi, AE"
Sales Lead (Australia),https://www.ycombinator.com/companies/cozmox-ai/jobs/wESH5XT-sales-lead-australia,Cozmox Ai,$50K - $125K,AU / Remote (AU)
Technical Account Manager,https://www.ycombinator.com/companies/cozmox-ai/jobs/ZuNUvll-technical-account-manager,Cozmox Ai,$50K - $120K,AE / US
Enterprise Implementation Engineer,https://www.ycombinator.com/companies/cozmox-ai/jobs/5apf6im-enterprise-implementation-engineer,Cozmox Ai,$50K - $200K,"San Francisco, CA, US / Palo Alto, CA, US / Pune, Maharashtra, IN / Bengaluru, Karnataka, IN / Abu Dhabi, Abu Dhabi, AE"
Sales Lead (Canada),https://www.ycombinator.com/companies/cozmox-ai/jobs/59rPboI-sales-lead-canada,Cozmox Ai,$50K - $125K,CA / Remote (CA)
Sales Lead (UK),https://www.ycombinator.com/companies/cozmox-ai/jobs/WjePLiN-sales-lead-uk,Cozmox Ai,$95K - $140K,GB / Remote (GB)
Sales Lead (US),https://www.ycombinator.com/companies/cozmox-ai/jobs/MeY8WjP-sales-lead-us,Cozmox Ai,$100K - $180K,US
Marketing Manager,https://www.ycombinator.com/companies/cozmox-ai/jobs/6qvSJYm-marketing-manager,Cozmox Ai,$50K - $170K,"San Francisco, CA, US / Palo Alto, CA, US / Pune, Maharashtra, IN / Bengaluru, Karnataka, IN / Abu Dhabi, Abu Dhabi, AE"
Senior Product Designer,https://www.ycombinator.com/companies/cozmox-ai/jobs/YYc8Y9e-senior-product-designer,Cozmox Ai,$50K - $170K,"San Francisco, CA, US / Palo Alto, CA, US / Pune, Maharashtra, IN / Bengaluru, Karnataka, IN / Abu Dhabi, Abu Dhabi, AE"
HR & Recruitment Manager,https://www.ycombinator.com/companies/cozmox-ai/jobs/66naJLn-hr-recruitment-manager,Cozmox Ai,$50K - $150K,"San Francisco, CA, US / Palo Alto, CA, US / Pune, Maharashtra, IN / Bengaluru, Karnataka, IN / Abu Dhabi, Abu Dhabi, AE"
Senior Product Data Analyst,https://www.ycombinator.com/companies/cozmox-ai/jobs/cuTFf6k-senior-product-data-analyst,Cozmox Ai,$50K - $200K,"San Francisco, CA, US / Palo Alto, CA, US / Pune, Maharashtra, IN / Bengaluru, Karnataka, IN / Abu Dhabi, Abu Dhabi, AE"
Senior Frontend Engineer (React),https://www.ycombinator.com/companies/cozmox-ai/jobs/jlwgLhw-senior-frontend-engineer-react,Cozmox Ai,$50K - $200K,"San Francisco, CA, US / Palo Alto, CA, US / Pune, Maharashtra, IN / Bengaluru, Karnataka, IN / Abu Dhabi, Abu Dhabi, AE"
Senior Backend Engineering Lead,https://www.ycombinator.com/companies/cozmox-ai/jobs/YqrK79h-senior-backend-engineering-lead,Cozmox Ai,$50K - $200K,"San Francisco, CA, US / Palo Alto, CA, US / Pune, Maharashtra, IN / Bengaluru, Karnataka, IN / Abu Dhabi, Abu Dhabi, AE"
Senior AI/ML Engineering Lead,https://www.ycombinator.com/companies/cozmox-ai/jobs/sZsFXmb-senior-ai-ml-engineering-lead,Cozmox Ai,$50K - $200K,"San Francisco, CA, US / Palo Alto, CA, US / Pune, Maharashtra, IN / Bengaluru, Karnataka, IN / Abu Dhabi, Abu Dhabi, AE"
Engineering Technician,https://www.ycombinator.com/companies/shinkei-systems/jobs/aw9q2mi-engineering-technician,Shinkei Systems,3+ years,"El Segundo, CA, US"
Sr. Computer Vision Engineer,https://www.ycombinator.com/companies/shinkei-systems/jobs/Z0PijDk-sr-computer-vision-engineer,Shinkei Systems,3+ years,"El Segundo, CA, US"
Senior Test Engineer,https://www.ycombinator.com/companies/shinkei-systems/jobs/hnNFNo3-senior-test-engineer,Shinkei Systems,6+ years,"El Segundo, CA, US"
Field Engineer,https://www.ycombinator.com/companies/shinkei-systems/jobs/omnBxJe-field-engineer,Shinkei Systems,$100K - $130K,"Los Angeles, CA, US"
Chief of Staff,https://www.ycombinator.com/companies/craniometrix/jobs/ugwcSrU-chief-of-staff,Craniometrix,$120K - $180K,"New York, NY, US / Remote (US)"
Founding Full Stack Engineer (CTO track),https://www.ycombinator.com/companies/craniometrix/jobs/5Ucqf0Q-founding-full-stack-engineer-cto-track,Craniometrix,$160K - $220K,"New York, NY, US"
Clinical Operations & Product,https://www.ycombinator.com/companies/craniometrix/jobs/5pKWlJv-clinical-operations-product,Craniometrix,$170K - $230K,"New York, NY"
Product Manager,https://www.ycombinator.com/companies/peakflo/jobs/fMrUk8W-product-manager,Peakflo,₹2.7M - ₹2.9M INR,IN / Remote (IN)
Product Marketing Intern (San Francisco/Onsite),https://www.ycombinator.com/companies/peakflo/jobs/8eVB6k4-product-marketing-intern-san-francisco-onsite,Peakflo,Any,"San Francisco, CA, US"
ML Engineer / Data Scientist,https://www.ycombinator.com/companies/peakflo/jobs/AWWj5s1-ml-engineer-data-scientist,Peakflo,₹1.6M - ₹2M INR,IN / Remote (IN)
AI / ML Engineer,https://www.ycombinator.com/companies/sieve/jobs/ZdRY3ye-ai-ml-engineer,Sieve,1+ years,"San Francisco, CA, US"
Infrastructure / Systems Engineer,https://www.ycombinator.com/companies/sieve/jobs/hg3UXRW-infrastructure-systems-engineer,Sieve,1+ years,"San Francisco, CA, US / New York, NY, US"
Product Engineer,https://www.ycombinator.com/companies/sieve/jobs/CgUcah9-product-engineer,Sieve,1+ years,"San Francisco, CA, US / New York, NY, US"
Senior Endpoint Security Engineer (Windows),https://www.ycombinator.com/companies/strac/jobs/TJHiaL9-senior-endpoint-security-engineer-windows,Strac,$135K - $200K,USA / Remote (USA)
Senior Endpoint Security Engineer (macOS),https://www.ycombinator.com/companies/strac/jobs/VrNfGrl-senior-endpoint-security-engineer-macos,Strac,$135K - $200K,USA / Remote (USA)
Head of Marketing,https://www.ycombinator.com/companies/strac/jobs/8DFTfAp-head-of-marketing,Strac,$100K - $150K,US / Remote (US)
Senior Software Engineer,https://www.ycombinator.com/companies/strac/jobs/aqRX4ow-senior-software-engineer,Strac,$120K - $200K,USA / Remote (USA)
Founding Solutions/Sales Engineer,https://www.ycombinator.com/companies/agave/jobs/YpN1XYQ-founding-solutions-sales-engineer,Agave,$120K - $185K,"San Francisco, CA, US"
Founding Account Executive,https://www.ycombinator.com/companies/agave/jobs/OUR5D9v-founding-account-executive,Agave,$140K - $200K,"San Francisco, CA, US"
Software Engineer,https://www.ycombinator.com/companies/agave/jobs/jryB4nr-software-engineer,Agave,$120K - $200K,"San Francisco, CA"
Product Manager,https://www.ycombinator.com/companies/redbird/jobs/erl9my2-product-manager,Redbird,3+ years,US / Remote (US)
Integration Engineer,https://www.ycombinator.com/companies/redbird/jobs/UZ75Fmh-integration-engineer,Redbird,3+ years,"New York, NY / Remote (US)"
DevOps Engineer,https://www.ycombinator.com/companies/redbird/jobs/CknCkWr-devops-engineer,Redbird,$120K,US / Remote (US)
Software Engineer,https://www.ycombinator.com/companies/redbird/jobs/9curEeX-software-engineer,Redbird,3+ years,"New York, NY / Remote (US)"
Senior Embedded Software Engineer,https://www.ycombinator.com/companies/astroforge/jobs/kepoYGl-senior-embedded-software-engineer,Astroforge,$100K - $150K,"Seal Beach, CA, US"
Electrical Engineer,https://www.ycombinator.com/companies/astroforge/jobs/XpB85wp-electrical-engineer,Astroforge,$100K - $140K,"Seal Beach, CA, US"
Senior Software Engineer,https://www.ycombinator.com/companies/growthbook/jobs/0OFxb2Q-senior-software-engineer,Growthbook,3+ years,Remote (US)
"Head of Growth, Iraq",https://www.ycombinator.com/companies/elevate/jobs/PVqGaBZ-head-of-growth-iraq,Elevate,$25K - $100K,"Dubai, Dubai, AE / IQ / Remote"
"Head of Growth, Algeria",https://www.ycombinator.com/companies/elevate/jobs/uD28urS-head-of-growth-algeria,Elevate,$25K - $100K,"Dubai, Dubai, AE / DZ / Remote"
"Head of Growth, Jordan",https://www.ycombinator.com/companies/elevate/jobs/3w2ANXX-head-of-growth-jordan,Elevate,$25K - $100K,"Dubai, Dubai, AE / JO / Remote"
"Head of Growth, Philippines",https://www.ycombinator.com/companies/elevate/jobs/FxD7QJs-head-of-growth-philippines,Elevate,$25K - $100K,"Dubai, Dubai, AE / PH / Remote"
"Head of Growth, Egypt",https://www.ycombinator.com/companies/elevate/jobs/ArNktTr-head-of-growth-egypt,Elevate,$25K - $100K,"Dubai, Dubai, AE / Cairo, Cairo Governorate, EG / Remote"
Compliance Officer (BSA / AML Compliance),https://www.ycombinator.com/companies/elevate/jobs/fSjNj2E-compliance-officer-bsa-aml-compliance,Elevate,$100K - $150K,US / Remote (US)
Founding Engineer,https://www.ycombinator.com/companies/spot-health/jobs/dy9ZiK1-founding-engineer,Spot Health,$100K - $200K,Remote (US)
Operations Associate,https://www.ycombinator.com/companies/spot-health/jobs/fXuPeXx-operations-associate,Spot Health,Any,"Cincinnati, OH, US"
Growth Operations,https://www.ycombinator.com/companies/spot-health/jobs/iC9fBXs-growth-operations,Spot Health,$50K - $75K,US / Remote (US)
JS/Web3 Full Stack Engineer (YC backed Web3 + FinTech company),https://www.ycombinator.com/companies/apollo-3/jobs/pU6LGTh-js-web3-full-stack-engineer-yc-backed-web3-fintech-company,Apollo 3,1+ years,"Bangalore, Karnataka, India / Remote (India)"
VP of Finance & Operations,https://www.ycombinator.com/companies/optery/jobs/8xrDYiB-vp-of-finance-operations,Optery,$160K - $180K,US / Remote (US)
Customer Success Manager,https://www.ycombinator.com/companies/optery/jobs/4CVoAF2-customer-success-manager,Optery,$100K - $135K,US / Remote (US)
Program Manager,https://www.ycombinator.com/companies/emerge-career/jobs/LnJxzyQ-program-manager,Emerge Career,$60K - $85K,Remote (US)
Software Engineer Lead at Jabu - Pioneering B2B Payments in Africa,https://www.ycombinator.com/companies/jabu/jobs/9Rd2GJN-software-engineer-lead-at-jabu-pioneering-b2b-payments-in-africa,Jabu,3+ years,"Windhoek, Khomas Region, NA / Lusaka, Lusaka Province, ZM / Johannesburg, GP, ZA / Cape Town, WC, ZA / Remote"
Technical Recruiting Lead,https://www.ycombinator.com/companies/sully-ai/jobs/WsYf6YL-technical-recruiting-lead,Sully Ai,$120K - $150K,"Mountain View, CA, US / Remote (US)"
VP of Sales,https://www.ycombinator.com/companies/sully-ai/jobs/krgsOEI-vp-of-sales,Sully Ai,$200K - $250K,"Remote - US / Mountain View, CA, US / Remote (US)"
VP of Partnerships,https://www.ycombinator.com/companies/sully-ai/jobs/irT9tJT-vp-of-partnerships,Sully Ai,$200K - $250K,"Remote - US / Mountain View, CA, US / Remote (US)"
Technical Project Manager,https://www.ycombinator.com/companies/sully-ai/jobs/DmvuEbe-technical-project-manager,Sully Ai,,"San Francisco, CA / Remote (US)"
Ex-Founder,https://www.ycombinator.com/companies/sully-ai/jobs/NofUFQO-ex-founder,Sully Ai,$200K - $250K,"Remote - US / Mountain View, CA, US / Remote (US)"
Solutions Engineer,https://www.ycombinator.com/companies/sully-ai/jobs/8zl6DaO-solutions-engineer,Sully Ai,,Bay Area - US / Remote (US)
VP of Customer Solutions,https://www.ycombinator.com/companies/sully-ai/jobs/lskHVHe-vp-of-customer-solutions,Sully Ai,$200K - $250K,"US - Remote / Mountain View, CA, US / Remote (US)"
VP of Customer Support (Engineering Background),https://www.ycombinator.com/companies/sully-ai/jobs/Benk8Py-vp-of-customer-support-engineering-background,Sully Ai,$225K - $250K,"US - Remote / Mountain View, CA, US / Remote (US)"
Senior Software Engineer - LLM Prompt-Quality,https://www.ycombinator.com/companies/sully-ai/jobs/NzkdUg9-senior-software-engineer-llm-prompt-quality,Sully Ai,,Remote - US / Remote (US)
Senior Software Engineer -  Agentic AI,https://www.ycombinator.com/companies/sully-ai/jobs/16xx3sj-senior-software-engineer-agentic-ai,Sully Ai,$175K - $225K,"Remote - US / San Francisco, CA, US / Remote (US)"
Lead QA Engineer,https://www.ycombinator.com/companies/sully-ai/jobs/KnGrEiC-lead-qa-engineer,Sully Ai,$175K - $200K,"Remote - US / Mountain View, CA, US / Remote (US)"
Lead Product Designer,https://www.ycombinator.com/companies/sully-ai/jobs/o9gvedo-lead-product-designer,Sully Ai,$170K - $200K,"Remote - US / Mountain View, CA, US / Remote (US)"
Head of Artificial Intelligence - GenAI,https://www.ycombinator.com/companies/sully-ai/jobs/LVWoAw6-head-of-artificial-intelligence-genai,Sully Ai,$250K - $275K,"Remote - US / Mountain View, CA, US / Remote (US)"
Contract Recruiting Specialist,https://www.ycombinator.com/companies/sully-ai/jobs/8ATSLWX-contract-recruiting-specialist,Sully Ai,$55K - $75K,Remote (US)
GTM Specialist (Bay Area),https://www.ycombinator.com/companies/sully-ai/jobs/V2VToWP-gtm-specialist-bay-area,Sully Ai,$70K - $85K,"Mountain View, CA, US / Remote (US)"
Customer Support Agent (Bay Area),https://www.ycombinator.com/companies/sully-ai/jobs/Ff4r8cc-customer-support-agent-bay-area,Sully Ai,$70K - $90K,"Mountain View, CA, US / Remote (San Francisco, CA, US; Santa Clara, CA, US; San Jose, CA, US; Mountain View, CA, US)"
Contract Recruiting Lead (Sales/GTM),https://www.ycombinator.com/companies/sully-ai/jobs/Ve9S61L-contract-recruiting-lead-sales-gtm,Sully Ai,$90K - $110K,"Mountain View, CA, US / Remote (US)"
Sales Engineer,https://www.ycombinator.com/companies/exa/jobs/9WtV7Ue-sales-engineer,Exa,$120K - $200K,"San Francisco, California"
Full Stack Engineer,https://www.ycombinator.com/companies/exa/jobs/SwXtcqt-full-stack-engineer,Exa,$120K - $200K,"San Francisco, California"
Backend Engineer,https://www.ycombinator.com/companies/exa/jobs/QHKVDmG-backend-engineer,Exa,$120K - $200K,"San Francisco, California"
ML Research Engineer,https://www.ycombinator.com/companies/exa/jobs/z9af6mz-ml-research-engineer,Exa,$120K - $250K,"San Francisco, CA"
Machine Learning Evangelist,https://www.ycombinator.com/companies/lightly/jobs/DusXehf-machine-learning-evangelist,Lightly,$100K - $150K,"Zürich, ZH, CH / Remote (US)"
Solution Engineer in a fast growing AI Startup,https://www.ycombinator.com/companies/lightly/jobs/mjOVRXW-solution-engineer-in-a-fast-growing-ai-startup,Lightly,1+ years,San Francisco
Full-Stack Engineer,https://www.ycombinator.com/companies/lightly/jobs/qMww7yq-full-stack-engineer,Lightly,3+ years,"Zurich, Switzerland / Remote"
"Marketing Lead, Demand & Enablement",https://www.ycombinator.com/companies/nash/jobs/zAvgFtj-marketing-lead-demand-enablement,Nash,$140K - $180K,US / Remote (US)
Senior Product Manager,https://www.ycombinator.com/companies/nash/jobs/apE1eYN-senior-product-manager,Nash,$170K - $200K,San Francisco / Remote (US)
Senior Backend Engineer,https://www.ycombinator.com/companies/nash/jobs/eDOwMsW-senior-backend-engineer,Nash,$180K - $210K,San Francisco / Remote (US)
Full Stack Engineer,https://www.ycombinator.com/companies/nash/jobs/8wHWGF6-full-stack-engineer,Nash,$180K - $210K,San Francisco / Remote (US)
Full Stack Developer,https://www.ycombinator.com/companies/payflow/jobs/HKKQslt-full-stack-developer,Payflow,$40K - $80K,"Barcelona, Spain"
Lead Recruiter,https://www.ycombinator.com/companies/charge-robotics/jobs/WgifESH-lead-recruiter,Charge Robotics,$130K - $190K,"Oakland, CA, US"
Project Manager,https://www.ycombinator.com/companies/charge-robotics/jobs/MLN969i-project-manager,Charge Robotics,3+ years,"San Leandro, CA, US"
Lead Technician,https://www.ycombinator.com/companies/charge-robotics/jobs/hJQhj0y-lead-technician,Charge Robotics,3+ years,"Oakland, CA, US"
Electrical Engineer - Integration,https://www.ycombinator.com/companies/charge-robotics/jobs/RfigBV5-electrical-engineer-integration,Charge Robotics,$110K - $160K,"San Leandro, CA, US"
R&D Engineering Technician,https://www.ycombinator.com/companies/charge-robotics/jobs/cfbsBoX-r-d-engineering-technician,Charge Robotics,3+ years,"Oakland, CA, US"
Intellectual Property Counsel (Consultant/Contract),https://www.ycombinator.com/companies/charge-robotics/jobs/ep7uC3K-intellectual-property-counsel-consultant-contract,Charge Robotics,3+ years,"Oakland, CA, US / Remote (US)"
Recruiter,https://www.ycombinator.com/companies/charge-robotics/jobs/US0R5l5-recruiter,Charge Robotics,1+ years,"Oakland, CA, US"
Senior Mechanical Engineer,https://www.ycombinator.com/companies/charge-robotics/jobs/ml4f9l4-senior-mechanical-engineer,Charge Robotics,6+ years,"Oakland, CA"
Mechanical Engineer,https://www.ycombinator.com/companies/charge-robotics/jobs/VFEVUkD-mechanical-engineer,Charge Robotics,3+ years,"Oakland, CA"
Senior Robotics Software Engineer,https://www.ycombinator.com/companies/charge-robotics/jobs/MiQeDgi-senior-robotics-software-engineer,Charge Robotics,$140K - $185K,"San Leandro, CA, US"
Senior Platform Engineer,https://www.ycombinator.com/companies/turion-space/jobs/eqV8EL3-senior-platform-engineer,Turion Space,$130 - $180,"Irvine, CA, US"
FPGA Enginer,https://www.ycombinator.com/companies/turion-space/jobs/wZ77AHq-fpga-enginer,Turion Space,$150K - $200K,"Irvine, CA, US"
Sr. Ground Software Engineer,https://www.ycombinator.com/companies/turion-space/jobs/3qKZqKO-sr-ground-software-engineer,Turion Space,$150K - $180K,"Irvine, CA, US"
Flight Software Engineer,https://www.ycombinator.com/companies/turion-space/jobs/c9KsGiH-flight-software-engineer,Turion Space,$90K - $140K,"Irvine, CA, US"
Space Operations Engineer,https://www.ycombinator.com/companies/turion-space/jobs/kkXRBe7-space-operations-engineer,Turion Space,$85K - $130K,"Irvine, CA, US"
Senior Accountant / Controller,https://www.ycombinator.com/companies/turion-space/jobs/cjp2k80-senior-accountant-controller,Turion Space,$80K - $130K,"Irvine, CA, US"
Quality & Configuration Manager,https://www.ycombinator.com/companies/turion-space/jobs/wd9sulh-quality-configuration-manager,Turion Space,$90K - $120K,"Irvine, CA, US"
Senior Spacecraft Thermal Engineer,https://www.ycombinator.com/companies/turion-space/jobs/2Fw98Og-senior-spacecraft-thermal-engineer,Turion Space,$100K - $130K,"Irvine, CA, US"
Full Stack Software Engineer,https://www.ycombinator.com/companies/turion-space/jobs/vp05DEy-full-stack-software-engineer,Turion Space,$120K - $150K,"Irvine, CA, US"
Ground Systems Software Engineer,https://www.ycombinator.com/companies/turion-space/jobs/p6kyjZR-ground-systems-software-engineer,Turion Space,$80K - $130K,"Irvine, CA, US"
Satellite Design Engineer,https://www.ycombinator.com/companies/turion-space/jobs/1rLZxlz-satellite-design-engineer,Turion Space,$70K - $135K,"Irvine, CA"
Propulsion Engineer,https://www.ycombinator.com/companies/turion-space/jobs/gS40rrN-propulsion-engineer,Turion Space,$80K - $120K,"Irvince, CA"
Electrical Engineer,https://www.ycombinator.com/companies/turion-space/jobs/1uRJ4aA-electrical-engineer,Turion Space,$80K - $130K,"Irvine, CA"
Lead GNC Engineer,https://www.ycombinator.com/companies/turion-space/jobs/dkEfxTR-lead-gnc-engineer,Turion Space,$100K - $130K,"Irvine, CA"
Enterprise Revenue Operations Lead,https://www.ycombinator.com/companies/stepful/jobs/DbIliTq-enterprise-revenue-operations-lead,Stepful,,New York City
Senior Operations Manager - AI,https://www.ycombinator.com/companies/stepful/jobs/LPNHPIL-senior-operations-manager-ai,Stepful,,New York City
Business Intelligence Manager,https://www.ycombinator.com/companies/stepful/jobs/NOiQBkJ-business-intelligence-manager,Stepful,,New York City
Product Analyst,https://www.ycombinator.com/companies/stepful/jobs/B08KXup-product-analyst,Stepful,$120K - $160K,"New York, NY, US"
"Product Manager, AI",https://www.ycombinator.com/companies/stepful/jobs/l4Vfobu-product-manager-ai,Stepful,$120K - $180K,"New York, NY, US"
Head of Finance,https://www.ycombinator.com/companies/stepful/jobs/Ff0eiYh-head-of-finance,Stepful,$180K - $200K,New York City
Finance Lead ,https://www.ycombinator.com/companies/stepful/jobs/lO4yejk-finance-lead,Stepful,$180K - $200K,New York City
Compliance Manager,https://www.ycombinator.com/companies/stepful/jobs/hmz5tYK-compliance-manager,Stepful,$80K - $100K,New York City
Senior Operations Manager,https://www.ycombinator.com/companies/stepful/jobs/Yx8LVm5-senior-operations-manager,Stepful,$140 - $160,New York City
Operations Manager,https://www.ycombinator.com/companies/stepful/jobs/D0wPzYI-operations-manager,Stepful,$120 - $140,New York City
Senior AI Product Engineer,https://www.ycombinator.com/companies/stepful/jobs/gTL7V0m-senior-ai-product-engineer,Stepful,$180K - $200K,"New York, NY, US"
Product Design Lead,https://www.ycombinator.com/companies/stepful/jobs/BxCszc5-product-design-lead,Stepful,$160K - $200K,New York City
"Engagement Manager, Enterprise",https://www.ycombinator.com/companies/stepful/jobs/LGGE5Jz-engagement-manager-enterprise,Stepful,$120K - $160K,New York City
Senior Product Engineer,https://www.ycombinator.com/companies/stepful/jobs/ZmucoSh-senior-product-engineer,Stepful,$180K - $200K,"New York, NY, US"
Chief of Staff,https://www.ycombinator.com/companies/stepful/jobs/jS0NCTh-chief-of-staff,Stepful,$140K - $180K,"New York, NY, US"
Growth Engineer,https://www.ycombinator.com/companies/stepful/jobs/YTq8mJG-growth-engineer,Stepful,$140K - $180K,"New York, NY, US"
Product Engineer,https://www.ycombinator.com/companies/stepful/jobs/iLjGDJ0-product-engineer,Stepful,$140K - $180K,"New York, NY, US"
Operations Manager,https://www.ycombinator.com/companies/firstignite/jobs/spc4lP5-operations-manager,Firstignite,$55K - $70K,US / Remote (US)
"Software engineer, Tokyo",https://www.ycombinator.com/companies/aviator/jobs/1k0O9ll-software-engineer-tokyo,Aviator,$60K - $110K,"Tokyo, JP"
"Software engineer, Fullstack",https://www.ycombinator.com/companies/aviator/jobs/2fmcI6d-software-engineer-fullstack,Aviator,$120K - $160K,"San Francisco, CA, US"
"Software engineer, Recent grad",https://www.ycombinator.com/companies/aviator/jobs/acPE4OP-software-engineer-recent-grad,Aviator,$100K - $120K,"San Francisco, CA, US"
"Senior Software engineer, Founding team",https://www.ycombinator.com/companies/aviator/jobs/svf18r9-senior-software-engineer-founding-team,Aviator,$160K - $200K,"San Francisco, CA, US"
Junior Account Executive ,https://www.ycombinator.com/companies/pactima/jobs/mU6IvSa-junior-account-executive,Pactima,1+ years,Remote (US)
Software Engineer,https://www.ycombinator.com/companies/crew/jobs/GrcSDKm-software-engineer,Crew,3+ years,Europe / Remote (US)
Software Engineer - Full stack,https://www.ycombinator.com/companies/atlas/jobs/BnXfV47-software-engineer-full-stack,Atlas,$54K - $72K,SG
UIUX Designer,https://www.ycombinator.com/companies/atlas/jobs/jYQdJWU-uiux-designer,Atlas,$50K - $120K,SG
Product Specialist,https://www.ycombinator.com/companies/storylane/jobs/COZ3Ck5-product-specialist,Storylane,1+ years,IN / RO / Remote (IN; RO)
Enterprise Account Manager,https://www.ycombinator.com/companies/storylane/jobs/Cj67xiy-enterprise-account-manager,Storylane,$100K - $250K,US / CA / Remote (US; CA)
Head of Growth,https://www.ycombinator.com/companies/storylane/jobs/7d8Tf3x-head-of-growth,Storylane,3+ years,US / Remote (US)
Customer Success Manager,https://www.ycombinator.com/companies/storylane/jobs/2BvjJOc-customer-success-manager,Storylane,$40K - $70K,RO / AT / RS / FR / DE / UA / IT / Remote (RO; AT; RS; FR; DE; UA; IT)
"Software Engineer (Rust, AI)",https://www.ycombinator.com/companies/bloop/jobs/iCrEllp-software-engineer-rust-ai,Bloop,£80K - £120K GBP,"London, England, GB"
"Software Engineer (Rust, Compiler)",https://www.ycombinator.com/companies/bloop/jobs/U4VbWty-software-engineer-rust-compiler,Bloop,£80K - £120K GBP,"London, UK"
Deep Learning Intern,https://www.ycombinator.com/companies/infer/jobs/9uKFdwa-deep-learning-intern,Infer,Any,IN / Remote (IN)
Backend focused Full-Stack Engineer (Founding Team),https://www.ycombinator.com/companies/infer/jobs/lqHNyyH-backend-focused-full-stack-engineer-founding-team,Infer,$20K - $25K,Remote (US)
UI/UX Product Design,https://www.ycombinator.com/companies/resident-boost/jobs/ROz1pi3-ui-ux-product-design,Resident Boost,,"Los Angeles, CA"
"Regional Account Director (""RAD"")",https://www.ycombinator.com/companies/resident-boost/jobs/Qjwm7pU-regional-account-director-rad,Resident Boost,,"Los Angeles, CA"
Account Executive,https://www.ycombinator.com/companies/resident-boost/jobs/4u8D17i-account-executive,Resident Boost,,"Los Angeles, CA / Remote (US)"
Senior Full Stack Engineer,https://www.ycombinator.com/companies/resident-boost/jobs/uF3W7V9-senior-full-stack-engineer,Resident Boost,$100K - $180K,San Francisco  / Remote (US)
Business Analyst,https://www.ycombinator.com/companies/payze/jobs/98Nl5HK-business-analyst,Payze,3+ years,Tbilisi
Network Engineer,https://www.ycombinator.com/companies/siglo/jobs/cGUSRbd-network-engineer,Siglo,$5K - $8K,Remote
Senior Full Stack Software Engineer,https://www.ycombinator.com/companies/onsite-pro/jobs/XUMIfYD-senior-full-stack-software-engineer,Onsite Pro,$130K - $170K,"CA, US / WA, US / Remote (CA, US; WA, US)"
Customer Success Lead,https://www.ycombinator.com/companies/onsite-pro/jobs/89flZtW-customer-success-lead,Onsite Pro,$70K - $115K,"WA, US / CA, US / Remote (WA, US; CA, US)"
Founding Engineer,https://www.ycombinator.com/companies/adni/jobs/wRUfeKu-founding-engineer,Adni,$130K - $150K,"San Francisco, CA, US / Chicago, IL, US / New York, NY, US / Remote (US)"
Children's Book Writers,https://www.ycombinator.com/companies/litnerd/jobs/XlfQNiM-children-s-book-writers,Litnerd,1+ years,Remote (US)
Illustrators,https://www.ycombinator.com/companies/litnerd/jobs/0SkjLqk-illustrators,Litnerd,Any (new grads ok),Remote (US)
Songwriters and Lyricists,https://www.ycombinator.com/companies/litnerd/jobs/xlZHPDy-songwriters-and-lyricists,Litnerd,Any (new grads ok),Remote (US)
Actors,https://www.ycombinator.com/companies/litnerd/jobs/zRppncf-actors,Litnerd,Any (new grads ok),Remote (US)
VFX Compositor for Unreal/Live Action,https://www.ycombinator.com/companies/litnerd/jobs/aCC8iac-vfx-compositor-for-unreal-live-action,Litnerd,1+ years,Remote (US)
Unreal 3D Animator and Designer,https://www.ycombinator.com/companies/litnerd/jobs/Y1nd9Lk-unreal-3d-animator-and-designer,Litnerd,1+ years,Remote
Full-Stack Software Engineer,https://www.ycombinator.com/companies/litnerd/jobs/xDSGnVe-full-stack-software-engineer,Litnerd,$80K - $120K,Remote (US)
Senior Operations and Product Manager,https://www.ycombinator.com/companies/litnerd/jobs/MUQn9sM-senior-operations-and-product-manager,Litnerd,3+ years,Remote
RFP Program Specialist,https://www.ycombinator.com/companies/litnerd/jobs/2JKZ95K-rfp-program-specialist,Litnerd,3+ years,Remote
Senior Editor & Media Manager,https://www.ycombinator.com/companies/litnerd/jobs/tGFTEph-senior-editor-media-manager,Litnerd,3+ years,Remote
School Business Development Associate ,https://www.ycombinator.com/companies/litnerd/jobs/252Yodr-school-business-development-associate,Litnerd,1+ years,Remote
Senior Academic Curriculum Specialist,https://www.ycombinator.com/companies/litnerd/jobs/DxxPVpY-senior-academic-curriculum-specialist,Litnerd,3+ years,Remote (US)
Director of Engineering ,https://www.ycombinator.com/companies/litnerd/jobs/MKhXv09-director-of-engineering,Litnerd,$130K - $180K,NYC and Miami or Remote (USA based) / Remote (US)
Senior Software Engineer at Litnerd,https://www.ycombinator.com/companies/litnerd/jobs/v4OjVud-senior-software-engineer-at-litnerd,Litnerd,$120K - $160K,"NYC, Miami or Remote (USA based) / Remote (US)"
Generalist Engineer,https://www.ycombinator.com/companies/dots-2/jobs/KU3AJ5x-generalist-engineer,Dots 2,$130K - $180K,"San Francisco, CA"
Founding Engineer (Backend & AWS Infra) ,https://www.ycombinator.com/companies/revery-ai/jobs/C0gWhSi-founding-engineer-backend-aws-infra,Revery Ai,$150K - $200K,"Montreal, QC, Canada / San Francisco, CA / Remote"
Founding Automation Engineer,https://www.ycombinator.com/companies/rmfg/jobs/0JcuTp2-founding-automation-engineer,Rmfg,$80K - $135K,"Fort Worth, TX, US"
"Account Executive, Commercial",https://www.ycombinator.com/companies/mach9/jobs/oHsQSw2-account-executive-commercial,Mach9,$125K - $250K,San Francisco
Senior Full-Stack Engineer,https://www.ycombinator.com/companies/mach9/jobs/ntdLmBi-senior-full-stack-engineer,Mach9,$150K - $190K,San Francisco
Back End Developer ,https://www.ycombinator.com/companies/bolster/jobs/yUGXqHQ-back-end-developer,Bolster,3+ years,"Calgary, AB / Cape Town, WC, ZA / Remote (Calgary, AB, CA; Cape Town, WC, ZA)"
Front End Developer ,https://www.ycombinator.com/companies/bolster/jobs/uaEmw22-front-end-developer,Bolster,3+ years,"Calgary, AB / Cape Town, WC, ZA"
" Compliance Onboarding Analyst (Indonesia, Remote)",https://www.ycombinator.com/companies/hitpay/jobs/DEyIZVE-compliance-onboarding-analyst-indonesia-remote,Hitpay,,Indonesia / Remote (US)
Growth Executive (Bali),https://www.ycombinator.com/companies/hitpay/jobs/3kw6g54-growth-executive-bali,Hitpay,,Indonesia / Remote (US)
"Design Engineer, Product",https://www.ycombinator.com/companies/coast/jobs/RCMnjjA-design-engineer-product,Coast,$150K - $200K,"New York, NY, US"
Senior Software Engineer,https://www.ycombinator.com/companies/coast/jobs/ms86GPV-senior-software-engineer,Coast,$150K - $200K,"New York, NY, US"
Enterprise Account Executive (NYC),https://www.ycombinator.com/companies/coast/jobs/330lPgZ-enterprise-account-executive-nyc,Coast,$140K - $200K,"New York, NY, US"
Technical Solutions Engineer (NYC),https://www.ycombinator.com/companies/coast/jobs/6OkeH0b-technical-solutions-engineer-nyc,Coast,$120K - $175K,"New York, NY, US"
Electrical Engineer,https://www.ycombinator.com/companies/transastra-corporation/jobs/oCP2lOe-electrical-engineer,Transastra Corporation,Any (new grads ok),"Los Angeles, CA"
Marketing Lead,https://www.ycombinator.com/companies/akute-health/jobs/IxbcsBq-marketing-lead,Akute Health,$50K - $60K,US / Remote (US)
Founding Ops,https://www.ycombinator.com/companies/mentum/jobs/9GZ0mag-founding-ops,Mentum,$90K - $120K,"San Francisco, CA, US"
Founding Engineer,https://www.ycombinator.com/companies/mentum/jobs/3bSEvUk-founding-engineer,Mentum,$120K - $200K,"San Francisco, CA, US / Remote"
#4 Founding Engineer ,https://www.ycombinator.com/companies/meticulous/jobs/AkHpFa8-4-founding-engineer,Meticulous,£70K - £160K GBP,London
Scientific Account Executive / Sales ,https://www.ycombinator.com/companies/adaptyv/jobs/v9ppDN0-scientific-account-executive-sales,Adaptyv,,Lausanne
Visual Designer (Part-time or full-time),https://www.ycombinator.com/companies/adaptyv/jobs/hYAkUU0-visual-designer-part-time-or-full-time,Adaptyv,,Lausanne
Product Engineer,https://www.ycombinator.com/companies/adaptyv/jobs/v3Y6ry7-product-engineer,Adaptyv,,Lausanne
Internship Software / AI Engineering,https://www.ycombinator.com/companies/adaptyv/jobs/qrBsmh2-internship-software-ai-engineering,Adaptyv,,Lausanne
Chief of Staff,https://www.ycombinator.com/companies/adaptyv/jobs/0XUvTni-chief-of-staff,Adaptyv,,Lausanne
Internship Bioengineering / Molecular Biology,https://www.ycombinator.com/companies/adaptyv/jobs/VmAthU5-internship-bioengineering-molecular-biology,Adaptyv,,Lausanne
Research Engineer - High-throughput assay development,https://www.ycombinator.com/companies/adaptyv/jobs/vhCJ3YO-research-engineer-high-throughput-assay-development,Adaptyv,,Lausanne
Research Engineer - DNA synthesis & assembly,https://www.ycombinator.com/companies/adaptyv/jobs/hI3ecEy-research-engineer-dna-synthesis-assembly,Adaptyv,,Lausanne
Research Associate,https://www.ycombinator.com/companies/adaptyv/jobs/s1wh9fO-research-associate,Adaptyv,,Lausanne
Bioengineering Lead,https://www.ycombinator.com/companies/adaptyv/jobs/pfLHf5T-bioengineering-lead,Adaptyv,,Lausanne
Lab Automation Engineer,https://www.ycombinator.com/companies/adaptyv/jobs/oxSFbAY-lab-automation-engineer,Adaptyv,,Lausanne
Intership Lab Automation,https://www.ycombinator.com/companies/adaptyv/jobs/k3u2CWn-intership-lab-automation,Adaptyv,,Lausanne
Scientific Partnership Specialist,https://www.ycombinator.com/companies/adaptyv/jobs/5HuiUbB-scientific-partnership-specialist,Adaptyv,,Lausanne
Writer / Content Creator (Part-time or full-time),https://www.ycombinator.com/companies/adaptyv/jobs/mzKVyyv-writer-content-creator-part-time-or-full-time,Adaptyv,,Remote / Remote (US)
Scientific Project Manager,https://www.ycombinator.com/companies/adaptyv/jobs/cybWoEf-scientific-project-manager,Adaptyv,,Lausanne
Founders Associate,https://www.ycombinator.com/companies/adaptyv/jobs/namSBue-founders-associate,Adaptyv,,Lausanne
"Software Engineer, Backend",https://www.ycombinator.com/companies/adaptyv/jobs/Kk8D9KI-software-engineer-backend,Adaptyv,,Lausanne
Wildcard Application,https://www.ycombinator.com/companies/adaptyv/jobs/cT12q3x-wildcard-application,Adaptyv,,Lausanne
Product Designer,https://www.ycombinator.com/companies/asim/jobs/lBbFyIl-product-designer,Asim,$120K - $160K,"Seattle, WA, US / Remote"
Head of Growth,https://www.ycombinator.com/companies/heycharge/jobs/YBzPopj-head-of-growth,Heycharge,3+ years,"Munich, Germany"
Technical Product Manager and Go-to-Market Lead,https://www.ycombinator.com/companies/heycharge/jobs/Pp7dLRj-technical-product-manager-and-go-to-market-lead,Heycharge,3+ years,"Munich, Germany"
Field Service Engineer - Direct Air Capture Facility FSE at Bantam,https://www.ycombinator.com/companies/heimdal/jobs/kNZMV3B-field-service-engineer-direct-air-capture-facility-fse-at-bantam,Heimdal,$110K - $150K,"Denver, CO, US / Oklahoma City, OK, US"
Solutions & Sales Operations,https://www.ycombinator.com/companies/zensors-inc/jobs/bPAQWtM-solutions-sales-operations,Zensors Inc,1+ years,"San Francisco, CA"
"Account Executive, GTM Strategy",https://www.ycombinator.com/companies/zensors-inc/jobs/6DpxFVM-account-executive-gtm-strategy,Zensors Inc,3+ years,"San Francisco, CA / Pittsburgh, PA / Remote (US)"
Product Marketing Lead,https://www.ycombinator.com/companies/zensors-inc/jobs/9WxsbSF-product-marketing-lead,Zensors Inc,3+ years,Remote (US)
 Software Engineer ,https://www.ycombinator.com/companies/fizz/jobs/oMgklxn-software-engineer,Fizz,$80K - $150K,New York City (flexible)
UX DESIGNER,https://www.ycombinator.com/companies/freterium/jobs/fJ1Nf5x-ux-designer,Freterium,6+ years,Remote (US)
Lead Product Designer (Growth),https://www.ycombinator.com/companies/inflow/jobs/62cARie-lead-product-designer-growth,Inflow,6+ years,GB / Remote (GB)
"Senior Backend Engineer, Core",https://www.ycombinator.com/companies/aleph/jobs/lH3yP5n-senior-backend-engineer-core,Aleph,,Remote - Americas / Remote (US)
"Senior Backend Engineer, Platform",https://www.ycombinator.com/companies/aleph/jobs/w2mG3Hg-senior-backend-engineer-platform,Aleph,,Remote - LATAM / Remote (US)
"Research Engineer, Applied AI",https://www.ycombinator.com/companies/aleph/jobs/4TLisDS-research-engineer-applied-ai,Aleph,$150K - $250K,Remote / Remote (US)
"Senior Fullstack Engineer, Core",https://www.ycombinator.com/companies/aleph/jobs/Dz6sPVQ-senior-fullstack-engineer-core,Aleph,,Remote / Remote (US)
"Senior Frontend Engineer, Core",https://www.ycombinator.com/companies/aleph/jobs/zqJkiDY-senior-frontend-engineer-core,Aleph,,Remote / Remote (US)
Senior Software Engineer,https://www.ycombinator.com/companies/oneschema/jobs/kvoGGnM-senior-software-engineer,Oneschema,$120K - $180K,San Francisco
Founding BDR,https://www.ycombinator.com/companies/oneschema/jobs/vrR7CxA-founding-bdr,Oneschema,$90K - $100K,San Francisco
Account Executive,https://www.ycombinator.com/companies/coloop/jobs/luRojeU-account-executive,Coloop,£60K - £90K GBP,"London, England, GB"
Growth Manager,https://www.ycombinator.com/companies/coloop/jobs/rBaD07L-growth-manager,Coloop,£80K - £100K GBP,"London, England, GB"
Fullstack Engineer,https://www.ycombinator.com/companies/coloop/jobs/2V5kBpp-fullstack-engineer,Coloop,£70K - £90K GBP,"London, UK / Remote (London, England, GB)"
Senior Fullstack Engineer,https://www.ycombinator.com/companies/coloop/jobs/ksRGYzg-senior-fullstack-engineer,Coloop,£90K - £120K GBP,"London, UK / Remote (London, England, GB)"
Go-to-Market/ Growth Software Engineer,https://www.ycombinator.com/companies/dot/jobs/ilu5G3I-go-to-market-growth-software-engineer,Dot,$1.8K - $4K,Remote
HR Manager (Paris),https://www.ycombinator.com/companies/formance/jobs/U0od8OJ-hr-manager-paris,Formance,€50K - €70K EUR,"Paris, Île-de-France, FR"
Pre-sales solution engineer (Paris),https://www.ycombinator.com/companies/formance/jobs/OeLkhpf-pre-sales-solution-engineer-paris,Formance,€60K - €90K EUR,"Paris, Île-de-France, FR"
Pre-sales solution engineer (NYC),https://www.ycombinator.com/companies/formance/jobs/6nSw3IY-pre-sales-solution-engineer-nyc,Formance,$120K - $200K,"New York, NY, US"
DevOps / Platform Engineer,https://www.ycombinator.com/companies/formance/jobs/cXKM91w-devops-platform-engineer,Formance,€55K - €85K EUR,"Paris, Île-de-France, FR / Remote (FR; DE; PL; GB; IT)"
Senior Software Engineer ,https://www.ycombinator.com/companies/formance/jobs/C2HMJfN-senior-software-engineer,Formance,€60K - €90K EUR,"Paris, IDF, FR / Remote"
Founding Customer Success Manager (NYC),https://www.ycombinator.com/companies/formance/jobs/Beehw88-founding-customer-success-manager-nyc,Formance,$120K - $200K,"New York, NY, US / Remote (US)"
Solutions Engineer (Post-sales),https://www.ycombinator.com/companies/formance/jobs/ZbW9M9u-solutions-engineer-post-sales,Formance,€60K - €90K EUR,"Paris, IDF, FR / Remote (US; FR)"
Founding Account Executive (NYC),https://www.ycombinator.com/companies/formance/jobs/WbxNpS1-founding-account-executive-nyc,Formance,$120K - $250K,"New York, NY, US"
Technical Support Specialist ,https://www.ycombinator.com/companies/formance/jobs/v36WMNF-technical-support-specialist,Formance,€45K - €65K EUR,"Paris, IDF, FR"
Digital Marketing Manager,https://www.ycombinator.com/companies/coinrule/jobs/yMcvMm3-digital-marketing-manager,Coinrule,$30K - $36K,"London, England, GB / Remote"
UX Design Lead,https://www.ycombinator.com/companies/coinrule/jobs/5RUgq8D-ux-design-lead,Coinrule,$60K - $100K,Remote (US)
Senior Full-Stack Engineer,https://www.ycombinator.com/companies/coinrule/jobs/LVrvz0N-senior-full-stack-engineer,Coinrule,$80K - $100K,Remote (US)
Senior Full-Stack Developer – Life Sciences SaaS & Data Integration Specialist,https://www.ycombinator.com/companies/scispot-io/jobs/He8vOKp-senior-full-stack-developer-life-sciences-saas-data-integration-specialist,Scispot Io,$80K - $120K CAD,"Montreal, QC, CA / Remote (Montreal, QC, CA)"
Senior AI Product Designer,https://www.ycombinator.com/companies/scispot-io/jobs/ISpaEFi-senior-ai-product-designer,Scispot Io,$100K - $150K CAD,"ON, CA / Remote (ON, CA)"
Customer Success,https://www.ycombinator.com/companies/scispot-io/jobs/6kqC7dS-customer-success,Scispot Io,$48K - $60K CAD,"CA / Kitchener, ON, CA / Waterloo, ON, CA / Toronto, ON, CA / Vancouver, BC, CA / Remote (CA; Kitchener, ON, CA; Waterloo, ON, CA; Toronto, ON, CA; Vancouver, BC, CA)"
Front End Engineer - Generative AI UX,https://www.ycombinator.com/companies/scispot-io/jobs/w68UTtp-front-end-engineer-generative-ai-ux,Scispot Io,$60K - $100K CAD,"CA / Kitchener, ON, CA / Vancouver, BC, CA / Waterloo, ON, CA / Toronto, ON, CA / Remote (CA; Kitchener, ON, CA; Vancouver, BC, CA; Waterloo, ON, CA; Toronto, ON, CA)"
DevOps Engineer with Data Engineering Experience ,https://www.ycombinator.com/companies/scispot-io/jobs/tiwZj0S-devops-engineer-with-data-engineering-experience,Scispot Io,$80K - $100K CAD,CA / Remote (CA)
Computational Biologist (AI/ML + Bio background),https://www.ycombinator.com/companies/scispot-io/jobs/2LAwZQn-computational-biologist-ai-ml-bio-background,Scispot Io,$40K - $60K CAD,IN / CA / BR / GB / Remote (IN; CA; BR; GB)
Account Executive (Sales Head),https://www.ycombinator.com/companies/scispot-io/jobs/Xed2PUK-account-executive-sales-head,Scispot Io,3+ years,"Kitchener, ON, Canada / Remote"
Full Stack Developer,https://www.ycombinator.com/companies/scispot-io/jobs/U9vl629-full-stack-developer,Scispot Io,$80K - $120K CAD,Remote (Canada)
Senior Software Engineer - Node.js,https://www.ycombinator.com/companies/lootrush/jobs/0kG2S0L-senior-software-engineer-node-js,Lootrush,6+ years,Remote (US)
Senior Front End Software Engineer,https://www.ycombinator.com/companies/lootrush/jobs/6oYrgvn-senior-front-end-software-engineer,Lootrush,6+ years,Remote
Chief Financial Officer (CFO) | Cartpanda,https://www.ycombinator.com/companies/cartpanda/jobs/bz71fCx-chief-financial-officer-cfo-cartpanda,Cartpanda,$160K - $220K,Remote (US)
Transmission Planning Engineer,https://www.ycombinator.com/companies/nira-energy/jobs/0TkplmX-transmission-planning-engineer,Nira Energy,$150K - $200K,US / CA / Remote (US; CA)
Software Engineer,https://www.ycombinator.com/companies/nira-energy/jobs/OUfhWNY-software-engineer,Nira Energy,$170K - $210K,US / Remote (US)
Product Manager (Senior),https://www.ycombinator.com/companies/nira-energy/jobs/eJttpFf-product-manager-senior,Nira Energy,$190K - $210K,US / Remote (US)
Product Manager,https://www.ycombinator.com/companies/nira-energy/jobs/rcmNMF5-product-manager,Nira Energy,$170K - $190K,US / Remote (US)
Compliance and Operations Associate,https://www.ycombinator.com/companies/truss/jobs/B27qKYu-compliance-and-operations-associate,Truss,$111K - $141K,"San Francisco, CA"
Marketing & Operations Coordinator,https://www.ycombinator.com/companies/truss/jobs/immHcXY-marketing-operations-coordinator,Truss,$70K - $110K,"San Francisco, CA"
"Product Engineer, Full-stack (React + Python)",https://www.ycombinator.com/companies/mindfi/jobs/NW3k5c1-product-engineer-full-stack-react-python,Mindfi,$35K - $45K,IN / SG / AU / ID / MY / NZ / Remote (IN; SG; AU; ID; MY; NZ)
Product Lead - Autonomous Leadership for a new Product Line within a Series C Leader in Dental AI,https://www.ycombinator.com/companies/onestopkitchen/jobs/P51FjJf-product-lead-autonomous-leadership-for-a-new-product-line-within-a-series-c-leader-in-dental-ai,Onestopkitchen,$150K - $275K,"Palo Alto, CA, US"
Product Lead - Autonomous Leadership for a new Product Line within a Series C Leader in Dental AI,https://www.ycombinator.com/companies/onestopkitchen/jobs/Gq5ciNR-product-lead-autonomous-leadership-for-a-new-product-line-within-a-series-c-leader-in-dental-ai,Onestopkitchen,$150K - $275K,"Palo Alto, CA, US"
Software Engineer,https://www.ycombinator.com/companies/sigmaos/jobs/xWPRUbR-software-engineer,Sigmaos,$75.5K - $126K,"London, UK"
Cybersecurity Engineer,https://www.ycombinator.com/companies/testrigor/jobs/xsgbXLS-cybersecurity-engineer,Testrigor,$66K - $84K,US / Remote (US)
Technical Implementation Manager,https://www.ycombinator.com/companies/testrigor/jobs/obAnZIt-technical-implementation-manager,Testrigor,$73K - $85K,US / Remote (US)
Fullstack Java Developer,https://www.ycombinator.com/companies/testrigor/jobs/zma4IOA-fullstack-java-developer,Testrigor,$36K - $84K,Remote (US)
Loan executive / manager (Work with founders),https://www.ycombinator.com/companies/enerjazz/jobs/d0WU0Ez-loan-executive-manager-work-with-founders,Enerjazz,₹240K - ₹600K INR,"Noida, UP, IN"
Operations Manager (Work with founders),https://www.ycombinator.com/companies/enerjazz/jobs/I0YwegI-operations-manager-work-with-founders,Enerjazz,₹300K - ₹600K INR,"Noida, UP, IN"
Engineering Trainee (Work with founders),https://www.ycombinator.com/companies/enerjazz/jobs/mH4Xzdi-engineering-trainee-work-with-founders,Enerjazz,₹200K - ₹360K INR,"Noida, UP, IN"
Production Manager Trainee (Work with founders),https://www.ycombinator.com/companies/enerjazz/jobs/hZR4WiO-production-manager-trainee-work-with-founders,Enerjazz,₹120K - ₹360K INR,"Noida, UP, IN"
Management Trainee (work with founders),https://www.ycombinator.com/companies/enerjazz/jobs/3G4GggS-management-trainee-work-with-founders,Enerjazz,₹240K - ₹480K INR,"Noida, UP, IN"
Collection Executive,https://www.ycombinator.com/companies/enerjazz/jobs/gr3i7bR-collection-executive,Enerjazz,₹180K - ₹420K INR,"Noida, UP, IN / Ghaziabad, UP, IN / DL, IN / Greater Noida, UP, IN / Faridabad, HR, IN"
Admin executive/ Manager,https://www.ycombinator.com/companies/enerjazz/jobs/xk8TEDr-admin-executive-manager,Enerjazz,₹20K - ₹50K INR,"Noida, UP, IN"
HR Executive/Manager,https://www.ycombinator.com/companies/enerjazz/jobs/FgVbAE3-hr-executive-manager,Enerjazz,₹20K - ₹60K INR,"Noida, UP, IN"
Phone Sales,https://www.ycombinator.com/companies/enerjazz/jobs/Lq3niKT-phone-sales,Enerjazz,₹180K - ₹300K INR,"Noida, UP, IN"
Field Sales Executive/Manager,https://www.ycombinator.com/companies/enerjazz/jobs/BHTiGPw-field-sales-executive-manager,Enerjazz,₹180K - ₹300K INR,"Noida, UP, IN / Ghaziabad, UP, IN / DL, IN"
Sales Manager,https://www.ycombinator.com/companies/enerjazz/jobs/su9LANI-sales-manager,Enerjazz,₹700K - ₹2M INR,"Noida, UP, IN / DL, IN"
Sr. Manager/Manager Business role,https://www.ycombinator.com/companies/enerjazz/jobs/HiQDgx8-sr-manager-manager-business-role,Enerjazz,₹1M - ₹2.4M INR,"Noida, UP, IN / Noida, Uttar Pradesh, IN"
"Software Engineer, React Native (Mobile)",https://www.ycombinator.com/companies/bree/jobs/fHGAxiQ-software-engineer-react-native-mobile,Bree,$100 - $160 CAD,"Toronto, ON, CA / Remote (CA)"
Head of Marketing,https://www.ycombinator.com/companies/bree/jobs/luS69by-head-of-marketing,Bree,$100K - $200K,Remote (US; CA)
Senior Full Stack Engineer,https://www.ycombinator.com/companies/bree/jobs/MouBZYM-senior-full-stack-engineer,Bree,$100 - $160 CAD,"Vancouver, BC, CA / Remote (CA)"
Software Engineer (Full Stack),https://www.ycombinator.com/companies/repool/jobs/XnYFSvH-software-engineer-full-stack,Repool,$125K - $145K,"Oakland, CA, US"
Senior Software Engineer (Full Stack),https://www.ycombinator.com/companies/repool/jobs/Y98wJAC-senior-software-engineer-full-stack,Repool,$145K - $175K,"Oakland, CA, US"
"Lead Registered Dental Hygienist (RDH) - San Francisco, California",https://www.ycombinator.com/companies/rinse/jobs/HftV3zx-lead-registered-dental-hygienist-rdh-san-francisco-california,Rinse,$75 - $85,"San Francisco, CA, US"
Tech Lead,https://www.ycombinator.com/companies/salarybox/jobs/8SN9dMJ-tech-lead,Salarybox,6+ years,"Gurugram, HR, IN"
Sr. Backend developer,https://www.ycombinator.com/companies/salarybox/jobs/ovm22lL-sr-backend-developer,Salarybox,3+ years,"Gurugram, HR, IN"
Backend Engineer,https://www.ycombinator.com/companies/salarybox/jobs/1l3bmzI-backend-engineer,Salarybox,1+ years,"Gurugram, HR, IN"
Frontend Engineer,https://www.ycombinator.com/companies/salarybox/jobs/lGVALea-frontend-engineer,Salarybox,1+ years,"Gurugram, HR, IN"
Sr. Manager- Inside Sales,https://www.ycombinator.com/companies/salarybox/jobs/6k9KfXt-sr-manager-inside-sales,Salarybox,6+ years,"Gurugram, HR, IN"
Sr. Frontend Developer,https://www.ycombinator.com/companies/salarybox/jobs/hCPfCGI-sr-frontend-developer,Salarybox,3+ years,"Gurugram, HR, IN"
Marketing Lead,https://www.ycombinator.com/companies/salarybox/jobs/QjASKNX-marketing-lead,Salarybox,6+ years,"Gurugram, HR, IN"
Performance Marketing Manager,https://www.ycombinator.com/companies/salarybox/jobs/WK0SI6I-performance-marketing-manager,Salarybox,3+ years,"Gurugram, HR, IN"
Sr. iOS Engineer,https://www.ycombinator.com/companies/salarybox/jobs/mtS3ZOS-sr-ios-engineer,Salarybox,3+ years,"Gurugram, HR, IN"
Senior Backend Engineer,https://www.ycombinator.com/companies/salarybox/jobs/H0pJkjC-senior-backend-engineer,Salarybox,3+ years,"Gurugram, HR, IN"
Android Engineer,https://www.ycombinator.com/companies/salarybox/jobs/1weGHfs-android-engineer,Salarybox,3+ years,"Gurugram, HR, IN"
Product Marketing Manager,https://www.ycombinator.com/companies/salarybox/jobs/BMd1B4a-product-marketing-manager,Salarybox,3+ years,"Gurugram, HR, IN"
Inside Sales - Manager,https://www.ycombinator.com/companies/salarybox/jobs/0QlUPth-inside-sales-manager,Salarybox,6+ years,"Gurugram, HR, IN"
Product Designer,https://www.ycombinator.com/companies/salarybox/jobs/5buvZHW-product-designer,Salarybox,3+ years,"Delhi, Gurgaon"
Software Engineer: Full Stack,https://www.ycombinator.com/companies/tarsal/jobs/t5khfyZ-software-engineer-full-stack,Tarsal,$130K - $200K,"New York, NY, US / Remote (US)"
Software Engineer: Backend,https://www.ycombinator.com/companies/tarsal/jobs/jqvQvta-software-engineer-backend,Tarsal,$130K - $215K,"New York, NY, US / Remote (US)"
Graphic Designer - Digital Marketing,https://www.ycombinator.com/companies/kaya/jobs/b59XIqY-graphic-designer-digital-marketing,Kaya,Any (new grads ok),IN / SG / MY / PH / KR / TW / Remote (IN; SG; MY; PH; KR; TW)
Software Engineer - Front End,https://www.ycombinator.com/companies/kaya/jobs/R3Jt8Du-software-engineer-front-end,Kaya,3+ years,"Kuala Lumpur, Federal Territory of Kuala Lumpur, MY / Remote (MY)"
Founding Product Manager,https://www.ycombinator.com/companies/secoda/jobs/P10sqo6-founding-product-manager,Secoda,,Hybrid in Toronto
Technical Sales Engineer,https://www.ycombinator.com/companies/secoda/jobs/OmJx8Ay-technical-sales-engineer,Secoda,,Hybrid In Toronto / Remote (US/CA) / Remote (US)
"Quality Assurance Engineer, Manual",https://www.ycombinator.com/companies/secoda/jobs/ABwrzrV-quality-assurance-engineer-manual,Secoda,,Hybrid in Toronto
Product Manager,https://www.ycombinator.com/companies/secoda/jobs/ssibsro-product-manager,Secoda,,Hybrid in Toronto
Developer Relations,https://www.ycombinator.com/companies/secoda/jobs/KCCgRkr-developer-relations,Secoda,$90 - $130K CAD,Hybrid In Toronto / Remote (US/CA) / Remote (CA; US)
Partnerships,https://www.ycombinator.com/companies/secoda/jobs/Lv8f0ta-partnerships,Secoda,$80K - $130K CAD,"Toronto, ON, CA"
Accountant,https://www.ycombinator.com/companies/pirouette-pharma/jobs/ip9PFq5-accountant,Pirouette Pharma,$75K - $86K,"Portsmouth, NH"
Full Stack Software Engineer,https://www.ycombinator.com/companies/kodex/jobs/nNKB6b5-full-stack-software-engineer,Kodex,$130K - $230K,US / Remote (US)
Sales Development Representative,https://www.ycombinator.com/companies/safebeat/jobs/htd0RN0-sales-development-representative,Safebeat,$45K - $95K,"Remote (US; San Francisco, CA, US; Atlanta, GA, US; Austin, TX, US; Chicago, IL, US; New York, NY, US; Miami, FL, US; Philadelphia, PA, US; Memphis, TN, US; Detroit, MI, US)"
Full Stack Engineer,https://www.ycombinator.com/companies/safebeat/jobs/d3UljE9-full-stack-engineer,Safebeat,$100K - $150K,"San Francisco, CA, US / Remote (US)"
Solution Engineer,https://www.ycombinator.com/companies/tavus/jobs/QVp8AQM-solution-engineer,Tavus,$125K - $175K,"San Francisco, CA, US / Remote (US)"
Sr. Data Engineer,https://www.ycombinator.com/companies/tavus/jobs/l1mQnQJ-sr-data-engineer,Tavus,$150K - $200K,"San Francisco, CA, US / Remote"
Growth Marketer,https://www.ycombinator.com/companies/tavus/jobs/xVaNvpS-growth-marketer,Tavus,$140K - $200K,Hybrid - San Francisco / Remote
Software Engineer (ML),https://www.ycombinator.com/companies/tavus/jobs/5QGNz5K-software-engineer-ml,Tavus,$150K - $250K,"San Francisco, CA, US / Remote (US)"
AI Research Scientist,https://www.ycombinator.com/companies/tavus/jobs/zHWJSMt-ai-research-scientist,Tavus,$160K - $250K,"San Francisco, CA, US / Remote"
Growth iOS Swift Engineer,https://www.ycombinator.com/companies/posturehealth-inc/jobs/eCxKAhq-growth-ios-swift-engineer,Posturehealth Inc,$100K - $200K,"San Francisco, California"
Full-stack Developer,https://www.ycombinator.com/companies/patterns/jobs/gwGsdYM-full-stack-developer,Patterns,$120K - $180K,"San Francisco, CA / Remote (US)"
AI Engineer,https://www.ycombinator.com/companies/patterns/jobs/tsjFZP0-ai-engineer,Patterns,$120K - $180K,"San Francisco, CA"
Frontend Engineer ,https://www.ycombinator.com/companies/forage-2/jobs/ZVJ7NnN-frontend-engineer,Forage 2,$130K - $175K,"San Francisco, CA (Hybrid)  / Remote (US; CA)"
Staff Software Engineer ,https://www.ycombinator.com/companies/forage-2/jobs/Mt53IM7-staff-software-engineer,Forage 2,$185K - $225K,"San Francisco, CA (Hybrid)  / Remote (US; CA)"
Software Engineer ,https://www.ycombinator.com/companies/forage-2/jobs/il3SCHy-software-engineer,Forage 2,$125K - $160K,"San Francisco, CA (Hybrid)  / Remote (US)"
Senior Software Engineer ,https://www.ycombinator.com/companies/forage-2/jobs/P7TCYDf-senior-software-engineer,Forage 2,$140K - $185K,"San Francisco, CA (Hybrid)  / Remote (US)"
Fullstack Engineer ,https://www.ycombinator.com/companies/forage-2/jobs/L2tsWKS-fullstack-engineer,Forage 2,$140K - $185K,"San Francisco, CA (Hybrid)  / Remote (US)"
"Solutions Engineer, Pre-Sales",https://www.ycombinator.com/companies/forage-2/jobs/OIgSdBb-solutions-engineer-pre-sales,Forage 2,$140K - $180K,"San Francisco, CA (Hybrid) "
Talent Partner & Office Operations ,https://www.ycombinator.com/companies/forage-2/jobs/CB2rirs-talent-partner-office-operations,Forage 2,$95K - $115K,"San Francisco, CA (Hybrid)  / San Francisco, CA, US"
Chief of Staff ,https://www.ycombinator.com/companies/forage-2/jobs/c02DfPF-chief-of-staff,Forage 2,$140K - $170K,"San Francisco, CA, US"
Product Design Lead,https://www.ycombinator.com/companies/forage-2/jobs/tvmRLrA-product-design-lead,Forage 2,$150K - $195K,Remote - North America / Remote (US; MX; CA)
Merchant Operations Manager,https://www.ycombinator.com/companies/forage-2/jobs/XRtY2j9-merchant-operations-manager,Forage 2,$65K - $95K,Remote - North America / Remote (US)
Technical Account Executive,https://www.ycombinator.com/companies/lago/jobs/gsN3rQG-technical-account-executive,Lago,$80K - $300K,"Paris, France / San Francisco, CA, US"
Former Founders - GTM,https://www.ycombinator.com/companies/lago/jobs/Gs4lsze-former-founders-gtm,Lago,,"Remote, Europe / Remote (US)"
Senior Mobile Fullstack developer,https://www.ycombinator.com/companies/union54/jobs/C3CrdQa-senior-mobile-fullstack-developer,Union54,6+ years,Remote
Chief Marketing Officer,https://www.ycombinator.com/companies/union54/jobs/gK66lQp-chief-marketing-officer,Union54,6+ years,Remote
Human Resources Business Partner - Lead/Manager,https://www.ycombinator.com/companies/anakin/jobs/wd4aXtV-human-resources-business-partner-lead-manager,Anakin,6+ years,"Bengaluru, KA, IN"
Sales Development Representative (SDR),https://www.ycombinator.com/companies/anakin/jobs/IYB6ecc-sales-development-representative-sdr,Anakin,₹600K - ₹1.2M INR,"Bengaluru, KA, IN"
Lead Software Engineer,https://www.ycombinator.com/companies/anakin/jobs/sgILmmi-lead-software-engineer,Anakin,6+ years,"Bengaluru, KA, IN"
Protein Scientist (Ph.D. Required),https://www.ycombinator.com/companies/epinoma/jobs/wBZEp1Y-protein-scientist-ph-d-required,Epinoma,$90K - $125K,"San Carlos, CA"
Therapeutic Research Associate,https://www.ycombinator.com/companies/epinoma/jobs/GRT7VJ4-therapeutic-research-associate,Epinoma,$70K - $95K,"San Carlos, California"
Senior Product Designer,https://www.ycombinator.com/companies/keeper/jobs/IXHue8x-senior-product-designer,Keeper,$100 - $150,CA / US / Remote (CA; US)
Implementation Specialist,https://www.ycombinator.com/companies/keeper/jobs/16XGWcv-implementation-specialist,Keeper,$70K - $90K,"Austin, TX, US / Remote (US; CA)"
Engineering Manager,https://www.ycombinator.com/companies/keeper/jobs/F5TTJVg-engineering-manager,Keeper,$100K - $200K,CA / AR / BR / UY / US / Remote (CA; AR; BR; UY; US)
Customer Success Manager,https://www.ycombinator.com/companies/keeper/jobs/3bgXiZT-customer-success-manager,Keeper,$80K - $100K,Austin Office (or Remote) / Remote (USA; CA; US)
Growth Lead,https://www.ycombinator.com/companies/keeper/jobs/QIOYnZK-growth-lead,Keeper,$150K - $250K,Austin Office (or Remote) / Remote (US; CA)
Account Executive,https://www.ycombinator.com/companies/keeper/jobs/R0LqzcN-account-executive,Keeper,$120K - $150K,Austin Office (or Remote) / Remote (CA; US)
Sales Development Representative,https://www.ycombinator.com/companies/keeper/jobs/y6QI5sp-sales-development-representative,Keeper,$74K,"Austin, TX, US / Remote (CA; US)"
Senior Fullstack Engineer,https://www.ycombinator.com/companies/keeper/jobs/fLwv59z-senior-fullstack-engineer,Keeper,$100K - $160K,UY / AR / BR / CA / Remote (UY; AR; BR; CA)
"Mandarin, Korean & Japanese Speaking Sales Agent  | Coding school for kids",https://www.ycombinator.com/companies/strive-math/jobs/UPXiccJ-mandarin-korean-japanese-speaking-sales-agent-coding-school-for-kids,Strive Math,$21.7K - $36.1K,Remote
Sales and Business Development,https://www.ycombinator.com/companies/strive-math/jobs/qr7DbHg-sales-and-business-development,Strive Math,$7.14K - $17.8K,PH / IN / Remote (PH; IN)
Part-time: Coding teacher | Extracurricular coding classes for kids (Singapore),https://www.ycombinator.com/companies/strive-math/jobs/2VUzyKQ-part-time-coding-teacher-extracurricular-coding-classes-for-kids-singapore,Strive Math,$5.7K - $12K,SG
AI Prompt Engineer & Customer Success Specialist,https://www.ycombinator.com/companies/mobileboost/jobs/FJwT7Am-ai-prompt-engineer-customer-success-specialist,Mobileboost,$20K - $24K,Remote
Flutter Developer,https://www.ycombinator.com/companies/neodocs/jobs/DdBrlSA-flutter-developer,Neodocs,₹1.2M - ₹1.4M INR,"Mumbai, MH, IN"
Business Development Associate,https://www.ycombinator.com/companies/algouniversity/jobs/jY5SSl3-business-development-associate,Algouniversity,₹600K - ₹1.5M INR,"Hyderabad, Telangana, India"
Visual Communication Designer,https://www.ycombinator.com/companies/algouniversity/jobs/isWWKrR-visual-communication-designer,Algouniversity,₹300K - ₹1M INR,"Hyderabad, TS, IN / Remote"
Digital Marketing Specialist,https://www.ycombinator.com/companies/algouniversity/jobs/DCjjTNN-digital-marketing-specialist,Algouniversity,₹300K - ₹1M INR,"Hyderabad, TS, IN"
UI/UX Designer at AlgoUniversity (YC S21),https://www.ycombinator.com/companies/algouniversity/jobs/jLmfaYI-ui-ux-designer-at-algouniversity-yc-s21,Algouniversity,₹300K - ₹1M INR,"Hyderabad, TS, IN / Remote"
Problem Setting Intern,https://www.ycombinator.com/companies/algouniversity/jobs/y9dp9E4-problem-setting-intern,Algouniversity,Any (new grads ok),"Hyderabad, Telangana, India / Remote (US)"
"Sales Executive, GTM Strategy (Intern)",https://www.ycombinator.com/companies/algouniversity/jobs/JE7sPTw-sales-executive-gtm-strategy-intern,Algouniversity,Any,"Hyderabad, Telangana, India / Remote"
CEO's Office,https://www.ycombinator.com/companies/algouniversity/jobs/NvJtiyq-ceo-s-office,Algouniversity,₹400K - ₹1M INR,"Hyderabad, Telangana, India"
Full Stack Development Engineer (Work from Office),https://www.ycombinator.com/companies/algouniversity/jobs/T0CJpBO-full-stack-development-engineer-work-from-office,Algouniversity,₹1M - ₹2.4M INR,Hyderabad
Marketing Intern,https://www.ycombinator.com/companies/swipe-2/jobs/hNNMnXo-marketing-intern,Swipe 2,₹18K - ₹20K INR,"Hyderabad, Telangana, IN"
Video Editor Intern,https://www.ycombinator.com/companies/swipe-2/jobs/rYD3qqn-video-editor-intern,Swipe 2,₹15K - ₹20K INR,"Hyderabad, TS, IN / Hyderabad, Telangana, IN"
Motion Graphics Internship,https://www.ycombinator.com/companies/swipe-2/jobs/5XbzCvE-motion-graphics-internship,Swipe 2,₹180K - ₹240K INR,"Hyderabad, TS, IN / Hyderabad, Telangana, IN"
Customer Success (Tamil),https://www.ycombinator.com/companies/swipe-2/jobs/KKPZgHo-customer-success-tamil,Swipe 2,₹400K - ₹700K INR,"Hyderabad, TS, IN"
Inside Sales Associate ,https://www.ycombinator.com/companies/swipe-2/jobs/nteKF1d-inside-sales-associate,Swipe 2,₹500K - ₹800K INR,"Hyderabad, TS, IN"
Tally Developer ,https://www.ycombinator.com/companies/swipe-2/jobs/Dzf0p2o-tally-developer,Swipe 2,₹450K - ₹600K INR,"Hyderabad, TS, IN"
"Android, Intern - Onsite Hyderabad",https://www.ycombinator.com/companies/swipe-2/jobs/vprs8lO-android-intern-onsite-hyderabad,Swipe 2,₹300K - ₹450K INR,"Hyderabad, TS, IN"
Backend Engineer - Python,https://www.ycombinator.com/companies/rivia-ai/jobs/34dtQyI-backend-engineer-python,Rivia Ai,₹2M - ₹4M INR,"Bengaluru, KA, IN"
Founding AI / ML Lead,https://www.ycombinator.com/companies/confido/jobs/UWw0IcH-founding-ai-ml-lead,Confido,$215K - $265K,"New York, NY, US"
Founding Senior/Staff Designer,https://www.ycombinator.com/companies/confido/jobs/c3FQJmj-founding-senior-staff-designer,Confido,$165K - $205K,"New York, NY, US"
Senior Sales Development Representative ,https://www.ycombinator.com/companies/confido/jobs/NBATecr-senior-sales-development-representative,Confido,$90K - $110K,"New York, NY, US"
Founding Senior Engineer ,https://www.ycombinator.com/companies/confido/jobs/1KJFsL9-founding-senior-engineer,Confido,$185K - $215K,"New York, NY, US"
Founding Engineer ,https://www.ycombinator.com/companies/confido/jobs/OPvFJVm-founding-engineer,Confido,$145K - $185K,"New York, NY, US"
Founding Senior AE,https://www.ycombinator.com/companies/confido/jobs/j2E13n6-founding-senior-ae,Confido,$250K - $300K,"New York, NY, US"
Senior Accountant,https://www.ycombinator.com/companies/deed/jobs/WssQXWw-senior-accountant,Deed,$85K - $105K,"New York, NY, US / Remote (NY, US)"
"Senior Data Engineer (Berlin,Germany based)",https://www.ycombinator.com/companies/deed/jobs/x3WqIPQ-senior-data-engineer-berlin-germany-based,Deed,€85K - €100K EUR,"Berlin, BE, DE"
Senior Full Stack Engineer,https://www.ycombinator.com/companies/deed/jobs/ZhhxN5V-senior-full-stack-engineer,Deed,€85K - €100K EUR,"Berlin, BE, DE"
Senior Implementation Engineer,https://www.ycombinator.com/companies/deed/jobs/lwok8uY-senior-implementation-engineer,Deed,$85K - $100K,"New York, NY / Remote (New York, NY, US)"
Battery Modelling Intern,https://www.ycombinator.com/companies/coulomb-ai/jobs/Y65PGEG-battery-modelling-intern,Coulomb Ai,₹10K - ₹20K INR,Remote
Product Design Intern,https://www.ycombinator.com/companies/coulomb-ai/jobs/Qtbm3xO-product-design-intern,Coulomb Ai,₹10K - ₹20K INR,Remote
Battery Modelling Engineer,https://www.ycombinator.com/companies/coulomb-ai/jobs/CpMOIfa-battery-modelling-engineer,Coulomb Ai,$10K - $14K,Bangalore
Senior Backend Engineer,https://www.ycombinator.com/companies/coulomb-ai/jobs/uIDNDlU-senior-backend-engineer,Coulomb Ai,$30K - $40K,Bangalore
Senior Frontend Developer,https://www.ycombinator.com/companies/coulomb-ai/jobs/exGBsfr-senior-frontend-developer,Coulomb Ai,$30K - $40K,Bangalore
Principal Software Engineer (Backend),https://www.ycombinator.com/companies/koshex/jobs/SHAO6Ql-principal-software-engineer-backend,Koshex,₹1.5M - ₹2.5M INR,Bangalore
Senior Backend Engineer - AI,https://www.ycombinator.com/companies/affogato-ai/jobs/j0BCeNn-senior-backend-engineer-ai,Affogato Ai,$50K - $100K,"Bengaluru, KA, IN / KA, IN"
PCB Designer,https://www.ycombinator.com/companies/kalam-labs/jobs/bSTRRpE-pcb-designer,Kalam Labs,₹720K - ₹1M INR,"Lucknow, UP, IN"
Control System Engineer,https://www.ycombinator.com/companies/kalam-labs/jobs/HX9RL60-control-system-engineer,Kalam Labs,₹800K - ₹1.4M INR,"Lucknow, UP, IN"
"Sales Lead, Go-To-Market ",https://www.ycombinator.com/companies/levro/jobs/ZWtMuHK-sales-lead-go-to-market,Levro,$100K - $200K,"San Francisco, CA / New York, NY, US"
Product Marketing Lead,https://www.ycombinator.com/companies/levro/jobs/EtHcQk0-product-marketing-lead,Levro,$100K - $150K,"San Francisco, CA, US / New York, NY, US"
Fullstack Engineer,https://www.ycombinator.com/companies/levro/jobs/lLZ0UuV-fullstack-engineer,Levro,$110K - $180K,"San Francisco, CA, US"
Senior Backend Engineer,https://www.ycombinator.com/companies/karbon-card/jobs/XOtceSN-senior-backend-engineer,Karbon Card,₹3M - ₹4.5M INR,"Bengaluru, KA, IN"
Digital Marketing Specialist,https://www.ycombinator.com/companies/karbon-card/jobs/cMHZ3Wm-digital-marketing-specialist,Karbon Card,₹800K - ₹1.4M INR,"Bengaluru, KA, IN"
Senior DevOps Engineer ,https://www.ycombinator.com/companies/karbon-card/jobs/SbhhG0G-senior-devops-engineer,Karbon Card,₹2.5M - ₹3.5M INR,"Bengaluru, KA, IN"
Senior Backend Engineer,https://www.ycombinator.com/companies/replo/jobs/pyCiG9M-senior-backend-engineer,Replo,,San Francisco
Software Engineer (Full-Stack),https://www.ycombinator.com/companies/replo/jobs/YcMC1B8-software-engineer-full-stack,Replo,,San Francisco
Enterprise Account Executive ,https://www.ycombinator.com/companies/rootly/jobs/XUwHm6g-enterprise-account-executive,Rootly,$110K - $160K CAD,"Toronto, ON, CA / Denver, CO, US / Remote (Toronto, ON, CA)"
Senior Solutions Engineer,https://www.ycombinator.com/companies/rootly/jobs/dZOZACa-senior-solutions-engineer,Rootly,,Remote in North America / Remote (US)
Senior Software Engineer - Ruby on Rails (Europe),https://www.ycombinator.com/companies/rootly/jobs/o0bfbvj-senior-software-engineer-ruby-on-rails-europe,Rootly,,Remote in Europe / Remote (US)
Senior Software Engineer - Ruby on Rails,https://www.ycombinator.com/companies/rootly/jobs/WHc10YO-senior-software-engineer-ruby-on-rails,Rootly,,Remote in North America / Remote (US)
Senior Product Designer (Founding Team),https://www.ycombinator.com/companies/rootly/jobs/8hs7ilP-senior-product-designer-founding-team,Rootly,$80 - $160K,"Remote (Toronto, ON, CA)"
Sr Software Engineer,https://www.ycombinator.com/companies/baraka/jobs/i5coaKk-sr-software-engineer,Baraka,3+ years,Dubai / Remote
KYC/Compliance Advisor,https://www.ycombinator.com/companies/varos/jobs/FS1Xp3n-kyc-compliance-advisor,Varos,$20K - $40K,Remote (US)
Senior Full Stack Engineer (AI-Enabled),https://www.ycombinator.com/companies/varos/jobs/EgCh8KE-senior-full-stack-engineer-ai-enabled,Varos,$120K - $210K,"Tel Aviv-Yafo, Tel Aviv District, IL / Remote (US)"
AI Engineer,https://www.ycombinator.com/companies/varos/jobs/dPdHycX-ai-engineer,Varos,$100K - $200K,"Tel Aviv-Yafo, Tel Aviv District, IL / Remote (US)"
Sales Development Representative (SDR),https://www.ycombinator.com/companies/varos/jobs/1Rrb3X7-sales-development-representative-sdr,Varos,$60K - $80K,US / Remote (US)
Senior Analytics Engineer,https://www.ycombinator.com/companies/varos/jobs/iv8SZ4m-senior-analytics-engineer,Varos,$90K - $130K,Remote (US)
Full Stack Software Engineer,https://www.ycombinator.com/companies/carbonfact/jobs/rDw8WCL-full-stack-software-engineer,Carbonfact,€50K - €65K EUR,"Paris, Île-de-France, FR"
Full-Stack Data Scientist (remote possible),https://www.ycombinator.com/companies/carbonfact/jobs/5a7fzP1-full-stack-data-scientist-remote-possible,Carbonfact,€59 - €78 EUR,"Paris, IDF, FR / Amsterdam, NH, NL / Barcelona, CT, ES / Remote (Paris, IDF, FR; ES; FR; GB; DE; NL; CH; IT; DK)"
Data Engineer,https://www.ycombinator.com/companies/hive-health/jobs/9f1eFy5-data-engineer,Hive Health,3+ years,"Manila, NCR, PH"
Software Engineer,https://www.ycombinator.com/companies/hive-health/jobs/DyRrBS5-software-engineer,Hive Health,3+ years,"Manila, NCR, PH"
Motion Planning & Controls Intern,https://www.ycombinator.com/companies/odys-aviation/jobs/FkbNPMb-motion-planning-controls-intern,Odys Aviation,$25 - $35,Long Beach CA
Electrical Engineering Intern,https://www.ycombinator.com/companies/odys-aviation/jobs/fq10NQd-electrical-engineering-intern,Odys Aviation,$25,Long Beach CA
Flight Dynamics & Controls Engineer,https://www.ycombinator.com/companies/odys-aviation/jobs/VtX1VRB-flight-dynamics-controls-engineer,Odys Aviation,$120 - $150,Long Beach CA
"Growth Product Manager (YC S21, $1m+ ARR)",https://www.ycombinator.com/companies/legion-health/jobs/6kRPSeI-growth-product-manager-yc-s21-1m-arr,Legion Health,$110K - $160K,"San Francisco, CA, US"
"Founding Engineer—Build AI-Native Ops for Mental Health (YC S21, $1M+ ARR)",https://www.ycombinator.com/companies/legion-health/jobs/mqDWIWN-founding-engineer-build-ai-native-ops-for-mental-health-yc-s21-1m-arr,Legion Health,$120K - $180K,"San Francisco, CA, US"
AI/ML Engineer 🧠 (LLM Optimization & AI-Driven Workflows),https://www.ycombinator.com/companies/legion-health/jobs/26GxO6f-ai-ml-engineer-llm-optimization-ai-driven-workflows,Legion Health,$120K - $180K,"San Francisco, CA, US"
"Senior Front-End Engineer 🎨 (Next.js 15, AI-Enhanced UX)",https://www.ycombinator.com/companies/legion-health/jobs/JHO55xT-senior-front-end-engineer-next-js-15-ai-enhanced-ux,Legion Health,$120K - $180K,"San Francisco, CA, US"
"Senior Backend Engineer 💻 (Event-Driven Architecture, AI-Enabled Systems)",https://www.ycombinator.com/companies/legion-health/jobs/3pA8uX7-senior-backend-engineer-event-driven-architecture-ai-enabled-systems,Legion Health,$120K - $180K,"San Francisco, CA, US"
Founding SDR,https://www.ycombinator.com/companies/hotglue/jobs/am92zJa-founding-sdr,Hotglue,$60K - $75K,"Washington, DC, US / Remote (US)"
Integrations Engineer,https://www.ycombinator.com/companies/hotglue/jobs/RccirOQ-integrations-engineer,Hotglue,$50K - $85K,BR / CO / PE / AR / Remote (BR; CO; PE; AR)
Business Development Representative | Founding Role,https://www.ycombinator.com/companies/positional/jobs/RYrH4l3-business-development-representative-founding-role,Positional,1+ years,United States / Remote (United States)
eBPF & Kernel Engineer,https://www.ycombinator.com/companies/positional/jobs/Uk64STW-ebpf-kernel-engineer,Positional,3+ years,"Hoboken, NJ / Remote (US)"
Social Media Marketing Intern - Content Creator,https://www.ycombinator.com/companies/agape/jobs/FoOZP9O-social-media-marketing-intern-content-creator,Agape,$17 - $25,US / Remote (US)
Executive Assistant to the Founders,https://www.ycombinator.com/companies/reframe/jobs/I2K9Bq8-executive-assistant-to-the-founders,Reframe,$70K - $90K,"Atlanta, GA, US"
Product Designer,https://www.ycombinator.com/companies/reframe/jobs/KyHi4GT-product-designer,Reframe,$70K - $120K,"Atlanta, GA, US"
Data Scientist,https://www.ycombinator.com/companies/reframe/jobs/2dqWwjf-data-scientist,Reframe,$142K - $200K,"Atlanta, GA, US / Remote (US)"
Content Writer,https://www.ycombinator.com/companies/reframe/jobs/OXcicUN-content-writer,Reframe,$60K - $90K,"Atlanta, GA, US"
Product Designer,https://www.ycombinator.com/companies/reframe/jobs/4PA8ThD-product-designer,Reframe,$70K - $120K,"Atlanta, GA, US"
Android Engineer,https://www.ycombinator.com/companies/reframe/jobs/AfrDpVP-android-engineer,Reframe,3+ years,US / Remote (US)
Product Manager,https://www.ycombinator.com/companies/reframe/jobs/UyM6sgD-product-manager,Reframe,$90K - $120K,"Alpharetta, GA, US / Atlanta, GA, US"
iOS Engineer,https://www.ycombinator.com/companies/reframe/jobs/98Lvm0g-ios-engineer,Reframe,$100K - $170K,"Atlanta, GA / Remote (US)"
Software Engineer (Remote),https://www.ycombinator.com/companies/epsilon3-inc/jobs/VU9byOP-software-engineer-remote,Epsilon3 Inc,$120K - $175K,US / Remote (US)
Product Growth Manager (Activation & Expansion),https://www.ycombinator.com/companies/slope/jobs/DPQWFZw-product-growth-manager-activation-expansion,Slope,$180K - $250K,San Francisco
Data Scientist - Growth,https://www.ycombinator.com/companies/slope/jobs/peisG5C-data-scientist-growth,Slope,$100K - $200K,San Francisco
Software Engineer (Fullstack) - All Levels,https://www.ycombinator.com/companies/slope/jobs/MhPIvEi-software-engineer-fullstack-all-levels,Slope,$100K - $250K,"San Francisco, CA"
Senior Backend Engineer,https://www.ycombinator.com/companies/openlayer/jobs/yIE9WI3-senior-backend-engineer,Openlayer,$160K - $220K,"San Francisco, CA, US / New York, NY, US / Remote (US)"
Software Engineer,https://www.ycombinator.com/companies/palettehq/jobs/xLrlp89-software-engineer,Palettehq,€45K - €100K EUR,"Paris, IDF, FR"
Open position - wildcard,https://www.ycombinator.com/companies/palettehq/jobs/qCyvrN9-open-position-wildcard,Palettehq,€40K - €90K EUR,"Paris, IDF, FR"
Data Engineer,https://www.ycombinator.com/companies/terra-api/jobs/GRoh2oB-data-engineer,Terra Api,£33K - £80K GBP,"London, England, GB"
Security Engineer,https://www.ycombinator.com/companies/terra-api/jobs/yfTZ1zd-security-engineer,Terra Api,£33K - £80K GBP,"London, England, GB"
Frontend Engineer,https://www.ycombinator.com/companies/terra-api/jobs/8DAaBMS-frontend-engineer,Terra Api,£33K - £80K GBP,"London, England, GB"
Backend Engineer,https://www.ycombinator.com/companies/terra-api/jobs/ddDznlp-backend-engineer,Terra Api,£33K - £80K GBP,"London, England, GB"
DevOps Engineer,https://www.ycombinator.com/companies/terra-api/jobs/gtQJIIS-devops-engineer,Terra Api,£33 - £80 GBP,"London, England, GB"
Customer Success,https://www.ycombinator.com/companies/terra-api/jobs/g1Ullty-customer-success,Terra Api,$50K - $120K,"San Francisco, CA, US"
Product Designer,https://www.ycombinator.com/companies/terra-api/jobs/hPx0vEm-product-designer,Terra Api,£30K - £60K GBP,"London, England, GB"
Sales Strategist,https://www.ycombinator.com/companies/terra-api/jobs/4QSWmBq-sales-strategist,Terra Api,$50K - $150K,"London, England, GB"
AI Engineer,https://www.ycombinator.com/companies/terra-api/jobs/0f5CP0r-ai-engineer,Terra Api,$50K - $120K,"London, England, GB"
Software Engineer,https://www.ycombinator.com/companies/terra-api/jobs/QX8I6M5-software-engineer,Terra Api,$50K - $200K,"London, UK"
Founders Associate,https://www.ycombinator.com/companies/terra-api/jobs/NGbGJeN-founders-associate,Terra Api,$40K - $120K,"London, UK"
Full stack Software Engineer,https://www.ycombinator.com/companies/shepherd/jobs/ByfgDqG-full-stack-software-engineer,Shepherd,$120K - $180K,San Francisco
Senior Account Executive (SMB),https://www.ycombinator.com/companies/swiftsku/jobs/FYRif1G-senior-account-executive-smb,Swiftsku,$70K - $180K,"New York, NY, US"
Founding Marketing Member,https://www.ycombinator.com/companies/swiftsku/jobs/NDEBx0g-founding-marketing-member,Swiftsku,$80K - $140K,"New York, NY, US"
Strategy & Ops,https://www.ycombinator.com/companies/triomics/jobs/EAZqjIc-strategy-ops,Triomics,$80K - $110K,"San Francisco, CA, US"
"Director, Partnerships (Providers)",https://www.ycombinator.com/companies/triomics/jobs/6OXbOx3-director-partnerships-providers,Triomics,$90K - $145K,"San Francisco, CA, US / Remote (New York, NY, US; Boston, MA, US; Atlanta, GA, US)"
"Lead Research Scientist, NLP",https://www.ycombinator.com/companies/triomics/jobs/hluVIla-lead-research-scientist-nlp,Triomics,$350K - $450K,"San Francisco, CA, US / Remote (US)"
Account Executive (Hunter Role) - KYC/AML Infrastructure,https://www.ycombinator.com/companies/authologic/jobs/VuX8l2v-account-executive-hunter-role-kyc-aml-infrastructure,Authologic,£120K - £180K GBP,"London, England, GB / Remote (London, England, GB)"
Head of Sales,https://www.ycombinator.com/companies/waydev/jobs/BFA4rwl-head-of-sales,Waydev,$50K - $140K,"Remote (RO; Austin, TX, US; San Francisco, CA, US)"
AI Data Engineering Lead ,https://www.ycombinator.com/companies/moonvalley/jobs/3rCzPuc-ai-data-engineering-lead,Moonvalley,$250K - $450K,"London, England, GB / Remote (GB; US)"
Director of Product Marketing ,https://www.ycombinator.com/companies/moonvalley/jobs/0r5tyUn-director-of-product-marketing,Moonvalley,$160K - $220K,"Los Angeles / New York, NY, US / Remote (CA, US)"
Staff Product Engineer,https://www.ycombinator.com/companies/moonvalley/jobs/SmNCGhg-staff-product-engineer,Moonvalley,$200K - $300K,"Toronto / New York, NY, US / Los Angeles, CA, US / Remote (US; CA)"
Senior Field Marketing Manager,https://www.ycombinator.com/companies/moonvalley/jobs/G0Hgjub-senior-field-marketing-manager,Moonvalley,$150K - $180K,"New York / Los Angeles, CA, US / Remote (New York, NY, US; Los Angeles, CA, US)"
Senior Software Engineer,https://www.ycombinator.com/companies/moonvalley/jobs/xhie79Q-senior-software-engineer,Moonvalley,$180K - $280K,"Toronto / New York, NY, US / Remote (New York, NY, US; Toronto, ON, CA; Toronto, Ontario, CA)"
Programme Manager - AI ,https://www.ycombinator.com/companies/moonvalley/jobs/xekcn5O-programme-manager-ai,Moonvalley,£80K - £130K GBP,"London, England, GB / Remote (London, England, GB)"
Community Lead,https://www.ycombinator.com/companies/moonvalley/jobs/r38zvKb-community-lead,Moonvalley,$150K - $260K,"Los Angeles, CA, US / Remote (US)"
Chief of Staff (North America) ,https://www.ycombinator.com/companies/moonvalley/jobs/gWPasZ6-chief-of-staff-north-america,Moonvalley,$150K - $250K,"Toronto, ON, CA / Toronto, Ontario, CA / New York, NY, US / Remote (Toronto, ON, CA; Toronto, Ontario, CA; New York, NY, US)"
Head of Product Engineering,https://www.ycombinator.com/companies/moonvalley/jobs/mh74JSk-head-of-product-engineering,Moonvalley,$200K - $400K,"New York, NY, US / Toronto, ON, CA / Toronto, Ontario, CA / Remote (New York, NY, US; Toronto, ON, CA; Toronto, Ontario, CA)"
Member of Technical Staff - Infrastructure & Data ,https://www.ycombinator.com/companies/moonvalley/jobs/NsNqyLv-member-of-technical-staff-infrastructure-data,Moonvalley,$150K - $350K,Remote / Remote (US)
Member of Technical Staff,https://www.ycombinator.com/companies/moonvalley/jobs/4FH5Q4r-member-of-technical-staff,Moonvalley,,UK / Remote (US)
Mobile Software Engineer,https://www.ycombinator.com/companies/routine/jobs/bv3taXN-mobile-software-engineer,Routine,$60K - $120K,"Paris, IDF, FR"
Senior Product Manager (Francophone),https://www.ycombinator.com/companies/djamo/jobs/NutnjHs-senior-product-manager-francophone,Djamo,€50K - €65K EUR,Remote (US)
Supply Chain Manager - US,https://www.ycombinator.com/companies/jiga/jobs/d4KdS8D-supply-chain-manager-us,Jiga,6+ years,US / Remote (US)
Head of Marketing,https://www.ycombinator.com/companies/jiga/jobs/mOXxrT7-head-of-marketing,Jiga,6+ years,Remote
Product Manager,https://www.ycombinator.com/companies/jiga/jobs/zUOVb2M-product-manager,Jiga,3+ years,Remote
Full Stack Engineer (React/Node/Mongo) [Remote - EMEA],https://www.ycombinator.com/companies/jiga/jobs/J4JEuXd-full-stack-engineer-react-node-mongo-remote-emea,Jiga,3+ years,Remote
Full Stack Engineer (React/Node/Mongo) [Remote - US],https://www.ycombinator.com/companies/jiga/jobs/KMtdgpo-full-stack-engineer-react-node-mongo-remote-us,Jiga,3+ years,US / Remote (US)
Marketing Intern,https://www.ycombinator.com/companies/prospa/jobs/jq8eQot-marketing-intern,Prospa,1+ years,"Lagos, LA, NG / Remote (NG)"
Marketing Manager,https://www.ycombinator.com/companies/prospa/jobs/XritFOy-marketing-manager,Prospa,6+ years,"Lagos, LA, NG / Remote (Lagos, LA, NG)"
Product Copywriter,https://www.ycombinator.com/companies/prospa/jobs/ci65gqz-product-copywriter,Prospa,$200 - $400,Remote
Product Manager,https://www.ycombinator.com/companies/prospa/jobs/pqqKMqw-product-manager,Prospa,3+ years,Remote
Strategic Account Manager,https://www.ycombinator.com/companies/gigs/jobs/rS2lGvX-strategic-account-manager,Gigs,,"London, New York  / Remote (US)"
GTM Associate ,https://www.ycombinator.com/companies/gigs/jobs/dARfXMi-gtm-associate,Gigs,,San Francisco / Remote (US)
"Marketing Lead, Fintech",https://www.ycombinator.com/companies/gigs/jobs/e4tPo5s-marketing-lead-fintech,Gigs,6+ years,United States / Remote (US)
"Senior Account Executive, HR Tech",https://www.ycombinator.com/companies/gigs/jobs/nGvUrsE-senior-account-executive-hr-tech,Gigs,6+ years,Europe / Remote (US)
"Business Development, Fintech",https://www.ycombinator.com/companies/gigs/jobs/C5E7il4-business-development-fintech,Gigs,6+ years,"New York, NY, US / Remote (New York, NY, US)"
Product Designer,https://www.ycombinator.com/companies/businessonbot/jobs/KlVzzvm-product-designer,Businessonbot,₹7 - ₹12 INR,"Bengaluru, KA, IN"
Mobile App Developer,https://www.ycombinator.com/companies/businessonbot/jobs/9DyLiGP-mobile-app-developer,Businessonbot,₹100K - ₹1.5M INR,"Bengaluru, KA, IN"
Product Manager,https://www.ycombinator.com/companies/businessonbot/jobs/njOWofM-product-manager,Businessonbot,₹800K - ₹1.1M INR,"Bengaluru, KA, IN"
Frontend Engineer,https://www.ycombinator.com/companies/businessonbot/jobs/3JjjpvT-frontend-engineer,Businessonbot,1+ years,"Bangalore, Karnataka, India"
Lead Software Engineer,https://www.ycombinator.com/companies/businessonbot/jobs/ZEJQDyH-lead-software-engineer,Businessonbot,$40K - $60K,"Bangalore, India"
Flight Software Engineer,https://www.ycombinator.com/companies/regent/jobs/u4pxzQf-flight-software-engineer,Regent,$100K - $180K,"Providence, RI, US"
Embedded Flight Software Engineer,https://www.ycombinator.com/companies/regent/jobs/ZdoDxRl-embedded-flight-software-engineer,Regent,$125K - $175K,"Providence, RI, US"
Cloud Security Engineer,https://www.ycombinator.com/companies/spline/jobs/7S22ggX-cloud-security-engineer,Spline,$135K - $175K,US / Remote (US)
ML Research Scientist,https://www.ycombinator.com/companies/spline/jobs/JZXpm0O-ml-research-scientist,Spline,$140K - $210K,US / Remote (US)
ML Engineer,https://www.ycombinator.com/companies/spline/jobs/yz9qvla-ml-engineer,Spline,$140K - $200K,US / Remote (US)
Product Marketing Manager,https://www.ycombinator.com/companies/svix/jobs/0WEPRRY-product-marketing-manager,Svix,6+ years,Remote (USA) / Remote (US)
Tech Lead,https://www.ycombinator.com/companies/svix/jobs/C3LuDm5-tech-lead,Svix,$190K - $210K,US / Remote (US)
Rust Backend Engineer,https://www.ycombinator.com/companies/svix/jobs/7DMKXxB-rust-backend-engineer,Svix,3+ years,US / Remote (US)
AI Engineer,https://www.ycombinator.com/companies/rejoy-health/jobs/NwdCMYB-ai-engineer,Rejoy Health,$180K - $250K,Remote (US)
Executive Assistant to CEO,https://www.ycombinator.com/companies/flutterflow/jobs/h1zyhre-executive-assistant-to-ceo,Flutterflow,$160K - $185K,HQ
People Operations Associate,https://www.ycombinator.com/companies/flutterflow/jobs/kEqf1R3-people-operations-associate,Flutterflow,$75K - $95K,"Remote - US / Mountain View, CA, US / Remote (US)"
Accounting Manager,https://www.ycombinator.com/companies/flutterflow/jobs/1MU5CU8-accounting-manager,Flutterflow,$150K - $190K,HQ
Inside Sales Representative,https://www.ycombinator.com/companies/flutterflow/jobs/R49LZFt-inside-sales-representative,Flutterflow,$110K,Remote - US / Remote (US)
Software Engineering Intern (Junior or Senior) - United States,https://www.ycombinator.com/companies/flutterflow/jobs/m9Ftrd4-software-engineering-intern-junior-or-senior-united-states,Flutterflow,$8K - $12K,"Mountain View, CA, US / New York, NY, US / Remote (US)"
Senior Backend Engineer,https://www.ycombinator.com/companies/haystack/jobs/lj32oIN-senior-backend-engineer,Haystack,$3K - $7K,Remote
Full Stack Engineer,https://www.ycombinator.com/companies/haystack/jobs/NAHo0jO-full-stack-engineer,Haystack,$3K - $7K,Remote
Customer Onboarding Specialist - Hotel Industry Expert,https://www.ycombinator.com/companies/stayflexi/jobs/blqAHtB-customer-onboarding-specialist-hotel-industry-expert,Stayflexi,₹25K - ₹35K INR,IN / Remote (IN)
Business Development Manager,https://www.ycombinator.com/companies/stayflexi/jobs/mi6n5mv-business-development-manager,Stayflexi,₹40K - ₹60K INR,"Bengaluru, KA, IN / Bengaluru, Karnataka, IN / Tirupati, AP, IN / Tirupati, Andhra Pradesh, IN / Remote (IN)"
Head of Engineering,https://www.ycombinator.com/companies/soraban/jobs/KO73LTA-head-of-engineering,Soraban,$170K - $250K,"Tempe, AZ, US / San Francisco, CA, US"
Business Development Representative ($85k OTE),https://www.ycombinator.com/companies/soraban/jobs/vWU8kBu-business-development-representative-85k-ote,Soraban,$60K - $85K,"Austin, TX, US / Remote (TX, US)"
Mid-Market Account Executive ($165k OTE),https://www.ycombinator.com/companies/soraban/jobs/JuDxFHS-mid-market-account-executive-165k-ote,Soraban,$160K - $165K,"Tempe, AZ, US / San Francisco, CA, US / Austin, TX, US / Remote (AZ, US; TX, US; FL, US)"
Customer Success Manager ($110k-$120k OTE),https://www.ycombinator.com/companies/soraban/jobs/KgzeHS2-customer-success-manager-110k-120k-ote,Soraban,$85K - $120K,"Tempe, AZ, US / Remote (AZ, US)"
Senior Fullstack Software Engineer,https://www.ycombinator.com/companies/soraban/jobs/e5PT0aM-senior-fullstack-software-engineer,Soraban,$150K - $230K,"Tempe, AZ, US / San Francisco, CA, US"
Fullstack Software Engineer,https://www.ycombinator.com/companies/soraban/jobs/1qaL5ow-fullstack-software-engineer,Soraban,$105K - $230K,"Tempe, AZ, US / San Francisco, CA, US"
Senior Machine Learning Engineer,https://www.ycombinator.com/companies/compose-ai/jobs/wUVZnC4-senior-machine-learning-engineer,Compose Ai,$100K - $150K,Remote
Senior Full Stack Engineer,https://www.ycombinator.com/companies/compose-ai/jobs/IgVKl2N-senior-full-stack-engineer,Compose Ai,$100K - $150K,Remote
Senior Frontend Engineer,https://www.ycombinator.com/companies/compose-ai/jobs/vUQpBfl-senior-frontend-engineer,Compose Ai,$100K - $150K,Remote / Remote
Senior (Founding) Product Designer,https://www.ycombinator.com/companies/manara/jobs/2Tv3657-senior-founding-product-designer,Manara,$70K - $160K,Remote
Software Engineer,https://www.ycombinator.com/companies/venu-ai/jobs/4gnWuWW-software-engineer,Venu Ai,Any (new grads ok),Remote (US)
Sales Manager,https://www.ycombinator.com/companies/venu-ai/jobs/sUWuoFE-sales-manager,Venu Ai,Any (new grads ok),Remote (US)
Machine Learning & Python Backend Engineer,https://www.ycombinator.com/companies/biodock/jobs/JgKCiil-machine-learning-python-backend-engineer,Biodock,3+ years,KZ / AZ / TR / TJ / KG / UZ / Remote (KZ; AZ; TR; TJ; KG; UZ)
Biodata Workflow Manager (Remote),https://www.ycombinator.com/companies/biodock/jobs/naDDJEv-biodata-workflow-manager-remote,Biodock,$300 - $1K,KZ / Remote (KZ)
Mid/Senior Fullstack Engineer,https://www.ycombinator.com/companies/biodock/jobs/8DqWTLa-mid-senior-fullstack-engineer,Biodock,$18K - $36K,KZ / TR / UZ / TJ / KG / AZ / Remote (KZ; TR; UZ; TJ; KG; AZ)
Senior Technical Growth Product Manager/ Growth Hacker,https://www.ycombinator.com/companies/betterhalf/jobs/2IVL0FS-senior-technical-growth-product-manager-growth-hacker,Betterhalf,$35K - $50K,"Bengaluru, KA, IN"
Senior React Native Engineer,https://www.ycombinator.com/companies/betterhalf/jobs/MeczNZi-senior-react-native-engineer,Betterhalf,$20K - $50K,Bangalore India
Webflow Designer (Remote),https://www.ycombinator.com/companies/phoenix/jobs/pC47C9f-webflow-designer-remote,Phoenix,$30K - $60K,Remote
AI Marketer (Vibe Marketer) ,https://www.ycombinator.com/companies/phoenix/jobs/xtPFK69-ai-marketer-vibe-marketer,Phoenix,$30K - $1M,Remote
Engineering Manager,https://www.ycombinator.com/companies/phoenix/jobs/Szx0K1S-engineering-manager,Phoenix,,Toronto
Director of Technology,https://www.ycombinator.com/companies/phoenix/jobs/c7FFJ8E-director-of-technology,Phoenix,,Toronto
People & Culture Manager,https://www.ycombinator.com/companies/phoenix/jobs/kS5ZaML-people-culture-manager,Phoenix,,Toronto
Senior Full-Stack Developer (Ruby on Rails/React),https://www.ycombinator.com/companies/phoenix/jobs/davfTLh-senior-full-stack-developer-ruby-on-rails-react,Phoenix,,Toronto
Founding Engineer,https://www.ycombinator.com/companies/rulebricks/jobs/8EoS8qDo0-founding-engineer,Rulebricks,$120K - $150K,Palo Alto / Remote (US)
Mechatronics Engineer,https://www.ycombinator.com/companies/botbuilt/jobs/thWY5Ph-mechatronics-engineer,Botbuilt,$90K - $120K,"Durham, NC, US"
Computer Vision and Optimization Engineer,https://www.ycombinator.com/companies/botbuilt/jobs/Joi1bpi-computer-vision-and-optimization-engineer,Botbuilt,$90K - $130K,"Durham, NC, US"
Firmware Engineer,https://www.ycombinator.com/companies/botbuilt/jobs/eH1oB3O-firmware-engineer,Botbuilt,$80K - $110K,"Durham, NC, US"
Software Infrastructure Engineer,https://www.ycombinator.com/companies/botbuilt/jobs/ssohMWR-software-infrastructure-engineer,Botbuilt,$90 - $110,"Durham, NC, US"
"Software Engineer, Frontend",https://www.ycombinator.com/companies/slash/jobs/V8XCIp9-software-engineer-frontend,Slash,$140K - $190K,San Francisco
"Software Engineer, Infrastructure",https://www.ycombinator.com/companies/slash/jobs/hDckjrG-software-engineer-infrastructure,Slash,$140K - $190K,San Francisco
"Software Engineer, Product",https://www.ycombinator.com/companies/slash/jobs/WBqXVlc-software-engineer-product,Slash,$140K - $190K,San Francisco
AI Quality Strategy,https://www.ycombinator.com/companies/creatoros/jobs/m8yjsEa-ai-quality-strategy,Creatoros,$50K - $150K,Remote
Enterprise Sr SDR in NYC,https://www.ycombinator.com/companies/creatoros/jobs/VmG20Py-enterprise-sr-sdr-in-nyc,Creatoros,$200K - $400K,"New York, NY, US"
Frontend Engineer,https://www.ycombinator.com/companies/simplify/jobs/EuX6wA3-frontend-engineer,Simplify,$40K - $80K,Remote
Overseas Software Engineer,https://www.ycombinator.com/companies/solosuit/jobs/CeVV0Uk-overseas-software-engineer,Solosuit,$31.2K - $93.6K,Remote
Senior Growth Marketing Manager,https://www.ycombinator.com/companies/solosuit/jobs/NLQkXDC-senior-growth-marketing-manager,Solosuit,$90K - $180K,US / Remote (US)
Software Engineer,https://www.ycombinator.com/companies/solosuit/jobs/sT3t6VQ-software-engineer,Solosuit,$90K - $160K,US / Remote (US)
Sales Account Executive,https://www.ycombinator.com/companies/tractian/jobs/S4YFJPW-sales-account-executive,Tractian,3+ years,"Atlanta, GA, US"
Sales Development Representative,https://www.ycombinator.com/companies/tractian/jobs/cVGSjVg-sales-development-representative,Tractian,1+ years,"Atlanta, GA, US"
Sr. Accountant,https://www.ycombinator.com/companies/codingal/jobs/3i4dm9b-sr-accountant,Codingal,₹3 - ₹4 INR,"Bengaluru, KA, IN / Bengaluru, Karnataka, IN"
Finance Associate Intern,https://www.ycombinator.com/companies/codingal/jobs/LNzRrBo-finance-associate-intern,Codingal,₹15K - ₹20K INR,"Bengaluru, KA, IN"
Pre - Sales Associate Intern ,https://www.ycombinator.com/companies/codingal/jobs/jWCphhn-pre-sales-associate-intern,Codingal,₹15K - ₹20K INR,"Bengaluru, KA, IN"
 Customer Service Associate,https://www.ycombinator.com/companies/codingal/jobs/AQC0Lbn-customer-service-associate,Codingal,₹300K - ₹400K INR,"Bengaluru, KA, IN"
Business Development Associate,https://www.ycombinator.com/companies/codingal/jobs/v5BaLvp-business-development-associate,Codingal,₹400K - ₹600K INR,"Bengaluru, KA, IN"
Account Executive ,https://www.ycombinator.com/companies/resquared/jobs/0BSOHFJ-account-executive,Resquared,$50K - $65K,Remote (US)
AI Software Engineer,https://www.ycombinator.com/companies/topline-pro/jobs/MFb5FkA-ai-software-engineer,Topline Pro,$130K - $180K,"Boston, MA"
Full Stack Software Engineer,https://www.ycombinator.com/companies/topline-pro/jobs/VIJ9YHx-full-stack-software-engineer,Topline Pro,$90K - $130K,"Boston, MA"
Growth Marketing Manager,https://www.ycombinator.com/companies/topline-pro/jobs/JSuzjhj-growth-marketing-manager,Topline Pro,$120K - $140K,"NY, US"
Customer Success Manager,https://www.ycombinator.com/companies/topline-pro/jobs/Zoh1eZp-customer-success-manager,Topline Pro,$65K - $70K,"NY, US / New York, NY, US"
Business Development Representative  ,https://www.ycombinator.com/companies/topline-pro/jobs/aIEOqfW-business-development-representative,Topline Pro,$90K - $100K,"New York, NY"
Chief Technology Officer - CTO,https://www.ycombinator.com/companies/homebase/jobs/01LRKUt-chief-technology-officer-cto,Homebase,$2.5K - $5K,"Ho Chi Minh City, Ho Chi Minh City, VN"
Senior Backend Engineer,https://www.ycombinator.com/companies/homebase/jobs/hBGD8E7-senior-backend-engineer,Homebase,$1.5K - $3K,"Anywhere / Ho Chi Minh City, Ho Chi Minh City, VN"
Full-stack Engineer,https://www.ycombinator.com/companies/homebase/jobs/J5eZ67M-full-stack-engineer,Homebase,$1.5K - $3K,"Anywhere / Ho Chi Minh City, Ho Chi Minh City, VN"
Don't see your dream job? Apply here anyway!,https://www.ycombinator.com/companies/homebase/jobs/MHUS4oP-don-t-see-your-dream-job-apply-here-anyway,Homebase,,Anywhere
/apply,https://www.ycombinator.com/companies/text-blaze/jobs/0QCXrzE-apply,Text Blaze,$30K - $220K,Remote (US)
"Senior Account Executive, US",https://www.ycombinator.com/companies/enode/jobs/Vac6b6J-senior-account-executive-us,Enode,$80K - $150K,US / Remote (US)
Senior Backend Engineer,https://www.ycombinator.com/companies/enode/jobs/Ti0pMeA-senior-backend-engineer,Enode,$1,Remote / Remote (US)
Engineering Manager,https://www.ycombinator.com/companies/enode/jobs/mdKdGFb-engineering-manager,Enode,$1,Remote / Remote (US)
Product Manager,https://www.ycombinator.com/companies/enode/jobs/KruAkjr-product-manager,Enode,$1,Remote / Remote (US)
Senior Account Executive,https://www.ycombinator.com/companies/enode/jobs/uKeoQgM-senior-account-executive,Enode,$1,Remote / Remote (US)
"Senior Frontend Engineer, Experience",https://www.ycombinator.com/companies/enode/jobs/GGk5yKh-senior-frontend-engineer-experience,Enode,$1,Remote / Remote (US)
AI Engineer,https://www.ycombinator.com/companies/great-question/jobs/AtPa8pe-ai-engineer,Great Question,$100K - $200K,United States (Remote) / Remote (US)
Founding Biomedical Engineer ,https://www.ycombinator.com/companies/auricle/jobs/ZZxIQT3-founding-biomedical-engineer,Auricle,$100K - $180K,"Mountain View, CA, US"
Strategy & Operations Associate,https://www.ycombinator.com/companies/liveflow/jobs/AAy8yuq-strategy-operations-associate,Liveflow,,"New York, New York"
Senior Product Designer,https://www.ycombinator.com/companies/liveflow/jobs/X9dCHGO-senior-product-designer,Liveflow,$150K - $190K,"New York, New York"
"Account Executive, Mid-Market",https://www.ycombinator.com/companies/liveflow/jobs/mBDVyOx-account-executive-mid-market,Liveflow,,"New York, New York"
Product Founder,https://www.ycombinator.com/companies/liveflow/jobs/YcJVDqc-product-founder,Liveflow,3+ years,"New York, New York / San Francisco, CA, US"
"Senior Full Stack Engineer, NYC",https://www.ycombinator.com/companies/liveflow/jobs/cMZblF0-senior-full-stack-engineer-nyc,Liveflow,$100K - $200K,"New York, New York / Remote (US)"
"Account Executive, Mid-Market",https://www.ycombinator.com/companies/liveflow/jobs/CHJoNzE-account-executive-mid-market,Liveflow,$120K - $150K,"New York, NY, US"
Sales Development Representative (NYC) ,https://www.ycombinator.com/companies/liveflow/jobs/VqypILm-sales-development-representative-nyc,Liveflow,$70K - $90K,Remote (EST or CST)
Senior Full Stack Engineer,https://www.ycombinator.com/companies/liveflow/jobs/yQSiOcS-senior-full-stack-engineer,Liveflow,$90K - $150K,"São Paulo, SP, BR / São Paulo, State of São Paulo, BR / London, England, GB / Lisbon, Lisbon, PT / New York, NY, US / Remote (US)"
Full Stack Engineer,https://www.ycombinator.com/companies/greywing/jobs/opYtoBU-full-stack-engineer,Greywing,$25K - $40K,"Remote (MM; SG; MY; IN; KH; VN; LA; TW; PH; ID; NP; KR; JP; Perth, WA, AU; WA, AU; TH)"
Controller,https://www.ycombinator.com/companies/r2/jobs/Aq4Ehyu-controller,R2,11+ years,"Mexico City, CDMX, MX / Bogotá, Bogota, CO / Buenos Aires, Buenos Aires, AR / Santiago, Santiago Metropolitan Region, CL / São Paulo, SP, BR / São Paulo, State of São Paulo, BR / Remote (US)"
Sr Technical Program Manager,https://www.ycombinator.com/companies/r2/jobs/Rsf5j11-sr-technical-program-manager,R2,3+ years,CL / CO / MX / AR / Remote (CL; CO; MX; AR)
Product Marketing Lead,https://www.ycombinator.com/companies/r2/jobs/TOs5Uza-product-marketing-lead,R2,3+ years,CO / AR / CL / MX / PE / Remote (CO; AR; CL; MX; PE)
Patient Navigator,https://www.ycombinator.com/companies/measured/jobs/uKnPNDq-patient-navigator,Measured,$11 - $15,"AL, US / FL, US / GA, US / Remote (AL, US; FL, US; GA, US)"
Fractional Medical Director at Obesity Telemedicine Platform ,https://www.ycombinator.com/companies/measured/jobs/tpKxWGv-fractional-medical-director-at-obesity-telemedicine-platform,Measured,$75K - $150K,"New York, NY, US"
Enterprise Account Executive,https://www.ycombinator.com/companies/rinsed/jobs/JBJIenj-enterprise-account-executive,Rinsed,$400K,"Lehi, UT"
VR Unity Developer,https://www.ycombinator.com/companies/true3d/jobs/swGsSuc-vr-unity-developer,True3D,$60K - $160K,"New York, NY, US / Remote (US)"
Machine Learning Engineer,https://www.ycombinator.com/companies/true3d/jobs/lGhYqPr-machine-learning-engineer,True3D,$100K - $130K,"NY, US / Remote (New York, NY, US)"
AI Engineer,https://www.ycombinator.com/companies/fathom/jobs/kkIRas2-ai-engineer,Fathom,$130K - $160K,"San Francisco, CA, US"
Data Analyst,https://www.ycombinator.com/companies/fathom/jobs/QLmoC0K-data-analyst,Fathom,$110K - $140K,Remote / Remote (US)
Inbound Account Executive,https://www.ycombinator.com/companies/fathom/jobs/iwQpoJj-inbound-account-executive,Fathom,$120K - $160K,Remote / Remote (US; CA)
Backend Engineer (Remote),https://www.ycombinator.com/companies/fathom/jobs/Pg8RFWC-backend-engineer-remote,Fathom,$190K - $240K,US / CA / Remote (US; CA)
Senior Site Reliability Engineer (Remote),https://www.ycombinator.com/companies/fathom/jobs/TArBVR8-senior-site-reliability-engineer-remote,Fathom,$180K - $230K,US / CA / Remote (US; CA)
Full-Stack Engineer (Remote),https://www.ycombinator.com/companies/fathom/jobs/OVTRjXb-full-stack-engineer-remote,Fathom,$180K - $230K,CA / US / Remote (CA; US)
Mid-Market Account Manager (AM),https://www.ycombinator.com/companies/popl/jobs/YArRS6P-mid-market-account-manager-am,Popl,$80K - $140K,Remote (US)
Mid-Market Account Executive,https://www.ycombinator.com/companies/popl/jobs/g3Lk6AG-mid-market-account-executive,Popl,$90K - $170K,Remote (US)
Lead Analytics Engineer,https://www.ycombinator.com/companies/popl/jobs/5jjR3EW-lead-analytics-engineer,Popl,$120K - $150K,US / Remote (US)
Accounts Receivable + Renewals Manager,https://www.ycombinator.com/companies/popl/jobs/27EKc6B-accounts-receivable-renewals-manager,Popl,$50K - $100K,US / Remote (US)
Lead Backend Engineer,https://www.ycombinator.com/companies/popl/jobs/lTLTvZ2-lead-backend-engineer,Popl,$140K - $170K,US / Remote (US)
Staff QA Engineer,https://www.ycombinator.com/companies/anima/jobs/wQ0anQ1-staff-qa-engineer,Anima,6+ years,Remote
Clinical Engineer,https://www.ycombinator.com/companies/anima/jobs/dwSuRDL-clinical-engineer,Anima,1+ years,Remote
Implementation & Customer Success,https://www.ycombinator.com/companies/anima/jobs/7ZP8eZ4-implementation-customer-success,Anima,1+ years,GB / Remote (GB)
Account Executive / Manager (Fullstack Sales),https://www.ycombinator.com/companies/anima/jobs/KiHHqcN-account-executive-manager-fullstack-sales,Anima,1+ years,GB / Remote (GB)
Design Engineer,https://www.ycombinator.com/companies/anima/jobs/yhwZten-design-engineer,Anima,1+ years,Remote
Staff Software Engineer,https://www.ycombinator.com/companies/anima/jobs/NQWCV4a-staff-software-engineer,Anima,3+ years,Remote
UI/UX Designer,https://www.ycombinator.com/companies/pangea-app/jobs/71NlYUD-ui-ux-designer,Pangea App,$80K - $200K,US / CA / GB / Remote (US; CA; GB)
Webflow/Framer Web Designer,https://www.ycombinator.com/companies/pangea-app/jobs/d0jW6if-webflow-framer-web-designer,Pangea App,$3K - $120K,"US / New York, NY, US / Boston, MA, US / Los Angeles, CA, US / San Francisco, CA, US / Austin, TX, US / Miami, FL, US / Raleigh, NC, US / Durham, NC, US / Boulder, CO, US / Remote (US; New York, NY, US; Boston, MA, US; Los Angeles, CA, US; San Francisco, CA, US; Austin, TX, US; Miami, FL, US; Raleigh, NC, US; Durham, NC, US; Boulder, CO, US)"
Social Media Manager,https://www.ycombinator.com/companies/pangea-app/jobs/oFxurUs-social-media-manager,Pangea App,$3K - $120K,"US / New York, NY, US / Boston, MA, US / Los Angeles, CA, US / San Francisco, CA, US / Austin, TX, US / Miami, FL, US / Raleigh, NC, US / Durham, NC, US / Boulder, CO, US / Remote (US; New York, NY, US; Boston, MA, US; Los Angeles, CA, US; San Francisco, CA, US; Austin, TX, US; Miami, FL, US; Raleigh, NC, US; Durham, NC, US; Boulder, CO, US)"
Growth Marketing Manager,https://www.ycombinator.com/companies/pangea-app/jobs/Ecvk6ia-growth-marketing-manager,Pangea App,$2.5K - $10K,US / CA / Remote (US; CA)
Full Stack Engineer,https://www.ycombinator.com/companies/quadrant-health/jobs/GcmJ5pT-full-stack-engineer,Quadrant Health,$65K - $150K,"New York, NY, US / Remote"
Frontend Engineer (React),https://www.ycombinator.com/companies/kodo/jobs/te7cOYm-frontend-engineer-react,Kodo,₹2M - ₹3.5M INR,"Mumbai, MH, IN / Mumbai, Maharashtra, IN / Pune, MH, IN / Pune, Maharashtra, IN"
Accounts Payable- Associate,https://www.ycombinator.com/companies/kodo/jobs/Sz0OR72-accounts-payable-associate,Kodo,₹300K - ₹500K INR,"Mumbai, MH, IN / Mumbai, Maharashtra, IN"
Accounts Payable ,https://www.ycombinator.com/companies/kodo/jobs/36m56mY-accounts-payable,Kodo,₹500K - ₹1.1M INR,"Mumbai, MH, IN / Mumbai, Maharashtra, IN"
SDE/ Backend ,https://www.ycombinator.com/companies/kodo/jobs/xIPhfBy-sde-backend,Kodo,₹2.5M - ₹4.5M INR,"Mumbai, MH, IN / Pune, MH, IN"
Product Designer,https://www.ycombinator.com/companies/kodo/jobs/VMqBXPP-product-designer,Kodo,₹1.2M - ₹2M INR,"Mumbai, MH, IN"
QA (SDET),https://www.ycombinator.com/companies/kodo/jobs/6l4UsDe-qa-sdet,Kodo,₹1.2M - ₹2.8M INR,"Mumbai, MH, IN / Pune, MH, IN"
Product Manager,https://www.ycombinator.com/companies/kodo/jobs/6ZRyITc-product-manager,Kodo,₹1.5M - ₹3M INR,"Mumbai, MH, IN"
"Software Engineer, DevSecOps/SRE/Infrastructure",https://www.ycombinator.com/companies/kodo/jobs/qAJeqnN-software-engineer-devsecops-sre-infrastructure,Kodo,₹600K - ₹2M INR,"Pune, MH, IN / Mumbai, MH, IN / Mumbai, Maharashtra, IN"
"Software Engineer, Frontend/Full-stack",https://www.ycombinator.com/companies/kodo/jobs/4GMBjooNJ-software-engineer-frontend-full-stack,Kodo,₹1M - ₹2.5M INR,"Pune, MH, IN / Mumbai, MH, IN"
B2B Marketing Associate Internship,https://www.ycombinator.com/companies/controlhub/jobs/UZaCAO5-b2b-marketing-associate-internship,Controlhub,Any,Remote
Frontend Engineer - LATAM,https://www.ycombinator.com/companies/controlhub/jobs/Na56SEi-frontend-engineer-latam,Controlhub,3+ years,Remote - WFH / Remote
Backend Engineer - LATAM,https://www.ycombinator.com/companies/controlhub/jobs/SnwAi5Vd7-backend-engineer-latam,Controlhub,3+ years,Remote - WFH / Remote
Full-Stack Engineer - LATAM,https://www.ycombinator.com/companies/controlhub/jobs/TShtq3Ot8-full-stack-engineer-latam,Controlhub,3+ years,Remote - WFH / Remote
Founding Site Reliability Engineer,https://www.ycombinator.com/companies/vapi/jobs/ldPcFRH-founding-site-reliability-engineer,Vapi,$150K - $300K,"San Francisco, CA, US"
Forward Deployed Engineer,https://www.ycombinator.com/companies/vapi/jobs/3GU4CIx-forward-deployed-engineer,Vapi,$150K - $300K,San Francisco
Staff Backend Software Engineer ,https://www.ycombinator.com/companies/vapi/jobs/PXEn9WY-staff-backend-software-engineer,Vapi,$150K - $300K,San Francisco
Founding Frontend Software Engineer,https://www.ycombinator.com/companies/vapi/jobs/grvXB9V-founding-frontend-software-engineer,Vapi,$150K - $300K,"San Francisco, CA, US"
Founding Infrastructure Software Engineer,https://www.ycombinator.com/companies/vapi/jobs/BnVHTaQ-founding-infrastructure-software-engineer,Vapi,$150K - $300K,"San Francisco, CA, US"
Head of Engineering,https://www.ycombinator.com/companies/alinea/jobs/5PSPsqd-head-of-engineering,Alinea,$180K - $250K,"New York, NY, US"
Security Engineer,https://www.ycombinator.com/companies/alinea/jobs/cMXH8Wt-security-engineer,Alinea,$125K - $185K,"New York, NY, US / Remote"
Data Engineer,https://www.ycombinator.com/companies/alinea/jobs/M7NAPRf-data-engineer,Alinea,$125K - $200K,"New York, NY, US / Remote"
Full Stack Software Engineer,https://www.ycombinator.com/companies/alinea/jobs/ge8Igd6-full-stack-software-engineer,Alinea,$125K - $185K,"New York, NY, US"
Full Stack iOS Software Engineer,https://www.ycombinator.com/companies/alinea/jobs/NBb3xDP-full-stack-ios-software-engineer,Alinea,$125K - $185K,"New York, NY, US"
Accounting Manager,https://www.ycombinator.com/companies/camber-2/jobs/XezWwQu-accounting-manager,Camber 2,$140K - $160K,"San Francisco, CA"
Sales Manager,https://www.ycombinator.com/companies/camber-2/jobs/W6tIWoZ-sales-manager,Camber 2,$150K - $250K,"New York, NY, US"
Product Marketing,https://www.ycombinator.com/companies/camber-2/jobs/89DPj0j-product-marketing,Camber 2,$130K,"New York, NY, US"
SMB Account Manager,https://www.ycombinator.com/companies/camber-2/jobs/6tASHDt-smb-account-manager,Camber 2,$100K - $115K,"New York, NY"
Sales Development Representative,https://www.ycombinator.com/companies/camber-2/jobs/TJCWRhh-sales-development-representative,Camber 2,$60K - $120K,"New York, NY, US"
Senior Data Scientist,https://www.ycombinator.com/companies/camber-2/jobs/n8fVC1g-senior-data-scientist,Camber 2,$160K - $180K,"New York, NY"
Full Stack Account Executive,https://www.ycombinator.com/companies/camber-2/jobs/xacVIuY-full-stack-account-executive,Camber 2,$100K - $200K,"New York, NY, US"
Senior Software Engineer,https://www.ycombinator.com/companies/camber-2/jobs/umDRrTM-senior-software-engineer,Camber 2,$160K - $200K,"New York, NY"
Per Diem is expending and looking for a React Native experience developer ,https://www.ycombinator.com/companies/per-diem/jobs/yTpvIRZ-per-diem-is-expending-and-looking-for-a-react-native-experience-developer,Per Diem,$60K,Remote
CX Program Manager,https://www.ycombinator.com/companies/firstbase-io/jobs/MoOMWhx-cx-program-manager,Firstbase Io,3+ years,Remote (LatAm) / Remote (US)
Lead Software Engineer,https://www.ycombinator.com/companies/firstbase-io/jobs/yWaBBxz-lead-software-engineer,Firstbase Io,$68K - $78K,Brazil / Remote (US)
Senior Front End Engineer,https://www.ycombinator.com/companies/firstbase-io/jobs/haeGk4f-senior-front-end-engineer,Firstbase Io,$55K - $75K,Remote (LatAm) / Remote (US)
Senior Back End Engineer - PHP,https://www.ycombinator.com/companies/firstbase-io/jobs/OF0CwDi-senior-back-end-engineer-php,Firstbase Io,$55K - $75K,Remote (LatAm) / Remote (US)
Tech Lead - Golang (Remote),https://www.ycombinator.com/companies/firstbase-io/jobs/slkfDIj-tech-lead-golang-remote,Firstbase Io,$68K - $78K,Remote (LatAm) / Remote (US)
Product Marketing Lead,https://www.ycombinator.com/companies/firstbase-io/jobs/ok11Vmv-product-marketing-lead,Firstbase Io,$160K - $190K,New York / Remote (US)
Product Manager - Start and Compliance,https://www.ycombinator.com/companies/firstbase-io/jobs/D5EGsFq-product-manager-start-and-compliance,Firstbase Io,$125K - $143K,New York / Remote (US)
Growth Lead,https://www.ycombinator.com/companies/firstbase-io/jobs/9Y82VZu-growth-lead,Firstbase Io,$170K - $220K,New York / Remote (US)
Channel Partner Manager,https://www.ycombinator.com/companies/firstbase-io/jobs/jo2nvKL-channel-partner-manager,Firstbase Io,$170K - $220K,New York / Remote (US)
Account Executive,https://www.ycombinator.com/companies/firstbase-io/jobs/Ul2qQir-account-executive,Firstbase Io,$170K - $220K,New York / Remote (US)
Content Marketing Manager (remote),https://www.ycombinator.com/companies/firstbase-io/jobs/vco9zqA-content-marketing-manager-remote,Firstbase Io,3+ years,Remote / Remote (US)
Demand Generation Manager,https://www.ycombinator.com/companies/firstbase-io/jobs/lTLpOLn-demand-generation-manager,Firstbase Io,$120K - $170K,New York / Remote (US)
Content Marketing Manager,https://www.ycombinator.com/companies/firstbase-io/jobs/QWF35vB-content-marketing-manager,Firstbase Io,$90K - $120K,New York / Remote (US)
Product Designer,https://www.ycombinator.com/companies/firstbase-io/jobs/5E4EBQh-product-designer,Firstbase Io,3+ years,"New York, NY, US / Remote (US)"
Senior Back End Engineer - Golang,https://www.ycombinator.com/companies/firstbase-io/jobs/SZZE3CS-senior-back-end-engineer-golang,Firstbase Io,$55K - $75K,Remote (LatAm) / Remote (US)
"Senior Software Engineer, Full Stack",https://www.ycombinator.com/companies/gridware/jobs/T7XUfyw-senior-software-engineer-full-stack,Gridware,$170K - $190K,"San Francisco, CA"
Firmware QA Engineer,https://www.ycombinator.com/companies/gridware/jobs/nRFYzKs-firmware-qa-engineer,Gridware,$165K - $185K,"San Francisco, CA"
Enterprise Sales Manager - Saudi Arabia,https://www.ycombinator.com/companies/cyble/jobs/yVkEHPx-enterprise-sales-manager-saudi-arabia,Cyble,$80K - $140K,SA / Remote (SA)
Regional Sales Manager - South India,https://www.ycombinator.com/companies/cyble/jobs/B2CzAw1-regional-sales-manager-south-india,Cyble,₹3.5M - ₹5.5M INR,"Bengaluru, KA, IN / Bengaluru, Karnataka, IN / Remote (Chennai, TN, IN; Chennai, Tamil Nadu, IN; Hyderabad, TS, IN; Hyderabad, Telangana, IN)"
React.JS Developer,https://www.ycombinator.com/companies/cyble/jobs/luxXcCx-react-js-developer,Cyble,$10K - $14K,"Bengaluru, KA, IN / Bengaluru, Karnataka, IN"
"Head, Threat Research and Detection Engineering",https://www.ycombinator.com/companies/cyble/jobs/JTesUJc-head-threat-research-and-detection-engineering,Cyble,$80K - $150K,"Bengaluru, KA, IN / Bengaluru, Karnataka, IN / Remote (US)"
Software Engineer,https://www.ycombinator.com/companies/cyble/jobs/Wq4ZSsR-software-engineer,Cyble,$40K - $100K,"Bengaluru, KA, IN / Bengaluru, Karnataka, IN / Remote (IN; SG; PH; AU)"
Software Engineering Intern (Front-End / Back-End),https://www.ycombinator.com/companies/cyble/jobs/0bO4ju7-software-engineering-intern-front-end-back-end,Cyble,$25K - $50K,"Bengaluru, KA, IN / Remote"
Senior Golang Developer,https://www.ycombinator.com/companies/cyble/jobs/yKUD2YX-senior-golang-developer,Cyble,$40K - $70K,"Bengaluru, KA, IN"
Senior Engineer - ML & AI,https://www.ycombinator.com/companies/cyble/jobs/kdQ44Xs-senior-engineer-ml-ai,Cyble,$70K - $120K,"Bengaluru, KA, IN / Remote (Bengaluru, KA, IN)"
CTO- Cyber Security ,https://www.ycombinator.com/companies/cyble/jobs/nd6SoAb-cto-cyber-security,Cyble,$200K - $250K,Remote
"VP of Sales, North America",https://www.ycombinator.com/companies/cyble/jobs/voNzywa-vp-of-sales-north-america,Cyble,$200K - $250K,Remote
Data Engineer - Web Scraping,https://www.ycombinator.com/companies/cyble/jobs/cZ5tDdx-data-engineer-web-scraping,Cyble,$50K - $75K,Remote
Head of Talent Acquisition,https://www.ycombinator.com/companies/axle-health/jobs/EMk5WAW-head-of-talent-acquisition,Axle Health,$180K - $230K,"Los Angeles, CA, US / Santa Monica, CA, US"
Software Test Engineer / QA Engineer,https://www.ycombinator.com/companies/axle-health/jobs/478sL1q-software-test-engineer-qa-engineer,Axle Health,$90K - $150K,"Santa Monica, CA, US / Los Angeles, CA, US"
Senior DevOps Engineer,https://www.ycombinator.com/companies/axle-health/jobs/aklV8ix-senior-devops-engineer,Axle Health,$150K - $200K,"Santa Monica, CA, US / Los Angeles, CA, US"
Lead Platform Engineer,https://www.ycombinator.com/companies/axle-health/jobs/zKQLl8i-lead-platform-engineer,Axle Health,$170K - $200K,"Los Angeles, CA, US"
Software Engineer (New Grad),https://www.ycombinator.com/companies/axle-health/jobs/ommmQqU-software-engineer-new-grad,Axle Health,$120K - $140K,"Los Angeles, CA, US"
Software Engineer II,https://www.ycombinator.com/companies/axle-health/jobs/pZ74oB3-software-engineer-ii,Axle Health,$150K - $180K,"Los Angeles, CA, US"
Sr Software Engineer,https://www.ycombinator.com/companies/axle-health/jobs/IG09BnI-sr-software-engineer,Axle Health,$170K - $200K,"Los Angeles, CA, US"
Software Engineer I,https://www.ycombinator.com/companies/axle-health/jobs/jcgpaS1-software-engineer-i,Axle Health,$130K - $160K,"Los Angeles, CA, US"
Licensed Practical Nurse,https://www.ycombinator.com/companies/gradia-health/jobs/mLOqgRq-licensed-practical-nurse,Gradia Health,1+ years,Gradia - Remote / Remote (US)
Care Coordinator (Bilingual),https://www.ycombinator.com/companies/gradia-health/jobs/QTNE2xb-care-coordinator-bilingual,Gradia Health,1+ years,Gradia - Remote / Remote (US)
Founding Software Engineer,https://www.ycombinator.com/companies/gradia-health/jobs/WZq7DsC-founding-software-engineer,Gradia Health,Any (new grads ok),"San Francisco, CA"
Enterprise Technical Success Manager,https://www.ycombinator.com/companies/prequel/jobs/qUSf7CC-enterprise-technical-success-manager,Prequel,$100K - $180K,New York City
Frontend Software Engineer,https://www.ycombinator.com/companies/prequel/jobs/wdjx5KE-frontend-software-engineer,Prequel,$150K - $220K,New York City
Staff Software Engineer,https://www.ycombinator.com/companies/fractional/jobs/4R1LtNe-staff-software-engineer,Fractional,$165K - $185K,"San Francisco, CA, US / New York, NY, US"
Staff Backend Engineer,https://www.ycombinator.com/companies/fractional/jobs/MLCu9xi-staff-backend-engineer,Fractional,$160K - $185K,"New York, NY, US / Remote (US)"
Staff Frontend Engineer,https://www.ycombinator.com/companies/fractional/jobs/eTZybxn-staff-frontend-engineer,Fractional,$160K - $185K,"New York, NY, US / Remote (US)"
Product Engineer,https://www.ycombinator.com/companies/fractional/jobs/YftyxZJ-product-engineer,Fractional,$140K - $185K,"New York, NY / Remote"
Technical Customer Success Manager ,https://www.ycombinator.com/companies/encord/jobs/ayAADZo-technical-customer-success-manager,Encord,$130 - $200,"San Francisco, CA, US"
Research Scientist - Synthetic Data,https://www.ycombinator.com/companies/encord/jobs/wNMvRuM-research-scientist-synthetic-data,Encord,$70K - $120K,London
Research Scientist - Multi-modal LLMs,https://www.ycombinator.com/companies/encord/jobs/Z2L2xEM-research-scientist-multi-modal-llms,Encord,$70K - $120K,London
Product Manager,https://www.ycombinator.com/companies/encord/jobs/HCwAOWU-product-manager,Encord,£70K - £90K GBP,"London, England, GB"
Data Operations Specialist,https://www.ycombinator.com/companies/encord/jobs/DHmcU8c-data-operations-specialist,Encord,,London
AI/ML Developer Advocate - San Francisco,https://www.ycombinator.com/companies/encord/jobs/Rc6hcYA-ai-ml-developer-advocate-san-francisco,Encord,,San Francisco
Growth Manager,https://www.ycombinator.com/companies/encord/jobs/1Aja4rA-growth-manager,Encord,,London
Senior Account Executive,https://www.ycombinator.com/companies/encord/jobs/l7Jbyxm-senior-account-executive,Encord,3+ years,"London, England, GB / San Francisco, CA, US"
Full Stack Engineer,https://www.ycombinator.com/companies/encord/jobs/ycUS52d-full-stack-engineer,Encord,3+ years,London
Frontend Engineer,https://www.ycombinator.com/companies/encord/jobs/H7DTFbj-frontend-engineer,Encord,3+ years,London
Backend Engineer,https://www.ycombinator.com/companies/encord/jobs/u14Voqx-backend-engineer,Encord,3+ years,London
Senior Full-stack Developer (Belgium: Employee or Contractor),https://www.ycombinator.com/companies/segments-ai/jobs/UkkUfOg-senior-full-stack-developer-belgium-employee-or-contractor,Segments Ai,€100K - €150K EUR,Remote (BE)
Contract Web Designer,https://www.ycombinator.com/companies/axiom-ai/jobs/DckIVG6-contract-web-designer,Axiom Ai,3+ years,US / GB / FR / DE / AU / NZ / HR / CA / MX / AR / AT / BE / CY / DK / FI / GR / HU / IT / LV / LT / LU / MT / NL / Remote (US; GB; FR; DE; AU; NZ; HR; CA; MX; AR; AT; BE; CY; DK; FI; GR; HU; IT; LV; LT; LU; MT; NL)
UI/UX Designer Webflow,https://www.ycombinator.com/companies/pesto/jobs/a1pleXt-ui-ux-designer-webflow,Pesto,$3K,PL / UA / Remote (PL; UA)
"Elixir Backend Engineer: Building a whole new type of credit card (PingLend, YCW21) ",https://www.ycombinator.com/companies/pesto/jobs/6L1AVGu-elixir-backend-engineer-building-a-whole-new-type-of-credit-card-pinglend-ycw21,Pesto,$70K - $85K,Argentina / Bolivia / Brazil / Chile / Colombia / Ecuador / Guyana / Paraguay / Peru / Suriname / Uruguay / Venezuela / Mexico / Guatemala / Honduras / Nicaragua / El Salvador / Costa Rica / Panama / Belize / Remote (Argentina; Bolivia; Brazil; Chile; Colombia; Ecuador; Guyana; Paraguay; Peru; Suriname; Uruguay; Venezuela; Mexico; Guatemala; Honduras; Nicaragua; El Salvador; Costa Rica; Panama; Belize)
Credit Card Operations Manager ,https://www.ycombinator.com/companies/pesto/jobs/PgKM146-credit-card-operations-manager,Pesto,3+ years,"San Francisco, CA / Los Angeles, CA / Remote (United States)"
"Logistics lead: Building a whole new type of credit card (ideally Bay Area/flexible) - FinTech, Logistics  - (PingLend, YC W21)",https://www.ycombinator.com/companies/pesto/jobs/dlkrNy5-logistics-lead-building-a-whole-new-type-of-credit-card-ideally-bay-area-flexible-fintech-logistics-pinglend-yc-w21,Pesto,3+ years,"Los Angeles, San Francisco"
"Risk and Data Science Analyst: Building a whole new type of credit card (Los Angeles) - FinTech (PingLend, YC W21) ",https://www.ycombinator.com/companies/pesto/jobs/cK8MIwC-risk-and-data-science-analyst-building-a-whole-new-type-of-credit-card-los-angeles-fintech-pinglend-yc-w21,Pesto,1+ years,Downtown Los Angeles 
"Building a whole new type of credit card (ideally Bay Area/flexible) - FinTech, Fullstack - (PingLend, YC W21)",https://www.ycombinator.com/companies/pesto/jobs/dt7PfVF-building-a-whole-new-type-of-credit-card-ideally-bay-area-flexible-fintech-fullstack-pinglend-yc-w21,Pesto,3+ years,San Francisco
"Building a whole new type of credit card (ideally Bay Area/flexible) - FinTech, Back-End - (PingLend, YC W21)",https://www.ycombinator.com/companies/pesto/jobs/fNa29tU-building-a-whole-new-type-of-credit-card-ideally-bay-area-flexible-fintech-back-end-pinglend-yc-w21,Pesto,3+ years,San Francisco 
"Building a whole new type of credit card (ideally Bay Area/flexible) - FinTech, Front-End - (PingLend, YC W21)",https://www.ycombinator.com/companies/pesto/jobs/Q59e3iF-building-a-whole-new-type-of-credit-card-ideally-bay-area-flexible-fintech-front-end-pinglend-yc-w21,Pesto,6+ years,San Francisco 
Lead Designer & Employee #4,https://www.ycombinator.com/companies/smartcuts/jobs/vySfPku-lead-designer-employee-4,Smartcuts,3+ years,New York / Remote
Software Engineer & Employee #4,https://www.ycombinator.com/companies/smartcuts/jobs/bsu2s2O-software-engineer-employee-4,Smartcuts,3+ years,Remote
Account Manager,https://www.ycombinator.com/companies/weekday/jobs/SYoylJ4-account-manager,Weekday,₹600K - ₹1M INR,"Bengaluru, KA, IN / Remote (IN)"
Founder's Office,https://www.ycombinator.com/companies/weekday/jobs/cQZdv5Q-founder-s-office,Weekday,₹1.2M - ₹1.5M INR,"Bengaluru, KA, IN"
"Software Engineer, Cross-Platform Rust",https://www.ycombinator.com/companies/spruceid/jobs/ip1NYx4-software-engineer-cross-platform-rust,Spruceid,,REMOTE / Remote (US)
Provider Partnerships Manager,https://www.ycombinator.com/companies/nourish/jobs/KYWvtcr-provider-partnerships-manager,Nourish,,Remote
Registered Dietitian,https://www.ycombinator.com/companies/nourish/jobs/NDbkyJ0-registered-dietitian,Nourish,,Remote / Remote (US)
Founding Enterprise GTM,https://www.ycombinator.com/companies/vogent/jobs/pKYDwJI-founding-enterprise-gtm,Vogent,$40K - $100K,US / Remote (US)
Business Analyst/Product Analyst,https://www.ycombinator.com/companies/gromo/jobs/GyqMnKn-business-analyst-product-analyst,Gromo,₹500K - ₹1M INR,"Gurugram, HR, IN"
AI/ML Engineer (Founding Engineer),https://www.ycombinator.com/companies/arnata/jobs/FpFSOhJ-ai-ml-engineer-founding-engineer,Arnata,$150K - $200K,"San Francisco, CA, US"
Product (UI/UX) Designer,https://www.ycombinator.com/companies/arnata/jobs/WHv3neF-product-ui-ux-designer,Arnata,$75K - $150K,San Francisco
Founding Software Engineer,https://www.ycombinator.com/companies/arnata/jobs/0ICIGd7-founding-software-engineer,Arnata,0.10% - 0.75%,San Francisco
Founding Technical Account Executive (Remote) (US time zones),https://www.ycombinator.com/companies/signoz/jobs/MU11O23-founding-technical-account-executive-remote-us-time-zones,Signoz,$120K - $180K,US / Remote (US)
Product Specialist (Remote),https://www.ycombinator.com/companies/signoz/jobs/mgyBzEf-product-specialist-remote,Signoz,1+ years,IN / Remote (IN)
Product Marketing (Remote),https://www.ycombinator.com/companies/signoz/jobs/onZXEaZ-product-marketing-remote,Signoz,0.10% - 0.50%,IN / DE / EE / GB / PL / Remote (IN; DE; EE; GB; PL)
Product Designer (Remote),https://www.ycombinator.com/companies/signoz/jobs/hnlEENe-product-designer-remote,Signoz,0.10% - 0.50%,IN / Remote (IN)
Senior Frontend Engineer ( Remote),https://www.ycombinator.com/companies/signoz/jobs/OQNtxYk-senior-frontend-engineer-remote,Signoz,0.10% - 0.50%,IN / Remote (IN)
CRM Specialist,https://www.ycombinator.com/companies/hapi/jobs/tG6gavY-crm-specialist,Hapi,$1.25K - $2.8K,MX / CO / PE / AR / CL / CR / HN / SV / PA / DO / GT / EC / BO / PY / UY / Remote (MX; CO; PE; AR; CL; CR; HN; SV; PA; DO; GT; EC; BO; PY; UY)
Business Intelligence Data Scientist,https://www.ycombinator.com/companies/hapi/jobs/Aq3jmzg-business-intelligence-data-scientist,Hapi,$1.25K - $2.5K,MX / CO / PE / AR / CL / CR / HN / SV / PA / DO / GT / EC / BO / PY / UY / Remote (MX; CO; PE; AR; CL; CR; HN; SV; PA; DO; GT; EC; BO; PY; UY)
QA Engineer,https://www.ycombinator.com/companies/hapi/jobs/OHourbq-qa-engineer,Hapi,$500 - $2.5K,MX / CO / PE / AR / CL / CR / HN / SV / PA / DO / GT / EC / BO / PY / UY / Remote (MX; CO; PE; AR; CL; CR; HN; SV; PA; DO; GT; EC; BO; PY; UY)
Technical Implementation Specialist,https://www.ycombinator.com/companies/finley/jobs/q7RSC0q-technical-implementation-specialist,Finley,$80K - $130K,"New York, NY, US / San Francisco, CA, US / Remote (US)"
Capital Markets Associate,https://www.ycombinator.com/companies/finley/jobs/LVne0Zy-capital-markets-associate,Finley,$80K - $130K,"New York, NY, US / San Francisco, CA, US / Remote (US)"
Software Engineer,https://www.ycombinator.com/companies/finley/jobs/BcIjalj-software-engineer,Finley,3+ years,"San Francisco, CA / Remote (US)"
Software Engineer (Full Stack) - Hybrid,https://www.ycombinator.com/companies/medme-health/jobs/SdW8UX8-software-engineer-full-stack-hybrid,Medme Health,$80K - $120K CAD,CA / Remote
Senior Software Engineer (Full Stack) - APAC/LATAM,https://www.ycombinator.com/companies/medme-health/jobs/HBYiZsm-senior-software-engineer-full-stack-apac-latam,Medme Health,$12K - $60K CAD,Remote
Senior Software Engineer (Full Stack),https://www.ycombinator.com/companies/medme-health/jobs/JQ9WOGc-senior-software-engineer-full-stack,Medme Health,$100K - $150K CAD,"Toronto, ON, CA / Toronto, Ontario, CA / Remote"
Senior Backend Engineer (Golang),https://www.ycombinator.com/companies/medme-health/jobs/d98OxJC-senior-backend-engineer-golang,Medme Health,$100K - $150K CAD,"Toronto, ON, CA / Toronto, Ontario, CA / Remote"
Pharmacy Onboarding & Adoption Specialist,https://www.ycombinator.com/companies/medme-health/jobs/35wsDO1-pharmacy-onboarding-adoption-specialist,Medme Health,$65K - $110K CAD,CA / Remote (CA)
Senior/Staff/Principal Software Engineer (Frontend) - APAC/LATAM,https://www.ycombinator.com/companies/medme-health/jobs/LoHYl5z-senior-staff-principal-software-engineer-frontend-apac-latam,Medme Health,$12K - $60K CAD,Remote
Principal Engineer,https://www.ycombinator.com/companies/medme-health/jobs/c6Ji2cL-principal-engineer,Medme Health,$140K - $240K CAD,Remote (US)
Growth Marketer,https://www.ycombinator.com/companies/snazzy/jobs/YiXJuEb-growth-marketer,Snazzy,3+ years,Bangaluru
Frontend developer,https://www.ycombinator.com/companies/snazzy/jobs/VvBMBWN-frontend-developer,Snazzy,$10K - $30K,Bangaluru / Remote (US)
"Senior Game Designer, MMO Sandbox",https://www.ycombinator.com/companies/dreamworld/jobs/lg6c8yd-senior-game-designer-mmo-sandbox,Dreamworld,3+ years,"Redwood City, CA, US / Remote"
Internship: Game Design / QA Testing (Spring-Summer),https://www.ycombinator.com/companies/dreamworld/jobs/JbgHlpc-internship-game-design-qa-testing-spring-summer,Dreamworld,Any,"Redwood City, CA, US"
Internship: 3D Artist Unreal Engine (Spring-Summer),https://www.ycombinator.com/companies/dreamworld/jobs/R5B8v8B-internship-3d-artist-unreal-engine-spring-summer,Dreamworld,Any,"Redwood City, CA, US / Remote"
Internship: Content Marketing (Spring-Summer) - MMO Sandbox Game,https://www.ycombinator.com/companies/dreamworld/jobs/LNOP6BC-internship-content-marketing-spring-summer-mmo-sandbox-game,Dreamworld,Any,Remote
Unreal Engine Game Developer (Senior+),https://www.ycombinator.com/companies/dreamworld/jobs/atBKbEg-unreal-engine-game-developer-senior,Dreamworld,3+ years,"Redwood City, CA / Remote"
Internship: Game Developer (Spring-Summer),https://www.ycombinator.com/companies/dreamworld/jobs/nQhkWdx-internship-game-developer-spring-summer,Dreamworld,Any,"Redwood City, CA"
Senior Software Engineer (Full Stack),https://www.ycombinator.com/companies/humaans/jobs/xMwFnF4-senior-software-engineer-full-stack,Humaans,,London
"Account Executive, Mid-Market",https://www.ycombinator.com/companies/humaans/jobs/H40b8DG-account-executive-mid-market,Humaans,,London
Sales Associate,https://www.ycombinator.com/companies/humaans/jobs/UMhlEuM-sales-associate,Humaans,,London
Software Engineer (Full Stack),https://www.ycombinator.com/companies/humaans/jobs/BM2L6rb-software-engineer-full-stack,Humaans,3+ years,London / Remote Europe
Sales Enablement Manager (U.S.),https://www.ycombinator.com/companies/authzed/jobs/keyI1IO-sales-enablement-manager-u-s,Authzed,$110K - $140K,US / Remote (US)
Revenue Operations Manager,https://www.ycombinator.com/companies/authzed/jobs/cl339od-revenue-operations-manager,Authzed,$110K - $140K,NL / PL / US / CA / GB / ES / FR / Remote (NL; PL; US; CA; GB; ES; FR)
Technical Product Manager,https://www.ycombinator.com/companies/authzed/jobs/HnpZLoC-technical-product-manager,Authzed,$140K - $170K,US / Remote (US)
Senior Software Engineer - U.S. or EU (remote),https://www.ycombinator.com/companies/authzed/jobs/SM4xbkk-senior-software-engineer-u-s-or-eu-remote,Authzed,$150K - $195K,US / ES / DE / AT / CZ / PL / CA / BR / MX / IL / Remote (US; ES; DE; AT; CZ; PL; CA; BR; MX; IL)
General Engineering Applicant,https://www.ycombinator.com/companies/atomic-industries/jobs/sF4kWiZ-general-engineering-applicant,Atomic Industries,$95K - $225K,"Detroit, MI, US / Cleveland, OH, US / Los Angeles, CA, US / Remote (US)"
Senior Design Engineer,https://www.ycombinator.com/companies/gather-2/jobs/xdqqOs6-senior-design-engineer,Gather 2,$161K - $203K,US / CA / Remote (US; CA)
Staff Front-End Product Engineer,https://www.ycombinator.com/companies/gather-2/jobs/lH70TsE-staff-front-end-product-engineer,Gather 2,$188K - $238K,Remote / Remote (US; CA)
"Tech Lead, Product Software Engineering",https://www.ycombinator.com/companies/gather-2/jobs/Q0asShS-tech-lead-product-software-engineering,Gather 2,$170K - $210K,US / CA / Remote (US; CA)
Staff Backend Engineer - Platform,https://www.ycombinator.com/companies/gather-2/jobs/zxZiocg-staff-backend-engineer-platform,Gather 2,$188K - $238K,US / CA / Remote (US; CA)
Staff Backend Engineer - Video,https://www.ycombinator.com/companies/gather-2/jobs/Zrry4jx-staff-backend-engineer-video,Gather 2,$188K - $238K,US / CA / Remote (US; CA)
"Software Engineer, Backend",https://www.ycombinator.com/companies/matter/jobs/X1HSDvK-software-engineer-backend,Matter,$160K - $200K,Remote (US)
Senior Software Engineer (Contract),https://www.ycombinator.com/companies/payflow-2/jobs/RMVC9mg-senior-software-engineer-contract,Payflow 2,$72K - $90K,NG / KE / UG / GH / ZA / GT / MX / CO / AR / BR / GB / Remote (NG; KE; UG; GH; ZA; GT; MX; CO; AR; BR; GB)
Senior Software Engineer,https://www.ycombinator.com/companies/payflow-2/jobs/LYRyHiV-senior-software-engineer,Payflow 2,$110K - $130K,"Atlanta, GA, US / Lehi, UT, US / Remote (US)"
Open Application/ Expression of Interest (London),https://www.ycombinator.com/companies/heron-data/jobs/1Z2R04b-open-application-expression-of-interest-london,Heron Data,£45K - £150K GBP,"London, England, GB"
Open Application/ Expression of Interest (NYC),https://www.ycombinator.com/companies/heron-data/jobs/MsL9DJZ-open-application-expression-of-interest-nyc,Heron Data,$60K - $200K,"New York, NY, US"
Software Engineer,https://www.ycombinator.com/companies/heron-data/jobs/okkRvvQ-software-engineer,Heron Data,£65K - £150K GBP,"London, UK"
Principal Firmware Engineer ,https://www.ycombinator.com/companies/siphox-health/jobs/8qiIoPD-principal-firmware-engineer,Siphox Health,6+ years,"Burlington, MA, US"
Biomedical Photonics Technician – Silicon Photonics Integration,https://www.ycombinator.com/companies/siphox-health/jobs/AcWLogQ-biomedical-photonics-technician-silicon-photonics-integration,Siphox Health,Any (new grads ok),"Burlington, MA, US"
Lab Operations and Facilities Assistant,https://www.ycombinator.com/companies/siphox-health/jobs/OHFxbGy-lab-operations-and-facilities-assistant,Siphox Health,1+ years,"Burlington, MA, US"
Senior Mechanical Design Engineer ,https://www.ycombinator.com/companies/siphox-health/jobs/W598wWU-senior-mechanical-design-engineer,Siphox Health,3+ years,"Burlington, MA, US"
Mechanical Engineer – Automation & Integration (Medical Devices),https://www.ycombinator.com/companies/siphox-health/jobs/ep83gFJ-mechanical-engineer-automation-integration-medical-devices,Siphox Health,3+ years,"Burlington, MA, US"
Senior/Process Engineer - Revolutionizing At-Home Diagnostics,https://www.ycombinator.com/companies/siphox-health/jobs/hqnsk5j-senior-process-engineer-revolutionizing-at-home-diagnostics,Siphox Health,3+ years,"Burlington, MA, US"
Director of Clinical Chemistry,https://www.ycombinator.com/companies/siphox-health/jobs/JbBv9q8-director-of-clinical-chemistry,Siphox Health,6+ years,"Burlington, MA, US"
Office Administrator,https://www.ycombinator.com/companies/siphox-health/jobs/YJPVtl9-office-administrator,Siphox Health,3+ years,"Burlington, MA, US"
Microfluidic Cartridge Assembly Operator,https://www.ycombinator.com/companies/siphox-health/jobs/CzRYn07-microfluidic-cartridge-assembly-operator,Siphox Health,$26 - $27,"Burlington, MA, US"
Senior Product Manager - User Health Solutions,https://www.ycombinator.com/companies/siphox-health/jobs/RiJgS7D-senior-product-manager-user-health-solutions,Siphox Health,$120K - $145K,"Boston, MA, US"
Growth Software Engineer,https://www.ycombinator.com/companies/siphox-health/jobs/LW5TtDX-growth-software-engineer,Siphox Health,$90 - $115,"Boston, MA, US"
Science/Health/Technology Podcast producer,https://www.ycombinator.com/companies/siphox-health/jobs/loPFVnW-science-health-technology-podcast-producer,Siphox Health,$50K - $100K,"Boston, MA, US / Remote (US)"
In-House Content Creator Intern,https://www.ycombinator.com/companies/siphox-health/jobs/gjcNFnZ-in-house-content-creator-intern,Siphox Health,$20 - $28,"Burlington, MA, US"
Senior Product Designer,https://www.ycombinator.com/companies/fieldguide/jobs/JbtQKwf-senior-product-designer,Fieldguide,$150K - $175K,"San Francisco, CA, US / Remote (US)"
Strategic Account Executive,https://www.ycombinator.com/companies/fieldguide/jobs/e0r7OUG-strategic-account-executive,Fieldguide,$150K,"San Francisco, CA, US / Remote (US)"
"Senior Platform Engineer, Machine Learning",https://www.ycombinator.com/companies/fieldguide/jobs/AVooipP-senior-platform-engineer-machine-learning,Fieldguide,$170K - $185K,"San Francisco, CA, US / Remote (US)"
Senior Machine Learning Engineer,https://www.ycombinator.com/companies/fieldguide/jobs/queRlG6-senior-machine-learning-engineer,Fieldguide,$180K - $206K,"San Francisco, CA, US / Remote (US)"
AI Transformation Lead,https://www.ycombinator.com/companies/fieldguide/jobs/IwKj9Q5-ai-transformation-lead,Fieldguide,$150K - $190K,"San Francisco, CA, US / Remote (US)"
"Senior Platform Engineer, Infrastructure & Security",https://www.ycombinator.com/companies/fieldguide/jobs/wlHhxce-senior-platform-engineer-infrastructure-security,Fieldguide,$167K - $186K,"San Francisco, CA, US / Remote (US)"
"Senior Software Engineer, AI",https://www.ycombinator.com/companies/fieldguide/jobs/XqDhcVp-senior-software-engineer-ai,Fieldguide,$120K - $200K,US / Remote (US)
Senior Software Engineer,https://www.ycombinator.com/companies/fieldguide/jobs/hiGbcFx-senior-software-engineer,Fieldguide,$145K - $185K,San Francisco / Remote (US)
Sales Development Representative (SDR)- US Location,https://www.ycombinator.com/companies/zuddl/jobs/niLqqVy-sales-development-representative-sdr-us-location,Zuddl,1+ years,"US / UT, US / Remote (US; UT, US)"
Founding Engineer - SlaySchool.com,https://www.ycombinator.com/companies/rally/jobs/0Lx6nao-founding-engineer-slayschool-com,Rally,$70K - $200K CAD,"Remote (Toronto, ON, CA)"
Marketing Intern ,https://www.ycombinator.com/companies/rally/jobs/UszC5f0pz-marketing-intern,Rally,$40K - $60K,Remote / Remote
Senior Python Developer and Frontend (React) Expertise,https://www.ycombinator.com/companies/warmly/jobs/km8Cpuk-senior-python-developer-and-frontend-react-expertise,Warmly,$100K - $130K,BR / Remote (BR)
Front-end Engineer,https://www.ycombinator.com/companies/glimpse-2/jobs/MtlS8Y7-front-end-engineer,Glimpse 2,$140K - $200K,"New York, NY, US"
Events & Community Lead,https://www.ycombinator.com/companies/glimpse-2/jobs/1wXQsKX-events-community-lead,Glimpse 2,$75K - $120K,"New York, NY, US"
Founding Sales Development Representatives,https://www.ycombinator.com/companies/glimpse-2/jobs/3gk6AL9-founding-sales-development-representatives,Glimpse 2,$75K - $120K,"New York, NY, US"
General Application,https://www.ycombinator.com/companies/glimpse-2/jobs/qNICy2U-general-application,Glimpse 2,$80K - $200K,"New York, NY, US"
Founding Account Executives,https://www.ycombinator.com/companies/glimpse-2/jobs/UrCzPx0-founding-account-executives,Glimpse 2,$200K - $400K,"New York, NY, US"
Founding Biz Ops - GTM,https://www.ycombinator.com/companies/glimpse-2/jobs/XnIuLCn-founding-biz-ops-gtm,Glimpse 2,$140K - $180K,"New York, NY, US"
Finance & Internal Ops Lead,https://www.ycombinator.com/companies/glimpse-2/jobs/WAMbuue-finance-internal-ops-lead,Glimpse 2,$140K - $220K,"New York, NY, US"
Business Operations Manager,https://www.ycombinator.com/companies/glimpse-2/jobs/1I1vxEd-business-operations-manager,Glimpse 2,$80K - $150K,"New York, NY, US"
Founding Customer Success Manager(s),https://www.ycombinator.com/companies/glimpse-2/jobs/s6nj77G-founding-customer-success-manager-s,Glimpse 2,$140K - $200K,"New York, NY, US"
Software Engineer,https://www.ycombinator.com/companies/glimpse-2/jobs/5hmOmrr-software-engineer,Glimpse 2,$130K - $225K,"New York, NY, US"
Electrical Engineer ,https://www.ycombinator.com/companies/vena-vitals/jobs/mHg6rfQ-electrical-engineer,Vena Vitals,$70K - $150K,"Irvine, CA, US"
R&D Algorithm Engineer – Health Technologies,https://www.ycombinator.com/companies/vena-vitals/jobs/RvD50Nt-r-d-algorithm-engineer-health-technologies,Vena Vitals,$75K - $160K,"Irvine, CA"
Backend Lead Engineer,https://www.ycombinator.com/companies/dumps/jobs/d5oP3yR-backend-lead-engineer,Dumps,$150K - $175K,"New York, NY, US"
Backend Engineer,https://www.ycombinator.com/companies/lendtable/jobs/pxhSZzJ-backend-engineer,Lendtable,$160K - $190K,"San Francisco, CA"
Senior JavaScript Engineer,https://www.ycombinator.com/companies/afriex/jobs/qy719Z5-senior-javascript-engineer,Afriex,$70K - $120K,San Francisco / Remote (US)
Software Engineer,https://www.ycombinator.com/companies/spenmo/jobs/TwStO6u-software-engineer,Spenmo,,South East Asia & India
Senior Software Engineer,https://www.ycombinator.com/companies/spenmo/jobs/Y8MmRct-senior-software-engineer,Spenmo,,South East Asia & India
Legal Product Specialist (UK),https://www.ycombinator.com/companies/draftwise/jobs/1ilI1WC-legal-product-specialist-uk,Draftwise,$100K - $120K,"London, England, GB / Remote (GB)"
Sr Product Manager (UK),https://www.ycombinator.com/companies/draftwise/jobs/p0Hbow5-sr-product-manager-uk,Draftwise,$110K - $130K,"London, England, GB / Remote (GB)"
"Director, Talent Acquisition",https://www.ycombinator.com/companies/draftwise/jobs/yjBvgrT-director-talent-acquisition,Draftwise,$100K - $150K,"New York, NY, US / Remote (US; CA; GB)"
Senior Enterprise Solutions Architect,https://www.ycombinator.com/companies/draftwise/jobs/tRvAj8Y-senior-enterprise-solutions-architect,Draftwise,$150K - $200K,"New York, NY, US / Remote (US; CA)"
Senior Customer Success Manager,https://www.ycombinator.com/companies/draftwise/jobs/jt9VjmE-senior-customer-success-manager,Draftwise,$130K - $170K,"New York, NY, US / Remote (US)"
Account Executive,https://www.ycombinator.com/companies/draftwise/jobs/43C8cL4-account-executive,Draftwise,$215K - $275K,"New York, NY, US / Chicago, IL, US / San Francisco, CA, US / Remote (Chicago, IL, US; New York, NY, US; San Francisco, CA, US)"
Sr Product Manager (US),https://www.ycombinator.com/companies/draftwise/jobs/jGvlbNS-sr-product-manager-us,Draftwise,$170K - $190K,"New York, NY, US / Remote (US)"
Legal Product Specialist (US),https://www.ycombinator.com/companies/draftwise/jobs/ecdYilZ-legal-product-specialist-us,Draftwise,$130K - $160K,"New York, NY, US / Remote (US)"
Senior FrontEnd  Engineer ,https://www.ycombinator.com/companies/draftwise/jobs/NQwihml-senior-frontend-engineer,Draftwise,3+ years,TR / US / CA / GB / NL / DE / KZ / UA / PL / BE / SK / BG / Remote (TR; US; CA; GB; NL; DE; KZ; UA; PL; BE; SK; BG)
Lead Back End Engineer,https://www.ycombinator.com/companies/draftwise/jobs/h4PwIYi-lead-back-end-engineer,Draftwise,$100K - $180K,"New York, NY, US / Remote (US; CA; GB; UA; PL; SK; KZ)"
Business Development Representative (f/m/d),https://www.ycombinator.com/companies/taktile/jobs/m1SQTK1-business-development-representative-f-m-d,Taktile,$80 - $100,"New York, NY, US / Remote (New York, NY, US)"
Solution Engineer (f/m/d),https://www.ycombinator.com/companies/taktile/jobs/qyUR3cY-solution-engineer-f-m-d,Taktile,$120 - $140,"New York, NY, US / Remote (New York, NY, US)"
Account Executive (f/m/d),https://www.ycombinator.com/companies/taktile/jobs/RWpQGNE-account-executive-f-m-d,Taktile,$200 - $250,"New York, NY, US"
AI Ops Specialist,https://www.ycombinator.com/companies/ready/jobs/sqg8ZGk-ai-ops-specialist,Ready,$125K - $160K,US / Remote (US)
Product Solutions Engineer,https://www.ycombinator.com/companies/ready/jobs/bAgQaNG-product-solutions-engineer,Ready,$115K - $130K,US / Remote (US)
Customer Care Representative - Australia,https://www.ycombinator.com/companies/arketa/jobs/euaZuPN-customer-care-representative-australia,Arketa,$45K - $50K,"Sydney, NSW, AU / Sydney, New South Wales, AU / Melbourne, VIC, AU / Melbourne, Victoria, AU / AU / Remote (Sydney, NSW, AU; Sydney, New South Wales, AU; Melbourne, VIC, AU; Melbourne, Victoria, AU; AU)"
Quality Engineer,https://www.ycombinator.com/companies/arketa/jobs/Zur1S6t-quality-engineer,Arketa,$75K - $120K,"New York, NY, US / Remote (US)"
"Senior Manager, Paid Social",https://www.ycombinator.com/companies/arketa/jobs/6esBy3m-senior-manager-paid-social,Arketa,$90K - $120K,"New York, NY, US"
Senior Performance Marketing Manager,https://www.ycombinator.com/companies/arketa/jobs/UWT9N0L-senior-performance-marketing-manager,Arketa,$100K - $150K,"New York, NY, US"
Sales Operations Specialist,https://www.ycombinator.com/companies/arketa/jobs/uFqPVoY-sales-operations-specialist,Arketa,$45K - $80K,US / CA / GB / ES / FR / NL / Remote (US; CA; GB; ES; FR; NL)
Product Designer,https://www.ycombinator.com/companies/arketa/jobs/cua6sgs-product-designer,Arketa,$120K - $180K,"New York, NY, US"
Engineer Who Can Design,https://www.ycombinator.com/companies/arketa/jobs/KP74Kz9-engineer-who-can-design,Arketa,$120K - $180K,"New York, NY, US"
Sales Account Executive - SMB,https://www.ycombinator.com/companies/arketa/jobs/Cle9vEz-sales-account-executive-smb,Arketa,$50K - $120K,US / Remote (US)
"Sales Account Executive - SMB, EMEA",https://www.ycombinator.com/companies/arketa/jobs/N6h3u3x-sales-account-executive-smb-emea,Arketa,$40K - $100K,GB / NL / Remote (GB; NL)
Content Marketing Manager,https://www.ycombinator.com/companies/arketa/jobs/8OHml9z-content-marketing-manager,Arketa,$60K - $80K,"New York, NY, US"
Onboarding Specialist - West Coast Hours Required,https://www.ycombinator.com/companies/arketa/jobs/b0B68jJ-onboarding-specialist-west-coast-hours-required,Arketa,$45K - $50K,US / Remote (US)
Software Engineer - Fullstack - Mexico,https://www.ycombinator.com/companies/arketa/jobs/hnUTNAw-software-engineer-fullstack-mexico,Arketa,$50K - $60K,MX / Remote (MX)
Junior Software Engineer & Test,https://www.ycombinator.com/companies/arketa/jobs/5ad4s3z-junior-software-engineer-test,Arketa,$40K - $60K,US / MX / CA / Remote (US; MX; CA)
Sales Development Representative (SDR),https://www.ycombinator.com/companies/arketa/jobs/3wIkbMn-sales-development-representative-sdr,Arketa,$50K - $85K,US / GB / NL / NO / GI / SE / Remote (US; GB; NL; NO; GI; SE)
Product Marketing Manager,https://www.ycombinator.com/companies/arketa/jobs/b8CAE43-product-marketing-manager,Arketa,$80K - $100K,"New York, NY, US"
Customer Care Representative ,https://www.ycombinator.com/companies/arketa/jobs/w3pDIqX-customer-care-representative,Arketa,$45K - $50K,US / Remote (US)
Sales Intern ,https://www.ycombinator.com/companies/arketa/jobs/4NIcnkG-sales-intern,Arketa,Any,US / Remote (US)
Onboarding Specialist,https://www.ycombinator.com/companies/arketa/jobs/QaZ2bgA-onboarding-specialist,Arketa,$45K - $50K,GB / Remote (GB)
Software Engineer - React Native,https://www.ycombinator.com/companies/arketa/jobs/ngZeIK7-software-engineer-react-native,Arketa,$165K,United States / CA / Remote (United States; CA)
Chaos Marketer,https://www.ycombinator.com/companies/laylo/jobs/sehtcAs-chaos-marketer,Laylo,$60K - $125K,"CA, US / TX, US / TN, US / NY, US / Remote (CA, US; TX, US; TN, US; NY, US)"
Sales Development Rep (SDR),https://www.ycombinator.com/companies/laylo/jobs/shhWGQ0-sales-development-rep-sdr,Laylo,$20K - $50K,US / MX / EC / AR / PH / PL / BR / VN / UA / RO / HU / Remote (US; MX; EC; AR; PH; PL; BR; VN; UA; RO; HU)
Account Executive - Europe,https://www.ycombinator.com/companies/laylo/jobs/AzoXzbT-account-executive-europe,Laylo,$85K - $195K,"GB / FR / DE / SE / New York, NY, US / Remote (GB; FR; DE; SE; New York, NY, US)"
"Full Stack Developer/Growth Engineer - PHP, Laravel, React JS",https://www.ycombinator.com/companies/akiflow/jobs/iyXYpxV-full-stack-developer-growth-engineer-php-laravel-react-js,Akiflow,$50K - $80K,IT / Remote (IT)
Staff Software Engineer,https://www.ycombinator.com/companies/dataland/jobs/0O2D2JX-staff-software-engineer,Dataland,$150K - $300K,"New York, NY"
Fullstack Engineer,https://www.ycombinator.com/companies/hotplate/jobs/ES27txV-fullstack-engineer,Hotplate,$165K - $185K,San Francisco Office
Engineering Manager,https://www.ycombinator.com/companies/skio/jobs/oxM5MkL-engineering-manager,Skio,Any (new grads ok),New York / Remote
Head of Engineering,https://www.ycombinator.com/companies/skio/jobs/DPedxJv-head-of-engineering,Skio,Any (new grads ok),New York / Remote
Head of Customer Experience,https://www.ycombinator.com/companies/skio/jobs/AmmFiF5-head-of-customer-experience,Skio,Any (new grads ok),New York / Remote
Head of Marketing,https://www.ycombinator.com/companies/skio/jobs/bhJBvZa-head-of-marketing,Skio,Any (new grads ok),New York / Remote
Head of Growth,https://www.ycombinator.com/companies/skio/jobs/ai8ZLLw-head-of-growth,Skio,Any (new grads ok),New York / Remote
Merchant Success Manager,https://www.ycombinator.com/companies/skio/jobs/c2we78m-merchant-success-manager,Skio,Any (new grads ok),New York / Remote
Tech Partnerships,https://www.ycombinator.com/companies/skio/jobs/L3ofGL5-tech-partnerships,Skio,Any (new grads ok),New York / Remote
Launch Engineer,https://www.ycombinator.com/companies/skio/jobs/npuZnye-launch-engineer,Skio,Any (new grads ok),New York / Remote
Sales Engineer / Solutions Engineer,https://www.ycombinator.com/companies/skio/jobs/R5X7Ny0-sales-engineer-solutions-engineer,Skio,Any (new grads ok),New York / Remote
Business Development Representative,https://www.ycombinator.com/companies/skio/jobs/ljP4WCj-business-development-representative,Skio,Any (new grads ok),New York / Remote
Growth,https://www.ycombinator.com/companies/skio/jobs/voSI5Wu-growth,Skio,Any (new grads ok),"New York, NY, US / Remote"
Marketing,https://www.ycombinator.com/companies/skio/jobs/OnKTrFJ-marketing,Skio,Any (new grads ok),New York / Remote
Agency Partnerships,https://www.ycombinator.com/companies/skio/jobs/m77f5q9-agency-partnerships,Skio,Any (new grads ok),New York / Remote
Customer Experience,https://www.ycombinator.com/companies/skio/jobs/rNPgThA-customer-experience,Skio,Any (new grads ok),New York / Remote
Account Executive,https://www.ycombinator.com/companies/skio/jobs/MlBTWta-account-executive,Skio,Any (new grads ok),New York / Remote
Product Designer,https://www.ycombinator.com/companies/skio/jobs/8zrXPg6-product-designer,Skio,Any (new grads ok),New York / Remote
Anything,https://www.ycombinator.com/companies/skio/jobs/ea0uPH4-anything,Skio,Any (new grads ok),New York / Remote
UX Engineer,https://www.ycombinator.com/companies/skio/jobs/MlMNScw-ux-engineer,Skio,Any (new grads ok),"New York, NY, US / Remote"
Software Engineer,https://www.ycombinator.com/companies/skio/jobs/GTJ6SAt-software-engineer,Skio,Any (new grads ok),New York / Remote
Looking for another business/operational role?,https://www.ycombinator.com/companies/kingdom-supercultures/jobs/nC5SiQX-looking-for-another-business-operational-role,Kingdom Supercultures,Any (new grads ok),Brooklyn
Looking for another scientific role?,https://www.ycombinator.com/companies/kingdom-supercultures/jobs/QGjBXV2-looking-for-another-scientific-role,Kingdom Supercultures,,Brooklyn
Senior Product Engineer (Frontend),https://www.ycombinator.com/companies/tella/jobs/BF8KIwz-senior-product-engineer-frontend,Tella,$120K - $180K,US / CA / NL / GB / FR / ES / PT / DE / IT / DK / SE / FI / NO / UA / PL / AT / CH / BE / Remote (US; CA; NL; GB; FR; ES; PT; DE; IT; DK; SE; FI; NO; UA; PL; AT; CH; BE)
Founding Designer,https://www.ycombinator.com/companies/tella/jobs/H81dp8v-founding-designer,Tella,$100K - $150K,Remote
Technical Support,https://www.ycombinator.com/companies/tella/jobs/Sw81quo-technical-support,Tella,$70K - $80K,Remote
Senior Security Program Manager,https://www.ycombinator.com/companies/notabene/jobs/68xUjqq-senior-security-program-manager,Notabene,6+ years,"New York, NY, US / Remote (New York, NY, US)"
"Manager, Finance",https://www.ycombinator.com/companies/notabene/jobs/9n7ALYt-manager-finance,Notabene,$120K - $150K,Remote (US)
Customer Success Manager (EMEA),https://www.ycombinator.com/companies/notabene/jobs/afYRzAz-customer-success-manager-emea,Notabene,3+ years,Remote
VP of Payment Markets,https://www.ycombinator.com/companies/notabene/jobs/OlgnwUu-vp-of-payment-markets,Notabene,11+ years,"London / Remote (London, England, GB; Berlin, BE, DE; Zug, ZG, CH; Barcelona, CT, ES; PT; FR; Italita, ND, NG)"
Head of Product Design (EU Only),https://www.ycombinator.com/companies/notabene/jobs/hrULAVM-head-of-product-design-eu-only,Notabene,6+ years,FR / DE / DK / CH / ES / NL / GB / Remote (FR; DE; DK; CH; ES; NL; GB)
Solutions Engineer (EMEA),https://www.ycombinator.com/companies/notabene/jobs/tryR7X7-solutions-engineer-emea,Notabene,3+ years,Remote
Staff Backend Engineer (UK Remote),https://www.ycombinator.com/companies/notabene/jobs/r5goaER-staff-backend-engineer-uk-remote,Notabene,6+ years,"FR / DE / Berlin, BE, DE / IT / GB / Zug, ZG, CH / ES / PT / Remote (FR; DE; Berlin, BE, DE; IT; GB; Zug, ZG, CH; ES; PT)"
Enterprise Sales Executive (EMEA),https://www.ycombinator.com/companies/notabene/jobs/4PEj8fL-enterprise-sales-executive-emea,Notabene,$70K - $100K,"London / Remote (FR; DE; Dubai, Dubai, AE)"
Director of Regulatory Compliance,https://www.ycombinator.com/companies/notabene/jobs/Jmkk67l-director-of-regulatory-compliance,Notabene,6+ years,Remote (US)
Head of Business Operations,https://www.ycombinator.com/companies/notabene/jobs/FBuyQvO-head-of-business-operations,Notabene,11+ years,"New York, NY, US / Remote (New York, NY, US)"
Staff Backend Engineer (EU Remote),https://www.ycombinator.com/companies/notabene/jobs/LVofhgE-staff-backend-engineer-eu-remote,Notabene,6+ years,"London, England, GB / Berlin, BE, DE / Zug, ZG, CH / NL / IT / FR / ES / Remote (London, England, GB; Berlin, BE, DE; Zug, ZG, CH; NL; IT; FR; ES)"
Senior Software Engineer,https://www.ycombinator.com/companies/polyops/jobs/0xn1KzO-senior-software-engineer,Polyops,$120K - $150K,"Santa Monica, CA, US / Remote (US)"
Data Scientist,https://www.ycombinator.com/companies/polyops/jobs/XSC1bLK-data-scientist,Polyops,$120K - $150K,"Santa Monica, CA, US / Remote (US)"
AI guided antibody design,https://www.ycombinator.com/companies/nabla-bio/jobs/VyHb6GY-ai-guided-antibody-design,Nabla Bio,$100K - $250K,"Boston, MA, US"
Senior Product Engineer,https://www.ycombinator.com/companies/vitable-health/jobs/hm1IYpn-senior-product-engineer,Vitable Health,,Remote / Remote (US)
Sales Development Representative,https://www.ycombinator.com/companies/vitable-health/jobs/MnIXjy0-sales-development-representative,Vitable Health,,"Philadelphia, PA (remote) / Remote (US)"
Account Executive,https://www.ycombinator.com/companies/vitable-health/jobs/oJZgN69-account-executive,Vitable Health,,Remote / Remote (US)
Machine Learning Engineer,https://www.ycombinator.com/companies/nextera-robotics/jobs/bbyawrb-machine-learning-engineer,Nextera Robotics,$130K - $180K,"Boston, MA"
Sr. Business Development Manager,https://www.ycombinator.com/companies/nextera-robotics/jobs/LTDxNVv-sr-business-development-manager,Nextera Robotics,$90K - $120K,"Boston, MA, US / New York, NY, US / Hartford, CT, US / Washington, DC, US"
Full Stack Engineer,https://www.ycombinator.com/companies/nextera-robotics/jobs/kkeEfrV-full-stack-engineer,Nextera Robotics,$130K - $160K,"Boston, MA"
Equipment Assembly Technician - part-time,https://www.ycombinator.com/companies/nextera-robotics/jobs/KTD4ULW-equipment-assembly-technician-part-time,Nextera Robotics,$20K - $52K,"Boston, MA"
Remote Supervisor for Robots - part-time - local in MA only,https://www.ycombinator.com/companies/nextera-robotics/jobs/KRk14ny-remote-supervisor-for-robots-part-time-local-in-ma-only,Nextera Robotics,$48K - $52K,"Boston, MA"
"Senior Software Engineer, Robotics (Navigation)",https://www.ycombinator.com/companies/nextera-robotics/jobs/FyCxlEw49-senior-software-engineer-robotics-navigation,Nextera Robotics,$130K - $180K,"Boston, MA"
User Growth Lead / Growth Marketing,https://www.ycombinator.com/companies/daybreak-health/jobs/4uJbcWm-user-growth-lead-growth-marketing,Daybreak Health,$120K - $150K,Remote (US)
Account Manager,https://www.ycombinator.com/companies/daybreak-health/jobs/AYfWpmX-account-manager,Daybreak Health,$78K - $108K,"Dallas, TX, US / Atlanta, GA, US / Charlotte, NC, US / Chicago, IL, US / New York, NY, US / Kansas City, MO, US / Nashville, TN, US / Charleston, SC, US / VA, US / Baltimore, MD, US / Remote (Dallas, TX, US; Atlanta, GA, US; Charlotte, NC, US; Chicago, IL, US; New York, NY, US; Kansas City, MO, US; Nashville, TN, US; Charleston, SC, US; VA, US; Baltimore, MD, US)"
Finance & Operations Senior Analyst,https://www.ycombinator.com/companies/daybreak-health/jobs/smWYhbj-finance-operations-senior-analyst,Daybreak Health,$90K - $120K,US / Remote (US)
Senior Backend Engineer - Golang,https://www.ycombinator.com/companies/atomic/jobs/YGfhkDP-senior-backend-engineer-golang,Atomic,3+ years,Remote / Remote (US)
Senior Software Engineer - Backend,https://www.ycombinator.com/companies/bits/jobs/jJ4l3dY-senior-software-engineer-backend,Bits,$80K - $150K,"London, England, GB"
Finance & Analytics Manager,https://www.ycombinator.com/companies/bits/jobs/cC85dw9-finance-analytics-manager,Bits,$40K - $80K,"London, England, GB"
AI Product Engineer,https://www.ycombinator.com/companies/seal-2/jobs/j6zLlet-ai-product-engineer,Seal 2,£50K - £80K GBP,"London, England, GB"
Sales Development Representative,https://www.ycombinator.com/companies/seal-2/jobs/judg40s-sales-development-representative,Seal 2,£29K - £70K GBP,"London, England, GB"
Product Engineer (Full-time),https://www.ycombinator.com/companies/seal-2/jobs/n4byaPm-product-engineer-full-time,Seal 2,£50K - £80K GBP,"England, GB"
Sales Manager,https://www.ycombinator.com/companies/doola/jobs/Bzqy0uc-sales-manager,Doola,$25K - $45K,Remote
Director of Influencer Marketing,https://www.ycombinator.com/companies/doola/jobs/npylwdS-director-of-influencer-marketing,Doola,$80K - $140K,"New York, NY, US"
Bookkeeper (Client Success),https://www.ycombinator.com/companies/doola/jobs/o7evMBB-bookkeeper-client-success,Doola,$55K - $80K,Remote (US)
Video Editor (Philippines / Bangalore),https://www.ycombinator.com/companies/doola/jobs/dg6saZS-video-editor-philippines-bangalore,Doola,,Remote in Philippines / Remote (US)
"Tax Preparer (Bangalore, India)",https://www.ycombinator.com/companies/doola/jobs/JIGwcQ0-tax-preparer-bangalore-india,Doola,,Bangalore
"CPA, Tax Professional (Bangalore, India)",https://www.ycombinator.com/companies/doola/jobs/nqtfSsq-cpa-tax-professional-bangalore-india,Doola,,Bangalore
"Bookkeeper (Bangalore, India)",https://www.ycombinator.com/companies/doola/jobs/EiVa7yS-bookkeeper-bangalore-india,Doola,,Bangalore / Remote (US)
"CPA, Tax Professional (NYC)",https://www.ycombinator.com/companies/doola/jobs/zDguxD9-cpa-tax-professional-nyc,Doola,$100K - $150K,"New York, New York"
Pitch Us on a Role,https://www.ycombinator.com/companies/doola/jobs/cmnbzur-pitch-us-on-a-role,Doola,Any (new grads ok),"New York, New York"
Technical Project Manager,https://www.ycombinator.com/companies/blissway/jobs/mTAvhak-technical-project-manager,Blissway,$110K - $180K,"Denver, Colorado"
Full-Stack Engineer,https://www.ycombinator.com/companies/blissway/jobs/AdWavCg-full-stack-engineer,Blissway,$125K - $185K,"Denver, Colorado"
Machine-Learning Engineer,https://www.ycombinator.com/companies/blissway/jobs/wdRCkTe-machine-learning-engineer,Blissway,$125K - $185K,"Denver, Colorado"
Electrical Engineer,https://www.ycombinator.com/companies/blissway/jobs/cep8MsY-electrical-engineer,Blissway,$125K - $185K,"Denver, Colorado"
Product Engineer,https://www.ycombinator.com/companies/humanloop/jobs/utOCZYM-product-engineer,Humanloop,£80K - £130K GBP,"London, England, GB"
AI Product Evangelist / Technical Product Marketer,https://www.ycombinator.com/companies/humanloop/jobs/lYzQN0Z-ai-product-evangelist-technical-product-marketer,Humanloop,$80K - $160K,"San Francisco, CA, US"
Design Engineer,https://www.ycombinator.com/companies/humanloop/jobs/CvtY4rf-design-engineer,Humanloop,$120K - $190K,"San Francisco, CA, US"
Founding Account Executive ,https://www.ycombinator.com/companies/humanloop/jobs/BjT3j2l-founding-account-executive,Humanloop,$100K - $150K,"San Francisco, CA, US"
Frontend Product Engineer,https://www.ycombinator.com/companies/humanloop/jobs/tniHzJVxT-frontend-product-engineer,Humanloop,£70K - £130K GBP,"London, England, GB"
Product Engineer,https://www.ycombinator.com/companies/humanloop/jobs/CLKzKu64B-product-engineer,Humanloop,$150K - $200K,"San Francisco, CA, US"
IT Intern,https://www.ycombinator.com/companies/swif-ai/jobs/dcyipuS-it-intern,Swif Ai,$300 - $1K,"Santa Clara, CA, US"
Sales Intern,https://www.ycombinator.com/companies/swif-ai/jobs/iz7AKOn-sales-intern,Swif Ai,$300 - $1K,"Santa Clara, CA, US / Remote (US; CA; PH; ID; TW; VN)"
Full-Cycle Account Executive,https://www.ycombinator.com/companies/swif-ai/jobs/9H1KM0B-full-cycle-account-executive,Swif Ai,$30K - $60K,"Sunnyvale, CA, US / Remote (US)"
QA Engineer,https://www.ycombinator.com/companies/swif-ai/jobs/rm6wwJu-qa-engineer,Swif Ai,$30K - $50K,TW / TR / VN / Remote (TW; TR; VN)
Backend Engineer (Golang),https://www.ycombinator.com/companies/swif-ai/jobs/bAPaF28-backend-engineer-golang,Swif Ai,$40K - $70K,TW / US / CA / SG / ID / VN / MY / TR / Remote (TW; US; CA; SG; ID; VN; MY; TR)
Frontend Engineer (Vue),https://www.ycombinator.com/companies/swif-ai/jobs/aDnRu3L-frontend-engineer-vue,Swif Ai,$40K - $80K,ID / TW / US / CA / SG / VN / JP / KR / MY / Remote (ID; TW; US; CA; SG; VN; JP; KR; MY)
DevOps Engineer,https://www.ycombinator.com/companies/swif-ai/jobs/094hpfh-devops-engineer,Swif Ai,$30K - $50K,Taiwan / VN / ID / TR / Remote (Taiwan; VN; ID; TR)
Backend Developer (Scala/Java),https://www.ycombinator.com/companies/swif-ai/jobs/VoDI7UY-backend-developer-scala-java,Swif Ai,$40K - $80K,Taiwan / United States / Canada / Singapore / VN / ID / Remote (Taiwan; United States; Canada; Singapore; VN; ID)
Marketing Manager,https://www.ycombinator.com/companies/dialect/jobs/PvdW92H-marketing-manager,Dialect,$100K - $140K,"New York, NY, US / Remote (US)"
Certified Public Accountant,https://www.ycombinator.com/companies/synapticure/jobs/nDyewqG-certified-public-accountant,Synapticure,$65K - $90K,Remote (US)
Senior Software Engineer,https://www.ycombinator.com/companies/synapticure/jobs/iOOdy4V-senior-software-engineer,Synapticure,3+ years,Remote (US)
Head of Growth - Care Partnerships ,https://www.ycombinator.com/companies/synapticure/jobs/bBGN2JL-head-of-growth-care-partnerships,Synapticure,$150K - $300K,US / Remote (US)
Full Stack Software Engineer (all levels),https://www.ycombinator.com/companies/hypotenuse-ai/jobs/GIRxotn-full-stack-software-engineer-all-levels,Hypotenuse Ai,Any (new grads ok),SG
Full-Stack Software Engineer Intern (6 months),https://www.ycombinator.com/companies/hypotenuse-ai/jobs/3fb0VX9-full-stack-software-engineer-intern-6-months,Hypotenuse Ai,Any,SG
Digital Marketing Intern (6 months),https://www.ycombinator.com/companies/hypotenuse-ai/jobs/UVrVK5f-digital-marketing-intern-6-months,Hypotenuse Ai,Any,SG
Branding and Creative Design Intern,https://www.ycombinator.com/companies/hypotenuse-ai/jobs/VepduNQ-branding-and-creative-design-intern,Hypotenuse Ai,Any,SG
Product Intern (6 months),https://www.ycombinator.com/companies/hypotenuse-ai/jobs/coIA9T6-product-intern-6-months,Hypotenuse Ai,Any,SG
Business Development & Operations Intern (6 months) ,https://www.ycombinator.com/companies/hypotenuse-ai/jobs/8ZA77Ha-business-development-operations-intern-6-months,Hypotenuse Ai,Any,SG
Product Designer,https://www.ycombinator.com/companies/pave-2/jobs/U2GWMqa-product-designer,Pave 2,$150K - $236K,"San Francisco, CA, US"
Founders Office (CEO's Office) - Product Manager,https://www.ycombinator.com/companies/explorex/jobs/sSDJ4SX-founders-office-ceo-s-office-product-manager,Explorex,₹1.2M - ₹1.5M INR,"Bengaluru, KA, IN"
UI/UX Designer ,https://www.ycombinator.com/companies/explorex/jobs/E8NCOjq-ui-ux-designer,Explorex,$8K - $12K,"Bengaluru, KA, IN"
Quality Analyst,https://www.ycombinator.com/companies/explorex/jobs/dTzl6Vu-quality-analyst,Explorex,₹500K - ₹700K INR,"Bengaluru, KA, IN"
Data Analyst,https://www.ycombinator.com/companies/explorex/jobs/K3xvwX1-data-analyst,Explorex,₹600K - ₹1.5M INR,"Bengaluru, KA, IN"
Graphic Designer,https://www.ycombinator.com/companies/explorex/jobs/vDCZJJr-graphic-designer,Explorex,₹450K - ₹500K INR,"Bengaluru, KA, IN"
Social Media Manager,https://www.ycombinator.com/companies/explorex/jobs/upy4liO-social-media-manager,Explorex,₹500K - ₹700K INR,"Bengaluru, KA, IN"
Sales Executive,https://www.ycombinator.com/companies/explorex/jobs/Dq50MDO-sales-executive,Explorex,₹400K - ₹600K INR,"Mumbai, MH, IN / Pune, MH, IN"
Dev-Ops Engineer,https://www.ycombinator.com/companies/explorex/jobs/O9kudXu-dev-ops-engineer,Explorex,₹3M - ₹3.5M INR,"Bengaluru, KA, IN"
Front End Engineer,https://www.ycombinator.com/companies/explorex/jobs/IF3PAjw-front-end-engineer,Explorex,$10K - $20K,Bangalore
Front End Engineer Lead,https://www.ycombinator.com/companies/explorex/jobs/du157uJ-front-end-engineer-lead,Explorex,$10K - $20K,Bangalore
Backend Engineer II+,https://www.ycombinator.com/companies/explorex/jobs/W4STL5S-backend-engineer-ii,Explorex,$30K - $60K,Bangalore
Senior Process Engineer,https://www.ycombinator.com/companies/venostent/jobs/E4oKiy2FL-senior-process-engineer,Venostent,3+ years,"Houston, TX"
Senior Backend Engineer,https://www.ycombinator.com/companies/safepay/jobs/sYvXVJL-senior-backend-engineer,Safepay,1+ years,"Karachi, Pakistan / Remote (US)"
Founding Mobile iOS SDK Engineer (Onsite - SF),https://www.ycombinator.com/companies/seam/jobs/GEYSxIj-founding-mobile-ios-sdk-engineer-onsite-sf,Seam,$150K - $200K,"San Francisco, CA, US"
Senior Software Engineer (Onsite - SF),https://www.ycombinator.com/companies/seam/jobs/TlDr05F-senior-software-engineer-onsite-sf,Seam,$130K - $200K,San Francisco
Account Executive,https://www.ycombinator.com/companies/seam/jobs/vNSMCeV-account-executive,Seam,$150K - $180K,"San Francisco, CA, US"
Backend Developer,https://www.ycombinator.com/companies/conta-simples/jobs/PahN5lG-backend-developer,Conta Simples,$2.5K - $3K,"São Paulo, SP, Brazil / Remote"
"GTM – Community, Growth & Ecosystem",https://www.ycombinator.com/companies/questdb/jobs/cGbzkjG-gtm-community-growth-ecosystem,Questdb,$125K - $200K,"London, England, GB / Remote (US)"
Core Database Engineer,https://www.ycombinator.com/companies/questdb/jobs/fm38yG3xe-core-database-engineer,Questdb,$100K - $180K,"London, England, GB / Remote"
Product Engineer - Frontend,https://www.ycombinator.com/companies/shuttle/jobs/tWtLSQR-product-engineer-frontend,Shuttle,$80K - $130K,"London, England, GB / Remote"
DevRel Engineer,https://www.ycombinator.com/companies/shuttle/jobs/4QVMRCN-devrel-engineer,Shuttle,$75K - $125K,Remote
AI Engineer,https://www.ycombinator.com/companies/shuttle/jobs/n9zjR2m-ai-engineer,Shuttle,$100K - $150K,"London, England, GB / Remote"
Senior Cloud Engineer - AWS,https://www.ycombinator.com/companies/shuttle/jobs/9IkARen-senior-cloud-engineer-aws,Shuttle,$80K - $150K,"London, England, GB / Remote"
Staff Software Engineer,https://www.ycombinator.com/companies/atob/jobs/U0SkOXl-staff-software-engineer,Atob,$200K - $250K,"Remote / San Francisco, CA, US / New York, NY, US / Remote (US; CA)"
"Senior Software Engineer, Risk",https://www.ycombinator.com/companies/atob/jobs/hwajmYv-senior-software-engineer-risk,Atob,$180K - $225K,"Remote / San Francisco, CA, US / New York, NY, US / Remote (CA; US)"
"Senior Software Engineer, Growth",https://www.ycombinator.com/companies/atob/jobs/RIAAwRn-senior-software-engineer-growth,Atob,$180K - $225K,"Remote / San Francisco, CA, US / New York, NY, US / Remote (US; CA)"
Customer Success Associate ,https://www.ycombinator.com/companies/dripos/jobs/AJiTV1W-customer-success-associate,Dripos,$80K - $100K,"New York, NY, US"
Senior II Data Engineer | Platform Software,https://www.ycombinator.com/companies/zitara-technologies-inc/jobs/Ycy9wSH-senior-ii-data-engineer-platform-software,Zitara Technologies Inc,$180K - $200K,"San Francisco, CA / Hybrid / Remote / Remote (US)"
Senior Field Applications Engineer ,https://www.ycombinator.com/companies/zitara-technologies-inc/jobs/4Hhlqzk-senior-field-applications-engineer,Zitara Technologies Inc,$152K - $191K,"San Francisco, CA"
Senior Software Engineer,https://www.ycombinator.com/companies/blue-onion-labs/jobs/0ABl79zB3-senior-software-engineer,Blue Onion Labs,$90 - $200,"New York City / Remote (New York, NY, US; Los Angeles, CA, US; São Paulo, SP, BR; RJ, BR; San Francisco, CA, US; Toronto, ON, CA; Miami, FL, US; Bogotá, Bogota, CO; Mexico City, CDMX, MX; Chicago, IL, US; Dallas, TX, US; Austin, TX, US; Houston, TX, US; Denver, CO, US; Seattle, WA, US; Portland, OR, US; Vancouver, BC, CA)"
Founding Marketer,https://www.ycombinator.com/companies/hubble/jobs/cbmDwbS-founding-marketer,Hubble,$90K - $135K,Remote / Remote (US; GB; SE; DK; FR; CA)
Full Stack Software Engineer,https://www.ycombinator.com/companies/hubble/jobs/5HFvO5EmG-full-stack-software-engineer,Hubble,$100K - $170K,GB / ES / PT / IT / DE / FR / SE / NO / FI / CZ / GE / DK / HR / SI / PL / HU / GR / NL / LU / BE / EE / LV / LT / US / Remote (GB; ES; PT; IT; DE; FR; SE; NO; FI; CZ; GE; DK; HR; SI; PL; HU; GR; NL; LU; BE; EE; LV; LT; US)
Senior Software Engineer - AI Agents,https://www.ycombinator.com/companies/datafold/jobs/ieGYiSG-senior-software-engineer-ai-agents,Datafold,$175K - $245K,Remote (US)
Solutions Engineer,https://www.ycombinator.com/companies/supertokens/jobs/eEVdU9u-solutions-engineer,Supertokens,$90K - $160K,US / CA / Remote (US; CA)
Developer Relations ,https://www.ycombinator.com/companies/supertokens/jobs/scVR0P6-developer-relations,Supertokens,$80K - $100K,Remote (US)
Sr Fullstack Engineer,https://www.ycombinator.com/companies/supertokens/jobs/lBR8dOv-sr-fullstack-engineer,Supertokens,$80K - $100K,Remote (US)
Backend Engineer,https://www.ycombinator.com/companies/supertokens/jobs/yhIgUvx-backend-engineer,Supertokens,$45K - $65K,"DE / ES / Barcelona, CT, ES / HU / BG / PL / RO / AM / Remote (DE; ES; Barcelona, CT, ES; HU; BG; PL; RO; AM)"
FullStack Engineer,https://www.ycombinator.com/companies/supertokens/jobs/WZlo4aaH6-fullstack-engineer,Supertokens,1+ years,Remote / Remote (US)
Frontend engineer,https://www.ycombinator.com/companies/supertokens/jobs/RvzNwW8s3-frontend-engineer,Supertokens,3+ years,Remote / Remote (US)
Infrastructure Engineer,https://www.ycombinator.com/companies/roboflow/jobs/sp7wv82-infrastructure-engineer,Roboflow,$150 - $175,"New York, NY, US / San Francisco, CA, US / Remote (US)"
IT & Security Operations Specialist,https://www.ycombinator.com/companies/roboflow/jobs/UvHSKr4-it-security-operations-specialist,Roboflow,$130K - $160K,"San Francisco, CA, US"
Solutions Architect,https://www.ycombinator.com/companies/roboflow/jobs/6v02dCZ-solutions-architect,Roboflow,$150K - $200K,"New York, NY, US / San Francisco, CA, US / Remote (US)"
Implementation Engineer,https://www.ycombinator.com/companies/roboflow/jobs/Qe7nT0h-implementation-engineer,Roboflow,$150K - $200K,"San Francisco, CA, US / New York, NY, US / Remote (US)"
Former Founder,https://www.ycombinator.com/companies/roboflow/jobs/SRD0iZ0-former-founder,Roboflow,$60K - $150K,"San Francisco, CA, US / New York, NY, US / São Paulo, SP, BR / Remote"
Recruiter,https://www.ycombinator.com/companies/roboflow/jobs/WMbTElJ-recruiter,Roboflow,$145K - $175K,"New York, NY, US / San Francisco, CA, US / Remote (US)"
Account Executive,https://www.ycombinator.com/companies/roboflow/jobs/GfjRaiR-account-executive,Roboflow,$140K,"New York, NY, US / San Francisco, CA, US / Remote (US)"
Full Stack Engineer,https://www.ycombinator.com/companies/roboflow/jobs/kfTvTLz-full-stack-engineer,Roboflow,$165K,"Remote, United States / New York, NY, US / San Francisco, CA, US / Remote (US)"
Sales Development Representative,https://www.ycombinator.com/companies/roboflow/jobs/x4cRPAW-sales-development-representative,Roboflow,$70K,"New York, NY, US"
Sr. Software Engineer - Product,https://www.ycombinator.com/companies/luminai/jobs/IW9Lujv-sr-software-engineer-product,Luminai,$170K - $250K,"San Mateo, CA, US / Remote (CA, US)"
Customer Success Manager,https://www.ycombinator.com/companies/luminai/jobs/K7dcBLA-customer-success-manager,Luminai,$100K - $160K,San Mateo
Marketing Generalist,https://www.ycombinator.com/companies/luminai/jobs/dYsCYyz-marketing-generalist,Luminai,$140K - $170K,San Mateo
Enterprise Growth & Partnerships,https://www.ycombinator.com/companies/luminai/jobs/vK48euE-enterprise-growth-partnerships,Luminai,$170K - $200K,San Mateo
Deployment Engineer,https://www.ycombinator.com/companies/luminai/jobs/x5JXlKo-deployment-engineer,Luminai,$120K - $170K,San Mateo / Remote (US)
"Staff / Senior Machine Learning Engineer (LLM), AI Lab",https://www.ycombinator.com/companies/zip/jobs/g9qCiVB-staff-senior-machine-learning-engineer-llm-ai-lab,Zip,3+ years,"San Francisco, CA, US"
"Senior / Principal Product Manager, New Products",https://www.ycombinator.com/companies/zip/jobs/FNk5f6F-senior-principal-product-manager-new-products,Zip,6+ years,"San Francisco, CA, US"
"Principal Product Manager, Procurement and Sourcing",https://www.ycombinator.com/companies/zip/jobs/ZjWTjD1-principal-product-manager-procurement-and-sourcing,Zip,6+ years,"San Francisco, CA, US"
"Director, Product Management - Procure-to-Pay",https://www.ycombinator.com/companies/zip/jobs/tu319EF-director-product-management-procure-to-pay,Zip,11+ years,"San Francisco, CA, US"
"Engineering Manager, Infrastructure (DevX & Data Eng)",https://www.ycombinator.com/companies/zip/jobs/wWBYZQO-engineering-manager-infrastructure-devx-data-eng,Zip,6+ years,"San Francisco, CA, US"
"Engineering Manager, Products",https://www.ycombinator.com/companies/zip/jobs/8qzr5r8-engineering-manager-products,Zip,6+ years,"San Francisco, CA, US"
Senior Frontend Engineer,https://www.ycombinator.com/companies/zip/jobs/CJgJBF7-senior-frontend-engineer,Zip,3+ years,"San Francisco, CA, US"
Software Engineer,https://www.ycombinator.com/companies/zip/jobs/SM9CWx3-software-engineer,Zip,6+ years,"San Francisco, CA"
Senior Account Manager (New York),https://www.ycombinator.com/companies/spate/jobs/gTqVqs4-senior-account-manager-new-york,Spate,$90 - $110,"New York, NY, US"
"Principal Backend Software Engineer, Python",https://www.ycombinator.com/companies/oxygen/jobs/NaUq8Ip-principal-backend-software-engineer-python,Oxygen,$170K - $230K,United States / Remote (United States)
"Senior Software Development Engineer, Backend (Remote) ",https://www.ycombinator.com/companies/oxygen/jobs/X2QyS53-senior-software-development-engineer-backend-remote,Oxygen,$160 - $200,US / Remote (US)
Sales Manager,https://www.ycombinator.com/companies/leena-ai/jobs/9h67pWNCQ-sales-manager,Leena Ai,$70K - $150K,"New York, San Francisco / Remote (US)"
Head of Product ,https://www.ycombinator.com/companies/mutiny/jobs/X2DeZqZ-head-of-product,Mutiny,$230K - $300K,"New York, NY, US"
"Full Stack Software Engineer, AI products",https://www.ycombinator.com/companies/mutiny/jobs/46uVvoG-full-stack-software-engineer-ai-products,Mutiny,$170K - $210K,US / CA / Remote (US; CA)
Sales Development Representative (SDR),https://www.ycombinator.com/companies/nestor/jobs/QNomBQ6-sales-development-representative-sdr,Nestor,1+ years,Remote (US)
Founding Team - Rust and Substrate Engineer,https://www.ycombinator.com/companies/ziffyhomes/jobs/AvhSIVO-founding-team-rust-and-substrate-engineer,Ziffyhomes,$150K,Remote
Data Engineer,https://www.ycombinator.com/companies/bot-md/jobs/GvHEh5W-data-engineer,Bot Md,$1K - $2K,"Bengaluru, KA, IN / Kuala Lumpur, Federal Territory of Kuala Lumpur, MY / Jakarta, Jakarta, ID / Remote"
DevOps Engineer,https://www.ycombinator.com/companies/bot-md/jobs/6RNVmt0-devops-engineer,Bot Md,$2K - $3K,"Bengaluru, KA, IN / Remote (Bengaluru, KA, IN; Jakarta, Jakarta, ID; Kuala Lumpur, Federal Territory of Kuala Lumpur, MY)"
"Software Engineer, Quality Assurance (QA)",https://www.ycombinator.com/companies/bot-md/jobs/vF3Vn7d-software-engineer-quality-assurance-qa,Bot Md,$3K - $5K,"Bengaluru, KA, IN / Remote"
Senior Software Engineer (Backend),https://www.ycombinator.com/companies/bot-md/jobs/nV5hWS8-senior-software-engineer-backend,Bot Md,$3.8K - $5.7K,"Bengaluru, KA, IN / Jakarta, Jakarta, ID / Remote (Bengaluru, KA, IN; Jakarta, Jakarta, ID; Kuala Lumpur, Federal Territory of Kuala Lumpur, MY)"
Senior Product Designer,https://www.ycombinator.com/companies/canary-technologies/jobs/vQx0mue-senior-product-designer,Canary Technologies,3+ years,New York
Full Stack Software Engineer (focus on Front-End),https://www.ycombinator.com/companies/canary-technologies/jobs/bZnL9pApl-full-stack-software-engineer-focus-on-front-end,Canary Technologies,1+ years,New York NY
Senior Product Manager (Remote US),https://www.ycombinator.com/companies/papa/jobs/A3Shtmc-senior-product-manager-remote-us,Papa,6+ years,Remote
GTM team (Various roles available),https://www.ycombinator.com/companies/alpha-vantage/jobs/mddXfsI-gtm-team-various-roles-available,Alpha Vantage,$60K - $85K,"Boston, MA, US"
"Engineering Manager, Data / AI Team",https://www.ycombinator.com/companies/bluecargo/jobs/XigAxjp-engineering-manager-data-ai-team,Bluecargo,$180K - $250K,"Los Angeles, CA, US / New York, NY, US"
Data Analytics Engineer,https://www.ycombinator.com/companies/bluecargo/jobs/HAzM8nm-data-analytics-engineer,Bluecargo,$120K - $170K,"Los Angeles, CA, US / New York, NY, US"
Senior Customer Success Manager,https://www.ycombinator.com/companies/bluecargo/jobs/z92GBok-senior-customer-success-manager,Bluecargo,$100K - $140K,"Los Angeles, CA, US / New York, NY, US"
Lead Product Designer,https://www.ycombinator.com/companies/bluecargo/jobs/u5a5DXy-lead-product-designer,Bluecargo,$130K - $200K,"Los Angeles, CA, US / New York, NY, US"
Backend Engineer,https://www.ycombinator.com/companies/bluecargo/jobs/keEFaPr-backend-engineer,Bluecargo,$130K - $180K,"Los Angeles / New York, NY, US"
Senior Backend / Full Stack Engineer,https://www.ycombinator.com/companies/bluecargo/jobs/XUIjt88-senior-backend-full-stack-engineer,Bluecargo,$160K - $220K,"Los Angeles / New York, NY, US"
Product Manager,https://www.ycombinator.com/companies/bluecargo/jobs/6vQWKQ1-product-manager,Bluecargo,$130K - $180K,"New York, NY, US / Los Angeles, CA, US"
BizOps Associate,https://www.ycombinator.com/companies/cytera-cellworks/jobs/92K1wzo-bizops-associate,Cytera Cellworks,£45K - £55K GBP,London
Senior Electronics Engineer,https://www.ycombinator.com/companies/cytera-cellworks/jobs/FrAVSt8-senior-electronics-engineer,Cytera Cellworks,£65K - £78K GBP,London
Mechanical Engineer,https://www.ycombinator.com/companies/cytera-cellworks/jobs/Ak9yrdi-mechanical-engineer,Cytera Cellworks,£50K - £62K GBP,London
Senior Product Designer,https://www.ycombinator.com/companies/cytera-cellworks/jobs/d6WORNF-senior-product-designer,Cytera Cellworks,£50K - £80K GBP,London
Technical Artist,https://www.ycombinator.com/companies/dreamcraft-entertainment-inc/jobs/1dkUajE-technical-artist,Dreamcraft Entertainment Inc,3+ years,Redwood City or Remote / Remote
Senior Frontend Engineer,https://www.ycombinator.com/companies/dreamcraft-entertainment-inc/jobs/bkByCJH-senior-frontend-engineer,Dreamcraft Entertainment Inc,3+ years,"Redwood City, California / Remote"
Senior Software Engineer,https://www.ycombinator.com/companies/dreamcraft-entertainment-inc/jobs/5Ym8Qki-senior-software-engineer,Dreamcraft Entertainment Inc,3+ years,"Redwood City, CA"
3D Artist,https://www.ycombinator.com/companies/dreamcraft-entertainment-inc/jobs/jP6G76IAe-3d-artist,Dreamcraft Entertainment Inc,1+ years,"Redwood City, California / Remote"
AI Deployment Strategist,https://www.ycombinator.com/companies/quickchat-ai/jobs/jWxrf4W-ai-deployment-strategist,Quickchat Ai,$36K - $84K,"Warsaw, Masovian Voivodeship, PL"
UI/UX and Graphic Designer,https://www.ycombinator.com/companies/quickchat-ai/jobs/JntXLOc-ui-ux-and-graphic-designer,Quickchat Ai,$36K - $84K,"Warsaw, Masovian Voivodeship, PL / Remote"
Customer Success Specialist,https://www.ycombinator.com/companies/quickchat-ai/jobs/M8mS6ci-customer-success-specialist,Quickchat Ai,$36K - $84K,"Warsaw, Masovian Voivodeship, PL"
Software Engineer,https://www.ycombinator.com/companies/quickchat-ai/jobs/w8NfYOL-software-engineer,Quickchat Ai,$48K - $96K,"Warsaw, Masovian Voivodeship, PL"
Machine Learning Engineer Intern,https://www.ycombinator.com/companies/quickchat-ai/jobs/V0iA4Hm-machine-learning-engineer-intern,Quickchat Ai,$24K - $36K,"Warsaw, Masovian Voivodeship, PL"
Front-end Engineer,https://www.ycombinator.com/companies/quickchat-ai/jobs/PsLHjmQ-front-end-engineer,Quickchat Ai,$36K - $84K,"Warsaw, Masovian Voivodeship, PL"
Infrastructure Engineer,https://www.ycombinator.com/companies/quickchat-ai/jobs/qzXaNrq-infrastructure-engineer,Quickchat Ai,$48K - $96K,"Warsaw, Masovian Voivodeship, PL"
Operations Associate,https://www.ycombinator.com/companies/quickchat-ai/jobs/C8tbP83-operations-associate,Quickchat Ai,$36K - $84K,"Warsaw, Masovian Voivodeship, PL"
Marketing Associate,https://www.ycombinator.com/companies/quickchat-ai/jobs/JaWLH97-marketing-associate,Quickchat Ai,$36K - $84K,"Warsaw, Masovian Voivodeship, PL"
Machine Learning Engineer,https://www.ycombinator.com/companies/quickchat-ai/jobs/aGNa4QL-machine-learning-engineer,Quickchat Ai,$48K - $96K,"Warsaw, Masovian Voivodeship, PL"
Sales Associate,https://www.ycombinator.com/companies/quickchat-ai/jobs/Et7kIYF-sales-associate,Quickchat Ai,$36K - $84K,"Warsaw, Masovian Voivodeship, PL / Remote (US; GB)"
"Software Engineer, Backend ",https://www.ycombinator.com/companies/duffel/jobs/Loght1V-software-engineer-backend,Duffel,£80K - £90K GBP,"London, England, GB"
Lead Software Engineer (backend/fullstack),https://www.ycombinator.com/companies/corvus-robotics/jobs/j6QzSEb-lead-software-engineer-backend-fullstack,Corvus Robotics,$170K - $230K,"Mountain View, CA, US / Remote (US; CA)"
"Director, Growth Marketing",https://www.ycombinator.com/companies/meru-health/jobs/ZjKcsyk-director-growth-marketing,Meru Health,$165 - $195,"San Mateo, CA, US / Denver, CO, US"
Software Engineer III,https://www.ycombinator.com/companies/apprentice-health/jobs/eLBfSSOl8-software-engineer-iii,Apprentice Health,6+ years,"Boston, MA / Remote (US)"
Software Engineer II,https://www.ycombinator.com/companies/apprentice-health/jobs/lDsl7UEhE-software-engineer-ii,Apprentice Health,3+ years,"Boston, MA / Remote"
Software Engineer I,https://www.ycombinator.com/companies/apprentice-health/jobs/DVbSPoNsd-software-engineer-i,Apprentice Health,Any (new grads ok),"Boston, MA / Remote"
Bioinformatics specialist,https://www.ycombinator.com/companies/data-driven-bioscience/jobs/ZmjukEWRX-bioinformatics-specialist,Data Driven Bioscience,Any (new grads ok),"Durham, North Carolina (Remote okay) / Remote"
Senior Software Engineer - Product/AI,https://www.ycombinator.com/companies/titan/jobs/MXlOA3T-senior-software-engineer-product-ai,Titan,$150K - $225K,New York 
Staff Engineer - Full Stack,https://www.ycombinator.com/companies/titan/jobs/qT9TfNt-staff-engineer-full-stack,Titan,$150K - $250K,New York 
Staff Engineer - Backend,https://www.ycombinator.com/companies/titan/jobs/o9pr5fU-staff-engineer-backend,Titan,$150K - $250K,New York 
VP of Engineering,https://www.ycombinator.com/companies/activeloop/jobs/EkoSMcC-vp-of-engineering,Activeloop,$200K - $300K,California
Head of Marketing and Growth,https://www.ycombinator.com/companies/activeloop/jobs/Ak5HCda-head-of-marketing-and-growth,Activeloop,$160K - $250K,Mountain View
Senior Python Backend Engineer,https://www.ycombinator.com/companies/activeloop/jobs/kCU6ZNq-senior-python-backend-engineer,Activeloop,$120K - $200K,"Mountain View / Remote (CA, US)"
Senior AI Search Engineer,https://www.ycombinator.com/companies/activeloop/jobs/RQYMSP1-senior-ai-search-engineer,Activeloop,$120K - $200K,"Mountain View, CA, US / Remote (CA, US)"
"Director, Product Management",https://www.ycombinator.com/companies/rescale/jobs/rdWI6cn-director-product-management,Rescale,,Remote (United States) / Remote (US)
Chief of Staff to CEO,https://www.ycombinator.com/companies/rescale/jobs/PccksaD-chief-of-staff-to-ceo,Rescale,$160K - $200K,Remote (United States) / Remote (US)
Revenue Operations & GTM Systems Specialist,https://www.ycombinator.com/companies/rescale/jobs/3O6f9XH-revenue-operations-gtm-systems-specialist,Rescale,$80K - $100K,Remote (United States) / Remote (US)
Director of Accounting,https://www.ycombinator.com/companies/rescale/jobs/xyFXq46-director-of-accounting,Rescale,,Remote (United States) / Remote (US)
"Director, Public Affairs",https://www.ycombinator.com/companies/rescale/jobs/nurQ4XU-director-public-affairs,Rescale,,"Washington, DC / Remote (US)"
Enterprise Account Executive (Remote),https://www.ycombinator.com/companies/rescale/jobs/2MMD0GN-enterprise-account-executive-remote,Rescale,$240K - $280K,Remote (United States) / Remote (US)
Customer Success Engineer (Japan),https://www.ycombinator.com/companies/rescale/jobs/B4PkXBz-customer-success-engineer-japan,Rescale,1+ years,Tokyo
Software Engineer - Payments ,https://www.ycombinator.com/companies/modern-treasury/jobs/rRQVArV-software-engineer-payments,Modern Treasury,$120K - $270K,"San Francisco, CA, US / New York, NY, US / Remote (US)"
Software Engineer - Full Stack ,https://www.ycombinator.com/companies/modern-treasury/jobs/1ssTKOj-software-engineer-full-stack,Modern Treasury,$110K - $270K,"San Francisco, CA, US / New York, NY, US / Remote (US)"
Software Engineer - Foundations ,https://www.ycombinator.com/companies/modern-treasury/jobs/aA3Svop-software-engineer-foundations,Modern Treasury,$120K - $240K,"San Francisco, CA, US / New York, NY, US / Remote (San Francisco, CA, US; New York, NY, US)"
Applied AI Engineer ,https://www.ycombinator.com/companies/klarity/jobs/V9Vz25n-applied-ai-engineer,Klarity,$170K - $260K,"San Francisco, CA, US"
AI Staff Software Engineer,https://www.ycombinator.com/companies/klarity/jobs/xfj9Wp9-ai-staff-software-engineer,Klarity,$201K - $280K,"San Francisco, CA, US"
"Head of Business Development, Global Banking Services",https://www.ycombinator.com/companies/owny/jobs/KAphfmN-head-of-business-development-global-banking-services,Owny,$3K - $5K,Remote
Senior Engineer / Engineering manager,https://www.ycombinator.com/companies/owny/jobs/7ods5AO-senior-engineer-engineering-manager,Owny,$80K - $140K,california / Remote (US)
Infrastructure Engineer Lead / Devops / Security,https://www.ycombinator.com/companies/owny/jobs/cxWmbYY-infrastructure-engineer-lead-devops-security,Owny,$75K - $180K,Remote (US)
Senior full-stack developer - JavaScript / AI,https://www.ycombinator.com/companies/owny/jobs/bZmUTPzLo-senior-full-stack-developer-javascript-ai,Owny,1.00%,Remote (US)
Senior Python Engineer: AI and Scientific Computing,https://www.ycombinator.com/companies/swayable/jobs/ZX6h2rH-senior-python-engineer-ai-and-scientific-computing,Swayable,$150K - $220K,"San Francisco, CA, US / New York, NY, US / Washington, DC, US / Remote (US)"
Brand/Agency Sales Lead (Account Executive),https://www.ycombinator.com/companies/swayable/jobs/U0DPTXd08-brand-agency-sales-lead-account-executive,Swayable,$120K - $140K,Optional / Remote (US)
Engineering Roles ,https://www.ycombinator.com/companies/helloverify/jobs/7a8euatHb-engineering-roles,Helloverify,$25K - $60K,"Noida, Uttar Pradesh"
Sr. Software Engineer (FE),https://www.ycombinator.com/companies/runa/jobs/ovzpbXC-sr-software-engineer-fe,Runa,6+ years,Mexico / Remote (US)
Sr. Full Stack Engineer,https://www.ycombinator.com/companies/runa/jobs/MFTNBgf-sr-full-stack-engineer,Runa,3+ years,Mexico / Remote (US)
Sr UX/UI Designer,https://www.ycombinator.com/companies/runa/jobs/4V6YdQm-sr-ux-ui-designer,Runa,3+ years,Mexico / Remote (US)
Engineering Manager,https://www.ycombinator.com/companies/runa/jobs/DL3pcjp4v-engineering-manager,Runa,6+ years,Mexico City / Remote
DevOps Engineer,https://www.ycombinator.com/companies/runa/jobs/0HcVXqy1I-devops-engineer,Runa,3+ years,Mexico City / Remote
Head of Accounting,https://www.ycombinator.com/companies/safetywing/jobs/6GzT29G-head-of-accounting,Safetywing,$90K - $144K,Remote (US)
Commercial Lawyer,https://www.ycombinator.com/companies/safetywing/jobs/jYuEDyc-commercial-lawyer,Safetywing,$90K - $144K,Remote (US)
Senior Android Engineer,https://www.ycombinator.com/companies/pelago/jobs/nk9SGbZ-senior-android-engineer,Pelago,6+ years,"London, England, GB"
Head of Standards & Enforcement (formerly Trust & Safety),https://www.ycombinator.com/companies/substack/jobs/Yy3h0zf-head-of-standards-enforcement-formerly-trust-safety,Substack,$145K - $195K,"San Francisco, CA, US / New York, NY, US"
Engineering Manager,https://www.ycombinator.com/companies/substack/jobs/iO16rhG-engineering-manager,Substack,$225K - $265K,"San Francisco, CA, US"
Product Manager,https://www.ycombinator.com/companies/substack/jobs/lNXjkg8-product-manager,Substack,$160K - $215K,"San Francisco, CA, US"
Systems & Reliability Engineer,https://www.ycombinator.com/companies/substack/jobs/PCKdCyE-systems-reliability-engineer,Substack,$170K - $230K,"Remote / San Francisco, CA, US / Remote (US)"
"Software Engineer, Machine Learning",https://www.ycombinator.com/companies/substack/jobs/mN5B8kQ-software-engineer-machine-learning,Substack,$185K - $240K,San Francisco
Android Engineer,https://www.ycombinator.com/companies/substack/jobs/4Ap26c6-android-engineer,Substack,$185K - $210K,"San Francisco, CA / New York, NY, US"
Growth Content Marketing Manager,https://www.ycombinator.com/companies/volley/jobs/OHpKiQD-growth-content-marketing-manager,Volley,,"San Francisco, CA "
Staff Game Designer,https://www.ycombinator.com/companies/volley/jobs/gzyMJ8U-staff-game-designer,Volley,,"San Francisco, CA "
Senior Product Designer ,https://www.ycombinator.com/companies/volley/jobs/whroNuf-senior-product-designer,Volley,,"San Francisco, CA "
"Senior Software Engineer, Platform ",https://www.ycombinator.com/companies/volley/jobs/sXT8qEa-senior-software-engineer-platform,Volley,,"San Francisco, CA "
"Staff Software Engineer, Platform",https://www.ycombinator.com/companies/volley/jobs/RcPe3N8-staff-software-engineer-platform,Volley,,"San Francisco, CA "
Principal Software Engineer ,https://www.ycombinator.com/companies/volley/jobs/l4YP8KX-principal-software-engineer,Volley,,"San Francisco, CA "
Machine Learning Engineer,https://www.ycombinator.com/companies/biorender/jobs/PPOrh1Q-machine-learning-engineer,Biorender,$200K - $300K,US / CA / Remote (US; CA)
Senior Graphic Designer (Multimedia Marketing),https://www.ycombinator.com/companies/biorender/jobs/Y9fCdhb-senior-graphic-designer-multimedia-marketing,Biorender,$90K - $120K,US / CA / Remote (US; CA)
"Senior Product Manager, Growth",https://www.ycombinator.com/companies/biorender/jobs/vf50YU4-senior-product-manager-growth,Biorender,$140K - $180K,US / CA / Remote (US; CA)
Staff Machine Learning Engineer/Applied Scientist - AI Figure Generation,https://www.ycombinator.com/companies/biorender/jobs/0JUJiit-staff-machine-learning-engineer-applied-scientist-ai-figure-generation,Biorender,$150K - $240K,US / CA / Remote (US; CA)
Senior/Staff Machine Learning Engineer (Search & Recs),https://www.ycombinator.com/companies/biorender/jobs/ZXzmBGQ-senior-staff-machine-learning-engineer-search-recs,Biorender,$160K - $256K,US / CA / Remote (US; CA)
Business Development Representative,https://www.ycombinator.com/companies/biorender/jobs/FCsmFor-business-development-representative,Biorender,$65K - $75K,"Toronto, ON, Canada / Remote (US)"
Senior Software Engineer,https://www.ycombinator.com/companies/vanta/jobs/6RZQ1cg-senior-software-engineer,Vanta,$163K - $223K,Remote US / Remote (US)
Senior Product Designer,https://www.ycombinator.com/companies/vanta/jobs/rXM5qLJ-senior-product-designer,Vanta,$150K - $170K,Remote US / Remote (US)
Enterprise Account Executive,https://www.ycombinator.com/companies/modern-health/jobs/CYIfiea-enterprise-account-executive,Modern Health,,California / Remote (US)
Cloud Site Reliability Engineer (SRE),https://www.ycombinator.com/companies/promise/jobs/MfE0GJD-cloud-site-reliability-engineer-sre,Promise,$149K - $195K,"Washington, D.C."
Senior Backend Software Engineer,https://www.ycombinator.com/companies/promise/jobs/9eCABcK-senior-backend-software-engineer,Promise,$165K - $215K,"Washington, D.C."
Senior Backend Software Engineer,https://www.ycombinator.com/companies/promise/jobs/vfvGXy8-senior-backend-software-engineer,Promise,$165K - $215K,"Washington, D.C. / Oakland, CA, US"
Senior Full-Stack Software Engineer,https://www.ycombinator.com/companies/promise/jobs/Kv6Cert-senior-full-stack-software-engineer,Promise,$165K - $215K,"Washington, D.C. / Oakland, CA, US"
Software Engineer,https://www.ycombinator.com/companies/promise/jobs/EZrYglB-software-engineer,Promise,$165K - $215K,Arlington
"Software Engineer, Data",https://www.ycombinator.com/companies/biobot-analytics/jobs/KcRmGXI-software-engineer-data,Biobot Analytics,3+ years,Remote
"Software Engineer, Data/Bioinformatics",https://www.ycombinator.com/companies/biobot-analytics/jobs/Y0dTC2E-software-engineer-data-bioinformatics,Biobot Analytics,3+ years,Remote (US)
Backend Engineer,https://www.ycombinator.com/companies/cointracker/jobs/YZGqD4T-backend-engineer,Cointracker,$145K - $175K,CA / US / Remote (CA; US)
Senior Software Engineer,https://www.ycombinator.com/companies/copilot/jobs/s5keYI3-senior-software-engineer,Copilot,$145K - $190K,New York
Customer Success Manager,https://www.ycombinator.com/companies/copilot/jobs/e6AFh1N-customer-success-manager,Copilot,$95K - $140K,New York
Growth & GTM Engineer,https://www.ycombinator.com/companies/copilot/jobs/YyWsoCX-growth-gtm-engineer,Copilot,$139K - $180K,New York
Founding Brand Designer,https://www.ycombinator.com/companies/copilot/jobs/4UVjohf-founding-brand-designer,Copilot,$90K - $130K,New York
Founding Product Marketer,https://www.ycombinator.com/companies/copilot/jobs/QXvkSgo-founding-product-marketer,Copilot,$103K - $165K,New York
Finance Manager,https://www.ycombinator.com/companies/beanstalk/jobs/EbuwFlR-finance-manager,Beanstalk,$90K - $130K,"Manassas, VA, US / Washington, DC, US / Remote (Washington, DC, US)"
LLM Engineer,https://www.ycombinator.com/companies/spellbrush/jobs/H2x1gmR-llm-engineer,Spellbrush,,San Francisco
AI Infrastructure Engineer,https://www.ycombinator.com/companies/spellbrush/jobs/ogbKySX-ai-infrastructure-engineer,Spellbrush,$75K - $200K,"Tokyo, JP / San Francisco, CA, US / Remote (Tokyo, JP; San Francisco, CA, US)"
AI Researcher (Anime),https://www.ycombinator.com/companies/spellbrush/jobs/qF8y6Bm-ai-researcher-anime,Spellbrush,$75K - $200K,"Chiyoda City, Tokyo, JP / San Francisco, CA, US / Remote"
Frontend Engineer (Anime Games),https://www.ycombinator.com/companies/spellbrush/jobs/6ttCv4A-frontend-engineer-anime-games,Spellbrush,$60 - $180,"San Francisco, CA / Chiyoda City, Tokyo, JP / Remote"
Anime Games - Unity Engineer,https://www.ycombinator.com/companies/spellbrush/jobs/SmU4cmU-anime-games-unity-engineer,Spellbrush,$60K - $180K,"San Francisco, CA / Tokyo, JP / Remote"
Senior Software Engineer,https://www.ycombinator.com/companies/proven-group/jobs/ToJB3iR-senior-software-engineer,Proven Group,3+ years,San Francisco  / Remote
Storyworth (YC W11) | Senior Growth Marketer | Flexible hours (~30 hours/week) | REMOTE | US/Canada,https://www.ycombinator.com/companies/storyworth/jobs/uCh0H1O-storyworth-yc-w11-senior-growth-marketer-flexible-hours-30-hours-week-remote-us-canada,Storyworth,$175K - $250K,US / CA / Remote (US; CA)
Storyworth (YC W11) | Full Stack Product Engineer | Flexible hours (~30 hours/week) | REMOTE | US/Canada ,https://www.ycombinator.com/companies/storyworth/jobs/bcALi8i-storyworth-yc-w11-full-stack-product-engineer-flexible-hours-30-hours-week-remote-us-canada,Storyworth,$175K - $250K,US / CA / Remote (US; CA)
Engineering Manager,https://www.ycombinator.com/companies/cashfree-payments/jobs/MyFrUIS6o-engineering-manager,Cashfree Payments,6+ years,Bengaluru / Remote (US)
Marketing Executive - US,https://www.ycombinator.com/companies/muzz/jobs/REMbH5C-marketing-executive-us,Muzz,$40K - $48K,Remote
"Software Engineer, Machine Learning",https://www.ycombinator.com/companies/sourceress/jobs/NVlrbNs-software-engineer-machine-learning,Sourceress,$140K - $350K,"Remote or San Francisco, CA / Remote (US)"
"Software Engineer, Infrastructure",https://www.ycombinator.com/companies/sourceress/jobs/MagNMre-software-engineer-infrastructure,Sourceress,$170K - $350K,"Remote or San Francisco, CA / Remote (US)"
Rev Genomics (S17) seeks plant biologist,https://www.ycombinator.com/companies/rev-genomics/jobs/klDv8Bo-rev-genomics-s17-seeks-plant-biologist,Rev Genomics,Any (new grads ok),"oakland, ca"
Game Developer,https://www.ycombinator.com/companies/mino-games/jobs/6Toj1IT1z-game-developer,Mino Games,3+ years,"Montreal, QC"
Mobile Engineer,https://www.ycombinator.com/companies/pop-meals/jobs/3LNazpi-mobile-engineer,Pop Meals,3+ years,"Petaling Jaya, Selangor, Malaysia"
Entrepreneur in Residence (Management),https://www.ycombinator.com/companies/pop-meals/jobs/OJpl3y5AR-entrepreneur-in-residence-management,Pop Meals,Any,Malaysia
AI/ML Engineer,https://www.ycombinator.com/companies/cairns-health/jobs/QCljJTD-ai-ml-engineer,Cairns Health,$170K - $175K,"Sunnyvale, CA, US"
Account Executive,https://www.ycombinator.com/companies/prelim/jobs/XzYkOgm-account-executive,Prelim,$205K - $235K,US / Remote (US)
Technical Project Manager,https://www.ycombinator.com/companies/prelim/jobs/5Wvt6GO-technical-project-manager,Prelim,$100K - $120K,US / Remote (US)
People & Talent Lead,https://www.ycombinator.com/companies/prelim/jobs/RzlfhQq-people-talent-lead,Prelim,$100K - $130K,US / Remote (US)
"Software Engineer, Product",https://www.ycombinator.com/companies/prelim/jobs/YWZZOyO-software-engineer-product,Prelim,$100K - $120K,US / Remote (US)
Software Engineer Intern,https://www.ycombinator.com/companies/safebutler/jobs/lAySXGXNP-software-engineer-intern,Safebutler,Any,Remote (US)
Staff Elixir Backend Engineer,https://www.ycombinator.com/companies/standard-ai/jobs/Gh0jN61-staff-elixir-backend-engineer,Standard Ai,$174K - $190K,Remote (US)
Recruiter,https://www.ycombinator.com/companies/upcodes/jobs/KsxaQMt-recruiter,Upcodes,$83K - $125K,South America
Backend Engineer,https://www.ycombinator.com/companies/upcodes/jobs/bhZ86qw-backend-engineer,Upcodes,$100K - $165K,Remote / Remote (US)
Sr. Software Engineer,https://www.ycombinator.com/companies/upcodes/jobs/tgYx5PN-sr-software-engineer,Upcodes,$140K - $185K,Remote / Remote (US)
Full Stack Engineer,https://www.ycombinator.com/companies/upcodes/jobs/Mpcq1iA-full-stack-engineer,Upcodes,$100K - $165K,Remote / Remote (US)
Product Designer for Top Social App Fam (Series A),https://www.ycombinator.com/companies/fam/jobs/CXGHGKh-product-designer-for-top-social-app-fam-series-a,Fam,3+ years,New York City
Backend Software Engineer for Top Social App Fam (Series A),https://www.ycombinator.com/companies/fam/jobs/AKCvBFzo1-backend-software-engineer-for-top-social-app-fam-series-a,Fam,3+ years,"New York, NY"
iOS Software Engineer for Top Social App Fam (Series A),https://www.ycombinator.com/companies/fam/jobs/rCLM9UT4P-ios-software-engineer-for-top-social-app-fam-series-a,Fam,3+ years,"New York, NY"
Senior Software Engineer for Top Social App Fam (Series A),https://www.ycombinator.com/companies/fam/jobs/Eiyn1PfIk-senior-software-engineer-for-top-social-app-fam-series-a,Fam,6+ years,New York City
Senior ML/AI/CV Software Engineer,https://www.ycombinator.com/companies/skyways/jobs/8eze2rSvj-senior-ml-ai-cv-software-engineer,Skyways,3+ years,"Austin, TX / Remote"
Senior Software Engineer,https://www.ycombinator.com/companies/skyways/jobs/YAwmo8Xu5-senior-software-engineer,Skyways,3+ years,"Austin, TX / Remote"
Infrastructure Engineer,https://www.ycombinator.com/companies/retool/jobs/M7ooB1W-infrastructure-engineer,Retool,6+ years,"San Francisco, CA"
Mobile Engineer,https://www.ycombinator.com/companies/retool/jobs/LSGXlkR-mobile-engineer,Retool,6+ years,San Francisco
Software Engineer,https://www.ycombinator.com/companies/retool/jobs/eNxzB1e-software-engineer,Retool,6+ years,San Francisco
Frontend Engineer,https://www.ycombinator.com/companies/retool/jobs/JLTZTYd-frontend-engineer,Retool,6+ years,San Francisco
Product Designer,https://www.ycombinator.com/companies/retool/jobs/vUG1OIa-product-designer,Retool,6+ years,San Francisco
Wifi Dabba - DevOps Engineer 4+ years,https://www.ycombinator.com/companies/wifi-dabba-inc/jobs/PKdcbfg-wifi-dabba-devops-engineer-4-years,Wifi Dabba Inc,₹1.5M - ₹2.5M INR,"Bengaluru, KA, IN"
Wifi Dabba - Blockchain Engineer  2+ Yrs ,https://www.ycombinator.com/companies/wifi-dabba-inc/jobs/rWLheng-wifi-dabba-blockchain-engineer-2-yrs,Wifi Dabba Inc,1+ years,"Bangalore, Karnataka, India / Remote"
Wifi Dabba - Software Engineer (Fullstack)  4+Yrs,https://www.ycombinator.com/companies/wifi-dabba-inc/jobs/smCKS2S-wifi-dabba-software-engineer-fullstack-4-yrs,Wifi Dabba Inc,3+ years,"Bangalore, Karnataka, India"
Entrepreneur In Residence,https://www.ycombinator.com/companies/nanonets/jobs/gb8N0nr-entrepreneur-in-residence,Nanonets,$140K - $200K,Palo Alto
VP of AI ,https://www.ycombinator.com/companies/nanonets/jobs/eL7RYfk-vp-of-ai,Nanonets,$240K - $300K,"Palo Alto, CA, US / Remote (Palo Alto, CA, US)"
Account Executive - Europe,https://www.ycombinator.com/companies/nanonets/jobs/spGMkHi-account-executive-europe,Nanonets,€85K - €100K EUR,"Remote (DK; NL; London, England, GB; GB; PL; BE; CH)"
Senior Deep Learning Engineer,https://www.ycombinator.com/companies/nanonets/jobs/3EI9GjU-senior-deep-learning-engineer,Nanonets,$150K - $400K,US / IN / Remote (US; IN)
Sales Engineer,https://www.ycombinator.com/companies/nanonets/jobs/aDgg5Z5-sales-engineer,Nanonets,$90K - $140K,"CA, US / Seattle, WA, US / Remote (CA, US; WA, US; TX, US)"
Account Executive - India,https://www.ycombinator.com/companies/nanonets/jobs/sn469HZ-account-executive-india,Nanonets,$36K - $60K,IN / Remote (IN)
Account Executive - US ,https://www.ycombinator.com/companies/nanonets/jobs/os05IOz-account-executive-us,Nanonets,$100K - $200K,"Bellevue, WA, US / Seattle, WA, US / Kirkland, WA, US"
Operations Engineer,https://www.ycombinator.com/companies/nomba/jobs/ejuWM5W-operations-engineer,Nomba,$15K - $24K,Lagos Nigeria
Senior Backend Engineer,https://www.ycombinator.com/companies/nomba/jobs/0UfhmfX-senior-backend-engineer,Nomba,$18K - $25K,Lagos Nigeria
Senior Frontend Engineer - Platform,https://www.ycombinator.com/companies/aon3d/jobs/ZKid4zT-senior-frontend-engineer-platform,Aon3D,$8K - $120K CAD,"Montreal, QC, CA"
General Application,https://www.ycombinator.com/companies/aon3d/jobs/lka1v24-general-application,Aon3D,,"Montreal, Quebec"
Product Owner - Global Health,https://www.ycombinator.com/companies/alemhealth/jobs/vnStW9j-product-owner-global-health,Alemhealth,$1K - $2K,Remote (US)
Customer Success Associate,https://www.ycombinator.com/companies/alemhealth/jobs/Fug1Krp-customer-success-associate,Alemhealth,$800 - $1.5K,SG / Remote (US)
Junior QA/Support Engineer,https://www.ycombinator.com/companies/alemhealth/jobs/gD65Qwc-junior-qa-support-engineer,Alemhealth,$1 - $10K,SG / Remote (US)
Full Stack Software Engineer (Python/ReactJS),https://www.ycombinator.com/companies/alemhealth/jobs/3NAvuw1Y8-full-stack-software-engineer-python-reactjs,Alemhealth,3+ years,Singapore / Remote (SG; ID; IN; MY; PH; BD; PK; TH; VN; TW; KR; JP; NP; LK)
Senior Front End Engineer,https://www.ycombinator.com/companies/alemhealth/jobs/thjmCE1Hd-senior-front-end-engineer,Alemhealth,3+ years,Remote
"Account Executive (Hybrid, San Francisco)",https://www.ycombinator.com/companies/collectly/jobs/dtUJbgQ-account-executive-hybrid-san-francisco,Collectly,$280K - $300K,"San Francisco, CA, US"
"Founding Enterprise Sales Development Representative (On-Site, San Francisco)",https://www.ycombinator.com/companies/collectly/jobs/zuIitd8-founding-enterprise-sales-development-representative-on-site-san-francisco,Collectly,$75K - $100K,"San Francisco, CA, US"
Engineering Manager,https://www.ycombinator.com/companies/collectly/jobs/VyavQyv-engineering-manager,Collectly,$190K - $230K,"San Francisco, CA, US / Santa Monica, CA, US"
Growth Specialist (San Francisco Bay Area Based),https://www.ycombinator.com/companies/collectly/jobs/syth2NP-growth-specialist-san-francisco-bay-area-based,Collectly,$100K - $150K,"San Francisco, CA, US"
Senior Software Engineer ,https://www.ycombinator.com/companies/collectly/jobs/fV2QrLd-senior-software-engineer,Collectly,$130K - $180K,US / Remote (US)
Implementation Manager,https://www.ycombinator.com/companies/collectly/jobs/clNw502-implementation-manager,Collectly,$90K - $110K,US / Remote (US)
Sales Development Representative,https://www.ycombinator.com/companies/veryfi-inc/jobs/agQxhvr-sales-development-representative,Veryfi Inc,$50K - $65K,"Lehi, UT, US / Remote (Lehi, UT, US)"
Sales Development Representative,https://www.ycombinator.com/companies/veryfi-inc/jobs/QJeAgwe-sales-development-representative,Veryfi Inc,$50K - $65K,"San Mateo, CA, US / Remote (US)"
"Strategic Account Executive, Customer Accounts",https://www.ycombinator.com/companies/veryfi-inc/jobs/0bqfe2s-strategic-account-executive-customer-accounts,Veryfi Inc,$100K - $120K,"San Mateo, CA, US / Remote (US)"
"Sales Director, Financial Services",https://www.ycombinator.com/companies/veryfi-inc/jobs/Mam81Lr-sales-director-financial-services,Veryfi Inc,$120K - $150K,"San Mateo, CA, US / Remote (San Francisco, CA, US; New York, NY, US)"
"Sales Director, Healthcare",https://www.ycombinator.com/companies/veryfi-inc/jobs/A6v5LtK-sales-director-healthcare,Veryfi Inc,$130K,"Nashville, TN, US / TN, US / Remote (Nashville, TN, US; TN, US)"
"Sales Director, Healthcare",https://www.ycombinator.com/companies/veryfi-inc/jobs/GaQyuVl-sales-director-healthcare,Veryfi Inc,$130K,Remote
"Sales Director, Insurance",https://www.ycombinator.com/companies/veryfi-inc/jobs/KVol3V1-sales-director-insurance,Veryfi Inc,$130K,Remote
Senior Software Engineering Team Lead,https://www.ycombinator.com/companies/veryfi-inc/jobs/3VkN03T-senior-software-engineering-team-lead,Veryfi Inc,$90K - $150K,"San Mateo, CA, US"
Data Annotation Engineer,https://www.ycombinator.com/companies/veryfi-inc/jobs/eqZrYQp-data-annotation-engineer,Veryfi Inc,$35K - $40K,"Medellín, Antioquia, CO / Remote (Medellín, Antioquia, CO)"
Technical Account Manager,https://www.ycombinator.com/companies/veryfi-inc/jobs/HKTzTP3-technical-account-manager,Veryfi Inc,$30K - $60K,Remote (US)
Data Acquisition Specialist (Colombia location),https://www.ycombinator.com/companies/veryfi-inc/jobs/GWxBueS-data-acquisition-specialist-colombia-location,Veryfi Inc,$24K - $36K,"Medellín, Antioquia, CO / Remote"
Data Scientist - Fraud Detection,https://www.ycombinator.com/companies/veryfi-inc/jobs/X4WL6zd-data-scientist-fraud-detection,Veryfi Inc,$160K - $210K,"San Mateo, CA, US"
Data Acquisition Specialist,https://www.ycombinator.com/companies/veryfi-inc/jobs/wAhU6QR-data-acquisition-specialist,Veryfi Inc,$20K - $60K,San Mateo California
Senior ML Engineer,https://www.ycombinator.com/companies/veryfi-inc/jobs/InoDYQx-senior-ml-engineer,Veryfi Inc,$100K - $160K,"San Mateo, California / Remote"
Data Scientist,https://www.ycombinator.com/companies/veryfi-inc/jobs/satRTZw-data-scientist,Veryfi Inc,$100K - $160K,"San Mateo, California / Remote"
Sr. Machine Learning Engineer,https://www.ycombinator.com/companies/veryfi-inc/jobs/v9rjkQ0-sr-machine-learning-engineer,Veryfi Inc,$100K - $160K,"San Mateo, California"
Senior Backend Engineer (Python),https://www.ycombinator.com/companies/veryfi-inc/jobs/To4rD05P6-senior-backend-engineer-python,Veryfi Inc,$100K - $140K,"San Mateo, California / Remote"
Senior Python Engineer,https://www.ycombinator.com/companies/veryfi-inc/jobs/XP6YKvqCe-senior-python-engineer,Veryfi Inc,$90K - $130K,"San Mateo, California / Remote"
Growth Product Manager,https://www.ycombinator.com/companies/extern/jobs/qlOYCUx-growth-product-manager,Extern,$130K - $170K,Remote (US)
Brand Marketer for a Rapidly Growing Consumer AI Healthcare Startup 🚀,https://www.ycombinator.com/companies/mdalgorithms-inc/jobs/AFeyRFa-brand-marketer-for-a-rapidly-growing-consumer-ai-healthcare-startup,Mdalgorithms Inc,$70K - $120K,United States / Remote (United States)
"Senior Fullstack Engineer, Growth",https://www.ycombinator.com/companies/speak/jobs/5LFLOqT-senior-fullstack-engineer-growth,Speak,$170K - $280K,San Francisco
Senior Backend Engineer,https://www.ycombinator.com/companies/speak/jobs/MYJZyAm-senior-backend-engineer,Speak,$170K - $280K,San Francisco
French-English Bilingual Script Supervisor,https://www.ycombinator.com/companies/speak/jobs/74Z0uxI-french-english-bilingual-script-supervisor,Speak,,Los Angeles
"Senior Fullstack Engineer, Growth",https://www.ycombinator.com/companies/speak/jobs/QT88lS4-senior-fullstack-engineer-growth,Speak,$140K - $250K,San Francisco
Head of Partnership Marketing - Korea,https://www.ycombinator.com/companies/speak/jobs/IuTdfoe-head-of-partnership-marketing-korea,Speak,6+ years,Seoul
"Applied ML Engineer, LLM",https://www.ycombinator.com/companies/speak/jobs/NzlW61L-applied-ml-engineer-llm,Speak,$140K - $250K,San Francisco
Staff Product Designer,https://www.ycombinator.com/companies/speak/jobs/ua9bmAa-staff-product-designer,Speak,$140K - $270K,San Francisco
"Applied ML Engineer, Speech",https://www.ycombinator.com/companies/speak/jobs/27XDGMp-applied-ml-engineer-speech,Speak,$140K - $240K,San Francisco
Senior Android Engineer,https://www.ycombinator.com/companies/speak/jobs/kwJXSsO-senior-android-engineer,Speak,$140K - $260K,San Francisco
AI Product Engineer,https://www.ycombinator.com/companies/speak/jobs/eRRWv50-ai-product-engineer,Speak,$140K - $250K,San Francisco
Japan Growth Marketing Manager,https://www.ycombinator.com/companies/speak/jobs/cmDq5Jg-japan-growth-marketing-manager,Speak,6+ years,"Tokyo, JP"
Account Executive to sell to Analytics teams,https://www.ycombinator.com/companies/projectpro/jobs/jSqxCg8-account-executive-to-sell-to-analytics-teams,Projectpro,₹1.2M - ₹1.7M INR,"Bengaluru, KA, IN"
Full stack Engineer,https://www.ycombinator.com/companies/informed-k12/jobs/6EJguc3-full-stack-engineer,Informed K12,$115 - $149,"Oakland, CA / Remote"
Digital Ads Specialist ,https://www.ycombinator.com/companies/yassir/jobs/kkD2e2T-digital-ads-specialist,Yassir,3+ years,Remote
Engineering Manager,https://www.ycombinator.com/companies/yassir/jobs/xZ7eHgJ-engineering-manager,Yassir,6+ years,US / Remote
Prompt Engineer / AI Product Owner,https://www.ycombinator.com/companies/legionfarm/jobs/E5fGAv2-prompt-engineer-ai-product-owner,Legionfarm,$60K - $100K,"San Francisco, CA, US / London, England, GB / Remote"
Sr. Fullstack Engineer,https://www.ycombinator.com/companies/classdojo/jobs/QTFojiD-sr-fullstack-engineer,Classdojo,$180K - $250K,"San Francisco, CA, US / Remote"
0→1 Product Leader,https://www.ycombinator.com/companies/classdojo/jobs/wWpcXVomB-0-1-product-leader,Classdojo,6+ years,San Francisco / Remote
Jr. Product Designer (UI focus),https://www.ycombinator.com/companies/tasker-ai/jobs/AiimcHh-jr-product-designer-ui-focus,Tasker Ai,$75K - $90K,"San Francisco, CA, US"
Strategic Finance Lead,https://www.ycombinator.com/companies/99minutos/jobs/jhG9Z0c-strategic-finance-lead,99Minutos,$30K - $42K,"Mexico City, CDMX, MX"
CTO,https://www.ycombinator.com/companies/borong/jobs/ppFEe5z-cto,Borong,$60K - $120K,"Kuala Lumpur, Federal Territory of Kuala Lumpur, MY"
Full-Stack Developer ,https://www.ycombinator.com/companies/borong/jobs/MzCEKdi-full-stack-developer,Borong,$24K - $40K,"Kuala Lumpur, Federal Territory of Kuala Lumpur, MY"
"Content Engineer [In Person, SF]",https://www.ycombinator.com/companies/recall-ai/jobs/srS8PcC-content-engineer-in-person-sf,Recall Ai,$170K - $185K,"San Francisco, CA, US"
"Revenue Operations Manager [In Person, SF]",https://www.ycombinator.com/companies/recall-ai/jobs/vnttvBE-revenue-operations-manager-in-person-sf,Recall Ai,$140K - $150K,"San Francisco, CA, US"
"Mid Market Account Executive [In Person, SF]",https://www.ycombinator.com/companies/recall-ai/jobs/13vyC7H-mid-market-account-executive-in-person-sf,Recall Ai,$225K - $250K,"San Francisco, CA, US"
"Product Marketing Manager [In Person, SF]",https://www.ycombinator.com/companies/recall-ai/jobs/j324DWZ-product-marketing-manager-in-person-sf,Recall Ai,$170K - $185K,"San Francisco, CA, US"
"Account Executive [In Person, SF]",https://www.ycombinator.com/companies/recall-ai/jobs/vKbq8H6-account-executive-in-person-sf,Recall Ai,$180K - $200K,"San Francisco, CA, US"
"Growth Marketer [In Person, SF]",https://www.ycombinator.com/companies/recall-ai/jobs/afeAsfU-growth-marketer-in-person-sf,Recall Ai,$170K - $185K,"San Francisco, CA, US"
Backend Engineer (Engineer #7),https://www.ycombinator.com/companies/recall-ai/jobs/B8CE5Xc-backend-engineer-engineer-7,Recall Ai,$235K,"San Francisco, CA, US / Remote"
Developer Experience Engineer,https://www.ycombinator.com/companies/recall-ai/jobs/wWqvjDn-developer-experience-engineer,Recall Ai,$150K - $180K,"San Francisco, CA, US"
Chief of Staff,https://www.ycombinator.com/companies/stable/jobs/ucA49Hd-chief-of-staff,Stable,$125K - $175K,"New York, NY, US"
People Operations Lead,https://www.ycombinator.com/companies/stable/jobs/nblUSND-people-operations-lead,Stable,$100K - $160K,"New York, NY, US"
Sales Development Representative,https://www.ycombinator.com/companies/stable/jobs/7CIaeV6-sales-development-representative,Stable,$45K,US / Remote (US)
Customer Success Lead,https://www.ycombinator.com/companies/stable/jobs/POsUBr0-customer-success-lead,Stable,$70K - $110K,US / CA / Remote (US; CA)
Account Executive ,https://www.ycombinator.com/companies/stable/jobs/uep8ryW-account-executive,Stable,$125K - $200K,US / Remote (US)
"Software Engineer, Full Stack",https://www.ycombinator.com/companies/stable/jobs/rAC4YKrm1-software-engineer-full-stack,Stable,$120K - $200K,"New York, NY, US / San Francisco, CA, US / Remote (US)"
Data Associate,https://www.ycombinator.com/companies/nomic-bio/jobs/xPOgeWa-data-associate,Nomic Bio,,Remote (United States) / Remote (US)
R&D Lab Associate,https://www.ycombinator.com/companies/nomic-bio/jobs/tvcDSbW-r-d-lab-associate,Nomic Bio,,Montreal
Software Engineer (Jr to Sr Levels),https://www.ycombinator.com/companies/nomic-bio/jobs/fQPrFFq-software-engineer-jr-to-sr-levels,Nomic Bio,,Remote (United States) / Remote (US)
Data Engineer,https://www.ycombinator.com/companies/nomic-bio/jobs/djdcWbI-data-engineer,Nomic Bio,,Remote (United States) / Remote (US)
CRO - Chief Risk Officer,https://www.ycombinator.com/companies/ramani/jobs/7cA4VN7-cro-chief-risk-officer,Ramani,$100K - $200K,"New York, NY, US / Remote (New York, NY, US)"
CFO,https://www.ycombinator.com/companies/ramani/jobs/7VhiJqa-cfo,Ramani,$100K - $200K,"New York, NY, US / Remote (New York, NY, US)"
Full Stack Sr,https://www.ycombinator.com/companies/be-go/jobs/ceQsKiheA-full-stack-sr,Be Go,$4K - $7K,Mexico City / Remote
